-- phpMyAdmin SQL Dump
-- version 5.0.2
-- https://www.phpmyadmin.net/
--
-- Host: 127.0.0.1
-- Tempo de geração: 27-Jan-2021 às 00:01
-- Versão do servidor: 8.0.22
-- versão do PHP: 7.4.10

SET SQL_MODE = "NO_AUTO_VALUE_ON_ZERO";
START TRANSACTION;
SET time_zone = "+00:00";


/*!40101 SET @OLD_CHARACTER_SET_CLIENT=@@CHARACTER_SET_CLIENT */;
/*!40101 SET @OLD_CHARACTER_SET_RESULTS=@@CHARACTER_SET_RESULTS */;
/*!40101 SET @OLD_COLLATION_CONNECTION=@@COLLATION_CONNECTION */;
/*!40101 SET NAMES utf8mb4 */;

--
-- Banco de dados: `sir_tp2`
--

-- --------------------------------------------------------

--
-- Estrutura da tabela `comment`
--

CREATE TABLE `comment` (
  `idComment` int NOT NULL,
  `comentText` varchar(1000) CHARACTER SET utf8 COLLATE utf8_general_ci NOT NULL,
  `idUser` int NOT NULL,
  `idReply` int DEFAULT NULL,
  `idShow` int NOT NULL,
  `date` varchar(15) NOT NULL,
  `hour` varchar(10) NOT NULL,
  `rating` decimal(2,1) NOT NULL DEFAULT '0.0'
) ENGINE=InnoDB DEFAULT CHARSET=utf8mb4 COLLATE=utf8mb4_0900_ai_ci;

-- --------------------------------------------------------

--
-- Estrutura da tabela `dates`
--

CREATE TABLE `dates` (
  `idDate` int NOT NULL,
  `date` varchar(15) NOT NULL,
  `showTime` varchar(15) NOT NULL
) ENGINE=InnoDB DEFAULT CHARSET=utf8mb4 COLLATE=utf8mb4_0900_ai_ci;

--
-- Extraindo dados da tabela `dates`
--

INSERT INTO `dates` (`idDate`, `date`, `showTime`) VALUES
(54, '2020-01-24', '12:30'),
(55, '2020-01-24', '14:15'),
(56, '2020-01-31', '15:00'),
(57, '2020-01-24', '18:00'),
(58, '2020-01-24', '19:30'),
(59, '2020-01-24', '22:30'),
(60, '2020-01-31', '17:00'),
(61, '2020-02-06', '16:00'),
(62, '2020-02-20', '18:00'),
(63, '2020-02-28', '18:00'),
(64, '2020-02-28', '18:30'),
(65, '2020-03-19', '18:30'),
(66, '2020-03-19', '22:50'),
(67, '2020-03-26', '18:30'),
(68, '2020-04-15', '18:30'),
(69, '2020-05-15', '18:30'),
(70, '2020-06-18', '15:00'),
(71, '2020-06-26', '20:00'),
(72, '2020-07-22', '20:00'),
(73, '2020-07-22', '22:00'),
(74, '2020-07-31', '20:00'),
(75, '2020-07-31', '22:00'),
(76, '2020-08-27', '20:00'),
(77, '2020-08-27', '22:00'),
(78, '2020-08-27', '16:00'),
(79, '2020-09-17', '16:00'),
(80, '2020-09-25', '19:00'),
(81, '2020-10-22', '19:00'),
(82, '2020-11-20', '19:00'),
(83, '2020-11-20', '16:00'),
(84, '2020-12-09', '16:00'),
(85, '2021-02-03', '18:00'),
(86, '2021-02-03', '21:00'),
(87, '2021-02-05', '18:00'),
(88, '2021-02-05', '21:00'),
(89, '2021-02-05', '15:30'),
(90, '2021-02-19', '18:00'),
(91, '2021-02-19', '21:00'),
(92, '2021-02-19', '15:30'),
(93, '2021-03-26', '15:30'),
(94, '2021-03-27', '18:30'),
(95, '2021-03-31', '18:30'),
(96, '2021-03-11', '20:30'),
(97, '2021-02-10', '21:30'),
(98, '2021-06-10', '16:00'),
(99, '2021-02-18', '20:00'),
(100, '2021-02-18', '21:00');

-- --------------------------------------------------------

--
-- Estrutura da tabela `location`
--

CREATE TABLE `location` (
  `idLocation` int NOT NULL,
  `building` varchar(75) NOT NULL,
  `idZipCode` varchar(10) NOT NULL
) ENGINE=InnoDB DEFAULT CHARSET=utf8mb4 COLLATE=utf8mb4_0900_ai_ci;

--
-- Extraindo dados da tabela `location`
--

INSERT INTO `location` (`idLocation`, `building`, `idZipCode`) VALUES
(1, 'Anfiteatro de Vila do Conde', '4400-843'),
(2, 'Parque João IV', '4400-843'),
(3, 'Cinemas Nos NorteShopping', '4000-014'),
(4, 'Estádio de Barcelos', '4740-647'),
(5, 'Museu de Braga', '4700-035'),
(6, 'Auditório Vianense', '4900-023');

-- --------------------------------------------------------

--
-- Estrutura da tabela `paymentmethod`
--

CREATE TABLE `paymentmethod` (
  `idPaymentMethod` int NOT NULL,
  `method` varchar(45) NOT NULL
) ENGINE=InnoDB DEFAULT CHARSET=utf8mb4 COLLATE=utf8mb4_0900_ai_ci;

--
-- Extraindo dados da tabela `paymentmethod`
--

INSERT INTO `paymentmethod` (`idPaymentMethod`, `method`) VALUES
(1, 'MB Way'),
(2, 'Visa');

-- --------------------------------------------------------

--
-- Estrutura da tabela `purchase`
--

CREATE TABLE `purchase` (
  `idPurchase` int NOT NULL,
  `purchaseDate` date DEFAULT NULL,
  `purchaseState` tinyint NOT NULL DEFAULT '1',
  `totalPayed` float NOT NULL,
  `idUser` int NOT NULL,
  `idPaymentMethod` int DEFAULT NULL
) ENGINE=InnoDB DEFAULT CHARSET=utf8mb4 COLLATE=utf8mb4_0900_ai_ci;

--
-- Extraindo dados da tabela `purchase`
--

INSERT INTO `purchase` (`idPurchase`, `purchaseDate`, `purchaseState`, `totalPayed`, `idUser`, `idPaymentMethod`) VALUES
(13, '2021-01-25', 0, 32, 2, 2),
(14, '2021-01-25', 0, 96, 2, 1),
(15, '2021-01-25', 0, 32, 2, 2),
(16, '2020-01-25', 0, 135, 2, 2),
(17, '2020-01-25', 0, 207.95, 2, 2),
(18, '2020-02-25', 0, 120, 2, 2),
(19, '2020-02-25', 0, 75, 2, 2),
(20, '2020-03-25', 0, 32, 2, 2),
(21, '2020-03-25', 0, 20, 2, 2),
(22, '2020-03-25', 0, 40, 2, 2),
(23, '2020-04-25', 0, 96, 2, 2),
(24, '2020-04-25', 0, 20, 2, 2),
(25, '2020-05-25', 0, 64, 2, 2),
(26, '2020-05-25', 0, 50, 2, 2),
(27, '2020-06-25', 0, 32, 2, 2),
(28, '2020-06-25', 0, 32, 2, 2),
(29, '2020-07-25', 0, 32, 2, 2),
(30, '2020-08-25', 0, 112, 2, 2),
(31, '2020-09-25', 0, 57, 2, 2),
(32, '2020-10-25', 0, 16, 2, 2),
(33, '2020-10-25', 0, 16, 2, 2),
(34, '2020-11-25', 0, 32, 2, 2),
(35, '2020-11-25', 0, 32, 2, 2),
(36, '2020-11-25', 0, 32, 2, 2),
(37, '2020-11-25', 0, 48, 2, 2),
(38, '2020-12-25', 0, 96, 2, 2),
(39, '2020-12-25', 0, 20, 2, 2),
(40, '2021-01-25', 0, 48, 2, 2),
(41, '2021-01-25', 0, 16, 2, 2),
(42, '2020-01-22', 0, 32, 2, 2),
(43, '2020-01-22', 0, 32, 2, 2),
(44, '2020-02-23', 0, 32, 2, 2),
(45, '2020-02-23', 0, 20, 2, 2),
(46, '2021-01-26', 0, 48, 2, 1);

-- --------------------------------------------------------

--
-- Estrutura da tabela `purchaseline`
--

CREATE TABLE `purchaseline` (
  `idShow` int NOT NULL,
  `idPurchase` int NOT NULL,
  `quantity` int NOT NULL,
  `subtotal` float NOT NULL,
  `idDate` int NOT NULL
) ENGINE=InnoDB DEFAULT CHARSET=utf8mb4 COLLATE=utf8mb4_0900_ai_ci;

--
-- Extraindo dados da tabela `purchaseline`
--

INSERT INTO `purchaseline` (`idShow`, `idPurchase`, `quantity`, `subtotal`, `idDate`) VALUES
(38, 16, 1, 55, 60),
(39, 16, 2, 40, 61),
(39, 45, 1, 20, 61),
(40, 16, 2, 40, 62),
(40, 18, 1, 20, 62),
(40, 21, 1, 20, 62),
(40, 24, 1, 20, 62),
(40, 39, 1, 20, 62),
(41, 19, 1, 25, 63),
(44, 17, 1, 40, 67),
(44, 22, 1, 40, 67),
(45, 19, 1, 50, 67),
(46, 18, 2, 100, 68),
(48, 17, 3, 151.95, 69),
(55, 31, 1, 25, 79),
(58, 26, 1, 25, 82),
(59, 26, 1, 25, 83),
(62, 23, 1, 16, 86),
(62, 27, 1, 16, 85),
(62, 31, 1, 16, 85),
(62, 35, 1, 16, 86),
(63, 13, 2, 32, 88),
(63, 23, 1, 16, 88),
(63, 27, 1, 16, 87),
(63, 35, 1, 16, 88),
(63, 38, 1, 16, 89),
(63, 40, 1, 16, 87),
(63, 41, 1, 16, 88),
(63, 42, 1, 16, 88),
(63, 43, 1, 16, 87),
(63, 46, 1, 16, 88),
(64, 14, 1, 16, 88),
(64, 17, 1, 16, 87),
(64, 20, 1, 16, 87),
(64, 23, 1, 16, 87),
(64, 36, 1, 16, 87),
(64, 38, 1, 16, 87),
(64, 43, 1, 16, 87),
(64, 44, 1, 16, 88),
(65, 14, 3, 48, 90),
(65, 20, 1, 16, 90),
(65, 23, 1, 16, 90),
(65, 25, 1, 16, 90),
(65, 34, 1, 16, 90),
(65, 36, 1, 16, 90),
(65, 38, 1, 16, 90),
(65, 44, 1, 16, 90),
(67, 14, 1, 16, 93),
(67, 29, 1, 16, 93),
(68, 29, 1, 16, 94),
(70, 30, 3, 48, 96),
(70, 37, 1, 16, 96),
(71, 30, 3, 48, 96),
(71, 32, 1, 16, 96),
(71, 33, 1, 16, 96),
(71, 37, 1, 16, 96),
(72, 30, 1, 16, 97),
(72, 37, 1, 16, 97),
(74, 15, 1, 16, 98),
(75, 15, 1, 16, 99),
(75, 28, 1, 16, 99),
(75, 31, 1, 16, 99),
(75, 46, 1, 16, 99),
(76, 28, 1, 16, 100);

-- --------------------------------------------------------

--
-- Estrutura da tabela `rating`
--

CREATE TABLE `rating` (
  `idRating` int NOT NULL,
  `rating` varchar(45) NOT NULL
) ENGINE=InnoDB DEFAULT CHARSET=utf8mb4 COLLATE=utf8mb4_0900_ai_ci;

--
-- Extraindo dados da tabela `rating`
--

INSERT INTO `rating` (`idRating`, `rating`) VALUES
(1, 'Mature'),
(2, 'M/14 anos'),
(3, 'M/06 anos'),
(4, 'Para todos'),
(5, 'M/16 anos');

-- --------------------------------------------------------

--
-- Estrutura da tabela `showdate`
--

CREATE TABLE `showdate` (
  `idShow` int NOT NULL,
  `idDate` int NOT NULL,
  `limitPurchaseDate` varchar(45) NOT NULL
) ENGINE=InnoDB DEFAULT CHARSET=utf8mb4 COLLATE=utf8mb4_0900_ai_ci;

--
-- Extraindo dados da tabela `showdate`
--

INSERT INTO `showdate` (`idShow`, `idDate`, `limitPurchaseDate`) VALUES
(37, 57, '2020-01-22'),
(37, 58, '2020-01-22'),
(37, 59, '2020-01-22'),
(38, 60, '2020-01-29'),
(39, 61, '2020-02-05'),
(40, 62, '2021-01-13'),
(41, 63, '2020-02-27'),
(41, 64, '2020-02-27'),
(42, 64, '2020-02-27'),
(43, 65, '2020-03-17'),
(43, 66, '2020-03-17'),
(44, 67, '2020-03-25'),
(45, 67, '2020-03-25'),
(46, 68, '2020-04-13'),
(47, 69, '2020-05-13'),
(48, 69, '2020-05-13'),
(49, 70, '2020-06-17'),
(50, 71, '2020-06-25'),
(51, 72, '2020-07-21'),
(51, 73, '2020-07-21'),
(52, 74, '2020-07-30'),
(52, 75, '2020-07-30'),
(53, 76, '2020-08-26'),
(53, 77, '2020-08-26'),
(54, 78, '2020-08-26'),
(55, 79, '2020-09-15'),
(56, 80, '2020-09-24'),
(57, 81, '2020-10-21'),
(58, 82, '2020-11-19'),
(59, 83, '2020-11-19'),
(60, 84, '2020-12-08'),
(61, 84, '2020-12-08'),
(62, 85, '2021-02-02'),
(62, 86, '2021-02-02'),
(63, 87, '2021-02-03'),
(63, 88, '2021-02-03'),
(63, 89, '2021-02-03'),
(64, 87, '2021-02-03'),
(64, 88, '2021-02-03'),
(64, 89, '2021-02-03'),
(65, 90, '2021-02-18'),
(65, 91, '2021-02-18'),
(65, 92, '2021-02-18'),
(66, 90, '2021-02-18'),
(66, 91, '2021-02-18'),
(66, 92, '2021-02-18'),
(67, 93, '2021-03-25'),
(68, 94, '2021-03-25'),
(69, 95, '2021-03-30'),
(70, 96, '2021-03-10'),
(71, 96, '2021-03-10'),
(72, 97, '2021-02-09'),
(73, 97, '2021-02-09'),
(74, 98, '2021-06-08'),
(75, 99, '2021-02-16'),
(76, 100, '2021-02-16');

-- --------------------------------------------------------

--
-- Estrutura da tabela `shows`
--

CREATE TABLE `shows` (
  `idShow` int NOT NULL,
  `showName` varchar(100) NOT NULL,
  `showDescription` varchar(3000) DEFAULT NULL,
  `price` float NOT NULL,
  `availableTickets` int NOT NULL,
  `idRating` int NOT NULL,
  `idShowType` int NOT NULL,
  `idLocation` int NOT NULL,
  `image` varchar(200) NOT NULL DEFAULT 'image',
  `isSpotlight` tinyint NOT NULL DEFAULT '0',
  `valueRating` decimal(2,1) DEFAULT NULL,
  `imageVert` varchar(200) NOT NULL DEFAULT 'imageVert'
) ENGINE=InnoDB DEFAULT CHARSET=utf8mb4 COLLATE=utf8mb4_0900_ai_ci;

--
-- Extraindo dados da tabela `shows`
--

INSERT INTO `shows` (`idShow`, `showName`, `showDescription`, `price`, `availableTickets`, `idRating`, `idShowType`, `idLocation`, `image`, `isSpotlight`, `valueRating`, `imageVert`) VALUES
(37, 'Toy Story 5', 'Lorem ipsum dolor sit amet, consectetur adipiscing elit, sed do eiusmod tempor incididunt ut labore et dolore magna aliqua. Ultrices in iaculis nunc sed augue lacus. Risus at ultrices mi tempus imperdiet nulla malesuada pellentesque. Purus faucibus ornare suspendisse sed nisi lacus sed viverra. Tellus rutrum tellus pellentesque eu tincidunt tortor aliquam nulla facilisi. Nunc sed velit dignissim sodales ut eu sem integer vitae. Nunc scelerisque viverra mauris in aliquam sem fringilla. Sed blandit libero volutpat sed cras ornare arcu. Quis blandit turpis cursus in hac habitasse platea dictumst. Dignissim suspendisse in est ante. Augue interdum velit euismod in pellentesque massa placerat. Tincidunt praesent semper feugiat nibh sed pulvinar proin gravida. Egestas integer eget aliquet nibh praesent tristique magna sit amet. Interdum varius sit amet mattis. Amet luctus venenatis lectus magna fringilla. Nulla porttitor massa id neque aliquam vestibulum morbi. Urna id volutpat lacus laoreet. Viverra tellus in hac habitasse platea dictumst vestibulum rhoncus est. Enim lobortis scelerisque fermentum dui faucibus. Pretium vulputate sapien nec sagittis aliquam malesuada bibendum.', 6.55, 200, 4, 1, 3, 'image1.png', 0, NULL, 'image1Vert.png'),
(38, 'Barcelona X Porto', 'Lorem ipsum dolor sit amet, consectetur adipiscing elit, sed do eiusmod tempor incididunt ut labore et dolore magna aliqua. Ultrices in iaculis nunc sed augue lacus. Risus at ultrices mi tempus imperdiet nulla malesuada pellentesque. Purus faucibus ornare suspendisse sed nisi lacus sed viverra. Tellus rutrum tellus pellentesque eu tincidunt tortor aliquam nulla facilisi. Nunc sed velit dignissim sodales ut eu sem integer vitae. Nunc scelerisque viverra mauris in aliquam sem fringilla. Sed blandit libero volutpat sed cras ornare arcu. Quis blandit turpis cursus in hac habitasse platea dictumst. Dignissim suspendisse in est ante. Augue interdum velit euismod in pellentesque massa placerat. Tincidunt praesent semper feugiat nibh sed pulvinar proin gravida. Egestas integer eget aliquet nibh praesent tristique magna sit amet. Interdum varius sit amet mattis. Amet luctus venenatis lectus magna fringilla. Nulla porttitor massa id neque aliquam vestibulum morbi. Urna id volutpat lacus laoreet. Viverra tellus in hac habitasse platea dictumst vestibulum rhoncus est. Enim lobortis scelerisque fermentum dui faucibus. Pretium vulputate sapien nec sagittis aliquam malesuada bibendum.', 55, 499, 4, 3, 4, 'sports.jpg', 0, NULL, 'sportsVert.jpg'),
(39, 'Xutos e Pontapés - O Concerto', 'Lorem ipsum dolor sit amet, consectetur adipiscing elit, sed do eiusmod tempor incididunt ut labore et dolore magna aliqua. Ultrices in iaculis nunc sed augue lacus. Risus at ultrices mi tempus imperdiet nulla malesuada pellentesque. Purus faucibus ornare suspendisse sed nisi lacus sed viverra. Tellus rutrum tellus pellentesque eu tincidunt tortor aliquam nulla facilisi. Nunc sed velit dignissim sodales ut eu sem integer vitae. Nunc scelerisque viverra mauris in aliquam sem fringilla. Sed blandit libero volutpat sed cras ornare arcu. Quis blandit turpis cursus in hac habitasse platea dictumst. Dignissim suspendisse in est ante. Augue interdum velit euismod in pellentesque massa placerat. Tincidunt praesent semper feugiat nibh sed pulvinar proin gravida. Egestas integer eget aliquet nibh praesent tristique magna sit amet. Interdum varius sit amet mattis. Amet luctus venenatis lectus magna fringilla. Nulla porttitor massa id neque aliquam vestibulum morbi. Urna id volutpat lacus laoreet. Viverra tellus in hac habitasse platea dictumst vestibulum rhoncus est. Enim lobortis scelerisque fermentum dui faucibus. Pretium vulputate sapien nec sagittis aliquam malesuada bibendum.', 20, 197, 2, 2, 6, 'concert.jpg', 0, NULL, 'concertVert.jpg'),
(40, 'E tudo o vento levou', 'Lorem ipsum dolor sit amet, consectetur adipiscing elit, sed do eiusmod tempor incididunt ut labore et dolore magna aliqua. Ultrices in iaculis nunc sed augue lacus. Risus at ultrices mi tempus imperdiet nulla malesuada pellentesque. Purus faucibus ornare suspendisse sed nisi lacus sed viverra. Tellus rutrum tellus pellentesque eu tincidunt tortor aliquam nulla facilisi. Nunc sed velit dignissim sodales ut eu sem integer vitae. Nunc scelerisque viverra mauris in aliquam sem fringilla. Sed blandit libero volutpat sed cras ornare arcu. Quis blandit turpis cursus in hac habitasse platea dictumst. Dignissim suspendisse in est ante. Augue interdum velit euismod in pellentesque massa placerat. Tincidunt praesent semper feugiat nibh sed pulvinar proin gravida. Egestas integer eget aliquet nibh praesent tristique magna sit amet. Interdum varius sit amet mattis. Amet luctus venenatis lectus magna fringilla. Nulla porttitor massa id neque aliquam vestibulum morbi. Urna id volutpat lacus laoreet. Viverra tellus in hac habitasse platea dictumst vestibulum rhoncus est. Enim lobortis scelerisque fermentum dui faucibus. Pretium vulputate sapien nec sagittis aliquam malesuada bibendum.', 20, 24, 4, 1, 1, 'cinema.jpg', 0, NULL, 'cinemaVert.jpg'),
(41, 'Exposição paleolítica', 'Lorem ipsum dolor sit amet, consectetur adipiscing elit, sed do eiusmod tempor incididunt ut labore et dolore magna aliqua. Ultrices in iaculis nunc sed augue lacus. Risus at ultrices mi tempus imperdiet nulla malesuada pellentesque. Purus faucibus ornare suspendisse sed nisi lacus sed viverra. Tellus rutrum tellus pellentesque eu tincidunt tortor aliquam nulla facilisi. Nunc sed velit dignissim sodales ut eu sem integer vitae. Nunc scelerisque viverra mauris in aliquam sem fringilla. Sed blandit libero volutpat sed cras ornare arcu. Quis blandit turpis cursus in hac habitasse platea dictumst. Dignissim suspendisse in est ante. Augue interdum velit euismod in pellentesque massa placerat. Tincidunt praesent semper feugiat nibh sed pulvinar proin gravida. Egestas integer eget aliquet nibh praesent tristique magna sit amet. Interdum varius sit amet mattis. Amet luctus venenatis lectus magna fringilla. Nulla porttitor massa id neque aliquam vestibulum morbi. Urna id volutpat lacus laoreet. Viverra tellus in hac habitasse platea dictumst vestibulum rhoncus est. Enim lobortis scelerisque fermentum dui faucibus. Pretium vulputate sapien nec sagittis aliquam malesuada bibendum.', 25, 299, 5, 1, 2, 'cinema.jpg', 0, NULL, 'cinemaVert.jpg'),
(42, 'Evanescence - Concerto Acoustíco', 'Lorem ipsum dolor sit amet, consectetur adipiscing elit, sed do eiusmod tempor incididunt ut labore et dolore magna aliqua. Ultrices in iaculis nunc sed augue lacus. Risus at ultrices mi tempus imperdiet nulla malesuada pellentesque. Purus faucibus ornare suspendisse sed nisi lacus sed viverra. Tellus rutrum tellus pellentesque eu tincidunt tortor aliquam nulla facilisi. Nunc sed velit dignissim sodales ut eu sem integer vitae. Nunc scelerisque viverra mauris in aliquam sem fringilla. Sed blandit libero volutpat sed cras ornare arcu. Quis blandit turpis cursus in hac habitasse platea dictumst. Dignissim suspendisse in est ante. Augue interdum velit euismod in pellentesque massa placerat. Tincidunt praesent semper feugiat nibh sed pulvinar proin gravida. Egestas integer eget aliquet nibh praesent tristique magna sit amet. Interdum varius sit amet mattis. Amet luctus venenatis lectus magna fringilla. Nulla porttitor massa id neque aliquam vestibulum morbi. Urna id volutpat lacus laoreet. Viverra tellus in hac habitasse platea dictumst vestibulum rhoncus est. Enim lobortis scelerisque fermentum dui faucibus. Pretium vulputate sapien nec sagittis aliquam malesuada bibendum.', 40, 300, 4, 2, 1, 'cinema.jpg', 0, NULL, 'cinemaVert.jpg'),
(43, 'Evanescence - Concerto Acoustíco', 'Lorem ipsum dolor sit amet, consectetur adipiscing elit, sed do eiusmod tempor incididunt ut labore et dolore magna aliqua. Ultrices in iaculis nunc sed augue lacus. Risus at ultrices mi tempus imperdiet nulla malesuada pellentesque. Purus faucibus ornare suspendisse sed nisi lacus sed viverra. Tellus rutrum tellus pellentesque eu tincidunt tortor aliquam nulla facilisi. Nunc sed velit dignissim sodales ut eu sem integer vitae. Nunc scelerisque viverra mauris in aliquam sem fringilla. Sed blandit libero volutpat sed cras ornare arcu. Quis blandit turpis cursus in hac habitasse platea dictumst. Dignissim suspendisse in est ante. Augue interdum velit euismod in pellentesque massa placerat. Tincidunt praesent semper feugiat nibh sed pulvinar proin gravida. Egestas integer eget aliquet nibh praesent tristique magna sit amet. Interdum varius sit amet mattis. Amet luctus venenatis lectus magna fringilla. Nulla porttitor massa id neque aliquam vestibulum morbi. Urna id volutpat lacus laoreet. Viverra tellus in hac habitasse platea dictumst vestibulum rhoncus est. Enim lobortis scelerisque fermentum dui faucibus. Pretium vulputate sapien nec sagittis aliquam malesuada bibendum.', 40, 300, 4, 2, 1, 'concert.jpg', 0, NULL, 'concertVert.jpg'),
(44, 'Obras de arte de Portugal', 'Lorem ipsum dolor sit amet, consectetur adipiscing elit, sed do eiusmod tempor incididunt ut labore et dolore magna aliqua. Ultrices in iaculis nunc sed augue lacus. Risus at ultrices mi tempus imperdiet nulla malesuada pellentesque. Purus faucibus ornare suspendisse sed nisi lacus sed viverra. Tellus rutrum tellus pellentesque eu tincidunt tortor aliquam nulla facilisi. Nunc sed velit dignissim sodales ut eu sem integer vitae. Nunc scelerisque viverra mauris in aliquam sem fringilla. Sed blandit libero volutpat sed cras ornare arcu. Quis blandit turpis cursus in hac habitasse platea dictumst. Dignissim suspendisse in est ante. Augue interdum velit euismod in pellentesque massa placerat. Tincidunt praesent semper feugiat nibh sed pulvinar proin gravida. Egestas integer eget aliquet nibh praesent tristique magna sit amet. Interdum varius sit amet mattis. Amet luctus venenatis lectus magna fringilla. Nulla porttitor massa id neque aliquam vestibulum morbi. Urna id volutpat lacus laoreet. Viverra tellus in hac habitasse platea dictumst vestibulum rhoncus est. Enim lobortis scelerisque fermentum dui faucibus. Pretium vulputate sapien nec sagittis aliquam malesuada bibendum.', 40, 298, 3, 1, 2, 'concert.jpg', 0, NULL, 'concertVert.jpg'),
(45, 'Open tournament - Ténis', 'Lorem ipsum dolor sit amet, consectetur adipiscing elit, sed do eiusmod tempor incididunt ut labore et dolore magna aliqua. Ultrices in iaculis nunc sed augue lacus. Risus at ultrices mi tempus imperdiet nulla malesuada pellentesque. Purus faucibus ornare suspendisse sed nisi lacus sed viverra. Tellus rutrum tellus pellentesque eu tincidunt tortor aliquam nulla facilisi. Nunc sed velit dignissim sodales ut eu sem integer vitae. Nunc scelerisque viverra mauris in aliquam sem fringilla. Sed blandit libero volutpat sed cras ornare arcu. Quis blandit turpis cursus in hac habitasse platea dictumst. Dignissim suspendisse in est ante. Augue interdum velit euismod in pellentesque massa placerat. Tincidunt praesent semper feugiat nibh sed pulvinar proin gravida. Egestas integer eget aliquet nibh praesent tristique magna sit amet. Interdum varius sit amet mattis. Amet luctus venenatis lectus magna fringilla. Nulla porttitor massa id neque aliquam vestibulum morbi. Urna id volutpat lacus laoreet. Viverra tellus in hac habitasse platea dictumst vestibulum rhoncus est. Enim lobortis scelerisque fermentum dui faucibus. Pretium vulputate sapien nec sagittis aliquam malesuada bibendum.', 50, 299, 2, 3, 2, 'sports.jpg', 0, NULL, 'sportsVert.jpg'),
(46, 'Open tournament - Ténis', 'Lorem ipsum dolor sit amet, consectetur adipiscing elit, sed do eiusmod tempor incididunt ut labore et dolore magna aliqua. Ultrices in iaculis nunc sed augue lacus. Risus at ultrices mi tempus imperdiet nulla malesuada pellentesque. Purus faucibus ornare suspendisse sed nisi lacus sed viverra. Tellus rutrum tellus pellentesque eu tincidunt tortor aliquam nulla facilisi. Nunc sed velit dignissim sodales ut eu sem integer vitae. Nunc scelerisque viverra mauris in aliquam sem fringilla. Sed blandit libero volutpat sed cras ornare arcu. Quis blandit turpis cursus in hac habitasse platea dictumst. Dignissim suspendisse in est ante. Augue interdum velit euismod in pellentesque massa placerat. Tincidunt praesent semper feugiat nibh sed pulvinar proin gravida. Egestas integer eget aliquet nibh praesent tristique magna sit amet. Interdum varius sit amet mattis. Amet luctus venenatis lectus magna fringilla. Nulla porttitor massa id neque aliquam vestibulum morbi. Urna id volutpat lacus laoreet. Viverra tellus in hac habitasse platea dictumst vestibulum rhoncus est. Enim lobortis scelerisque fermentum dui faucibus. Pretium vulputate sapien nec sagittis aliquam malesuada bibendum.', 50, 298, 2, 3, 2, 'sports.jpg', 0, NULL, 'sportsVert.jpg'),
(47, 'Porto X Benfica', 'Lorem ipsum dolor sit amet, consectetur adipiscing elit, sed do eiusmod tempor incididunt ut labore et dolore magna aliqua. Mi quis hendrerit dolor magna eget. Tellus at urna condimentum mattis pellentesque id nibh tortor. Leo urna molestie at elementum eu. Nulla facilisi etiam dignissim diam quis enim. Etiam erat velit scelerisque in dictum non consectetur. In dictum non consectetur a erat nam at lectus. Tincidunt arcu non sodales neque sodales ut etiam sit amet. Ipsum suspendisse ultrices gravida dictum fusce ut placerat. Massa sed elementum tempus egestas. Suspendisse ultrices gravida dictum fusce ut placerat. Elit at imperdiet dui accumsan. Risus commodo viverra maecenas accumsan lacus vel facilisis volutpat est. Malesuada bibendum arcu vitae elementum curabitur vitae nunc. Egestas maecenas pharetra convallis posuere morbi. Fames ac turpis egestas maecenas pharetra convallis posuere morbi. Accumsan in nisl nisi scelerisque. Amet consectetur adipiscing elit duis tristique sollicitudin nibh sit. Diam phasellus vestibulum lorem sed risus ultricies tristique. Quam nulla porttitor massa id neque aliquam vestibulum morbi blandit.', 50.65, 700, 4, 3, 4, 'sports.jpg', 0, NULL, 'sportsVert.jpg'),
(48, 'Sporting X Braga', 'Lorem ipsum dolor sit amet, consectetur adipiscing elit, sed do eiusmod tempor incididunt ut labore et dolore magna aliqua. Mi quis hendrerit dolor magna eget. Tellus at urna condimentum mattis pellentesque id nibh tortor. Leo urna molestie at elementum eu. Nulla facilisi etiam dignissim diam quis enim. Etiam erat velit scelerisque in dictum non consectetur. In dictum non consectetur a erat nam at lectus. Tincidunt arcu non sodales neque sodales ut etiam sit amet. Ipsum suspendisse ultrices gravida dictum fusce ut placerat. Massa sed elementum tempus egestas. Suspendisse ultrices gravida dictum fusce ut placerat. Elit at imperdiet dui accumsan. Risus commodo viverra maecenas accumsan lacus vel facilisis volutpat est. Malesuada bibendum arcu vitae elementum curabitur vitae nunc. Egestas maecenas pharetra convallis posuere morbi. Fames ac turpis egestas maecenas pharetra convallis posuere morbi. Accumsan in nisl nisi scelerisque. Amet consectetur adipiscing elit duis tristique sollicitudin nibh sit. Diam phasellus vestibulum lorem sed risus ultricies tristique. Quam nulla porttitor massa id neque aliquam vestibulum morbi blandit.', 50.65, 697, 4, 3, 4, 'sports.jpg', 0, NULL, 'sportsVert.jpg'),
(49, 'Porto X Benfica', 'Lorem ipsum dolor sit amet, consectetur adipiscing elit, sed do eiusmod tempor incididunt ut labore et dolore magna aliqua. Mi quis hendrerit dolor magna eget. Tellus at urna condimentum mattis pellentesque id nibh tortor. Leo urna molestie at elementum eu. Nulla facilisi etiam dignissim diam quis enim. Etiam erat velit scelerisque in dictum non consectetur. In dictum non consectetur a erat nam at lectus. Tincidunt arcu non sodales neque sodales ut etiam sit amet. Ipsum suspendisse ultrices gravida dictum fusce ut placerat. Massa sed elementum tempus egestas. Suspendisse ultrices gravida dictum fusce ut placerat. Elit at imperdiet dui accumsan. Risus commodo viverra maecenas accumsan lacus vel facilisis volutpat est. Malesuada bibendum arcu vitae elementum curabitur vitae nunc. Egestas maecenas pharetra convallis posuere morbi. Fames ac turpis egestas maecenas pharetra convallis posuere morbi. Accumsan in nisl nisi scelerisque. Amet consectetur adipiscing elit duis tristique sollicitudin nibh sit. Diam phasellus vestibulum lorem sed risus ultricies tristique. Quam nulla porttitor massa id neque aliquam vestibulum morbi blandit.', 25, 360, 2, 3, 4, 'sports.jpg', 0, NULL, 'sportsVert.jpg'),
(50, 'Porto X Benfica', 'Lorem ipsum dolor sit amet, consectetur adipiscing elit, sed do eiusmod tempor incididunt ut labore et dolore magna aliqua. Mi quis hendrerit dolor magna eget. Tellus at urna condimentum mattis pellentesque id nibh tortor. Leo urna molestie at elementum eu. Nulla facilisi etiam dignissim diam quis enim. Etiam erat velit scelerisque in dictum non consectetur. In dictum non consectetur a erat nam at lectus. Tincidunt arcu non sodales neque sodales ut etiam sit amet. Ipsum suspendisse ultrices gravida dictum fusce ut placerat. Massa sed elementum tempus egestas. Suspendisse ultrices gravida dictum fusce ut placerat. Elit at imperdiet dui accumsan. Risus commodo viverra maecenas accumsan lacus vel facilisis volutpat est. Malesuada bibendum arcu vitae elementum curabitur vitae nunc. Egestas maecenas pharetra convallis posuere morbi. Fames ac turpis egestas maecenas pharetra convallis posuere morbi. Accumsan in nisl nisi scelerisque. Amet consectetur adipiscing elit duis tristique sollicitudin nibh sit. Diam phasellus vestibulum lorem sed risus ultricies tristique. Quam nulla porttitor massa id neque aliquam vestibulum morbi blandit.', 25, 360, 2, 3, 4, 'sports.jpg', 0, NULL, 'sportsVert.jpg'),
(51, 'Spider-Man: Returning Home', 'Lorem ipsum dolor sit amet, consectetur adipiscing elit, sed do eiusmod tempor incididunt ut labore et dolore magna aliqua. Mi quis hendrerit dolor magna eget. Tellus at urna condimentum mattis pellentesque id nibh tortor. Leo urna molestie at elementum eu. Nulla facilisi etiam dignissim diam quis enim. Etiam erat velit scelerisque in dictum non consectetur. In dictum non consectetur a erat nam at lectus. Tincidunt arcu non sodales neque sodales ut etiam sit amet. Ipsum suspendisse ultrices gravida dictum fusce ut placerat. Massa sed elementum tempus egestas. Suspendisse ultrices gravida dictum fusce ut placerat. Elit at imperdiet dui accumsan. Risus commodo viverra maecenas accumsan lacus vel facilisis volutpat est. Malesuada bibendum arcu vitae elementum curabitur vitae nunc. Egestas maecenas pharetra convallis posuere morbi. Fames ac turpis egestas maecenas pharetra convallis posuere morbi. Accumsan in nisl nisi scelerisque. Amet consectetur adipiscing elit duis tristique sollicitudin nibh sit. Diam phasellus vestibulum lorem sed risus ultricies tristique. Quam nulla porttitor massa id neque aliquam vestibulum morbi blandit.', 25, 360, 5, 1, 3, 'cinema.jpg', 0, NULL, 'cinemaVert.jpg'),
(52, 'Spider-Man: Returning Home', 'Lorem ipsum dolor sit amet, consectetur adipiscing elit, sed do eiusmod tempor incididunt ut labore et dolore magna aliqua. Mi quis hendrerit dolor magna eget. Tellus at urna condimentum mattis pellentesque id nibh tortor. Leo urna molestie at elementum eu. Nulla facilisi etiam dignissim diam quis enim. Etiam erat velit scelerisque in dictum non consectetur. In dictum non consectetur a erat nam at lectus. Tincidunt arcu non sodales neque sodales ut etiam sit amet. Ipsum suspendisse ultrices gravida dictum fusce ut placerat. Massa sed elementum tempus egestas. Suspendisse ultrices gravida dictum fusce ut placerat. Elit at imperdiet dui accumsan. Risus commodo viverra maecenas accumsan lacus vel facilisis volutpat est. Malesuada bibendum arcu vitae elementum curabitur vitae nunc. Egestas maecenas pharetra convallis posuere morbi. Fames ac turpis egestas maecenas pharetra convallis posuere morbi. Accumsan in nisl nisi scelerisque. Amet consectetur adipiscing elit duis tristique sollicitudin nibh sit. Diam phasellus vestibulum lorem sed risus ultricies tristique. Quam nulla porttitor massa id neque aliquam vestibulum morbi blandit.', 25, 360, 5, 1, 3, 'cinema.jpg', 0, NULL, 'cinemaVert.jpg'),
(53, 'Spider-Man: Returning Home', 'Lorem ipsum dolor sit amet, consectetur adipiscing elit, sed do eiusmod tempor incididunt ut labore et dolore magna aliqua. Mi quis hendrerit dolor magna eget. Tellus at urna condimentum mattis pellentesque id nibh tortor. Leo urna molestie at elementum eu. Nulla facilisi etiam dignissim diam quis enim. Etiam erat velit scelerisque in dictum non consectetur. In dictum non consectetur a erat nam at lectus. Tincidunt arcu non sodales neque sodales ut etiam sit amet. Ipsum suspendisse ultrices gravida dictum fusce ut placerat. Massa sed elementum tempus egestas. Suspendisse ultrices gravida dictum fusce ut placerat. Elit at imperdiet dui accumsan. Risus commodo viverra maecenas accumsan lacus vel facilisis volutpat est. Malesuada bibendum arcu vitae elementum curabitur vitae nunc. Egestas maecenas pharetra convallis posuere morbi. Fames ac turpis egestas maecenas pharetra convallis posuere morbi. Accumsan in nisl nisi scelerisque. Amet consectetur adipiscing elit duis tristique sollicitudin nibh sit. Diam phasellus vestibulum lorem sed risus ultricies tristique. Quam nulla porttitor massa id neque aliquam vestibulum morbi blandit.', 25, 360, 5, 1, 3, 'cinema.jpg', 0, NULL, 'cinemaVert.jpg'),
(54, 'Doja Cat - Hot Pink Tour', 'Lorem ipsum dolor sit amet, consectetur adipiscing elit, sed do eiusmod tempor incididunt ut labore et dolore magna aliqua. Mi quis hendrerit dolor magna eget. Tellus at urna condimentum mattis pellentesque id nibh tortor. Leo urna molestie at elementum eu. Nulla facilisi etiam dignissim diam quis enim. Etiam erat velit scelerisque in dictum non consectetur. In dictum non consectetur a erat nam at lectus. Tincidunt arcu non sodales neque sodales ut etiam sit amet. Ipsum suspendisse ultrices gravida dictum fusce ut placerat. Massa sed elementum tempus egestas. Suspendisse ultrices gravida dictum fusce ut placerat. Elit at imperdiet dui accumsan. Risus commodo viverra maecenas accumsan lacus vel facilisis volutpat est. Malesuada bibendum arcu vitae elementum curabitur vitae nunc. Egestas maecenas pharetra convallis posuere morbi. Fames ac turpis egestas maecenas pharetra convallis posuere morbi. Accumsan in nisl nisi scelerisque. Amet consectetur adipiscing elit duis tristique sollicitudin nibh sit. Diam phasellus vestibulum lorem sed risus ultricies tristique. Quam nulla porttitor massa id neque aliquam vestibulum morbi blandit.', 25, 360, 1, 2, 6, 'concert.jpg', 0, NULL, 'concertVert.jpg'),
(55, 'Doja Cat - Hot Pink Tour', 'Lorem ipsum dolor sit amet, consectetur adipiscing elit, sed do eiusmod tempor incididunt ut labore et dolore magna aliqua. Mi quis hendrerit dolor magna eget. Tellus at urna condimentum mattis pellentesque id nibh tortor. Leo urna molestie at elementum eu. Nulla facilisi etiam dignissim diam quis enim. Etiam erat velit scelerisque in dictum non consectetur. In dictum non consectetur a erat nam at lectus. Tincidunt arcu non sodales neque sodales ut etiam sit amet. Ipsum suspendisse ultrices gravida dictum fusce ut placerat. Massa sed elementum tempus egestas. Suspendisse ultrices gravida dictum fusce ut placerat. Elit at imperdiet dui accumsan. Risus commodo viverra maecenas accumsan lacus vel facilisis volutpat est. Malesuada bibendum arcu vitae elementum curabitur vitae nunc. Egestas maecenas pharetra convallis posuere morbi. Fames ac turpis egestas maecenas pharetra convallis posuere morbi. Accumsan in nisl nisi scelerisque. Amet consectetur adipiscing elit duis tristique sollicitudin nibh sit. Diam phasellus vestibulum lorem sed risus ultricies tristique. Quam nulla porttitor massa id neque aliquam vestibulum morbi blandit.', 25, 359, 1, 2, 6, 'concert.jpg', 0, NULL, 'concertVert.jpg'),
(56, 'Coldplay - The Cold Tour', 'Lorem ipsum dolor sit amet, consectetur adipiscing elit, sed do eiusmod tempor incididunt ut labore et dolore magna aliqua. Mi quis hendrerit dolor magna eget. Tellus at urna condimentum mattis pellentesque id nibh tortor. Leo urna molestie at elementum eu. Nulla facilisi etiam dignissim diam quis enim. Etiam erat velit scelerisque in dictum non consectetur. In dictum non consectetur a erat nam at lectus. Tincidunt arcu non sodales neque sodales ut etiam sit amet. Ipsum suspendisse ultrices gravida dictum fusce ut placerat. Massa sed elementum tempus egestas. Suspendisse ultrices gravida dictum fusce ut placerat. Elit at imperdiet dui accumsan. Risus commodo viverra maecenas accumsan lacus vel facilisis volutpat est. Malesuada bibendum arcu vitae elementum curabitur vitae nunc. Egestas maecenas pharetra convallis posuere morbi. Fames ac turpis egestas maecenas pharetra convallis posuere morbi. Accumsan in nisl nisi scelerisque. Amet consectetur adipiscing elit duis tristique sollicitudin nibh sit. Diam phasellus vestibulum lorem sed risus ultricies tristique. Quam nulla porttitor massa id neque aliquam vestibulum morbi blandit.', 25, 360, 1, 2, 6, 'concert.jpg', 0, NULL, 'concertVert.jpg'),
(57, 'Exposição Pré-Histórica', 'Lorem ipsum dolor sit amet, consectetur adipiscing elit, sed do eiusmod tempor incididunt ut labore et dolore magna aliqua. Mi quis hendrerit dolor magna eget. Tellus at urna condimentum mattis pellentesque id nibh tortor. Leo urna molestie at elementum eu. Nulla facilisi etiam dignissim diam quis enim. Etiam erat velit scelerisque in dictum non consectetur. In dictum non consectetur a erat nam at lectus. Tincidunt arcu non sodales neque sodales ut etiam sit amet. Ipsum suspendisse ultrices gravida dictum fusce ut placerat. Massa sed elementum tempus egestas. Suspendisse ultrices gravida dictum fusce ut placerat. Elit at imperdiet dui accumsan. Risus commodo viverra maecenas accumsan lacus vel facilisis volutpat est. Malesuada bibendum arcu vitae elementum curabitur vitae nunc. Egestas maecenas pharetra convallis posuere morbi. Fames ac turpis egestas maecenas pharetra convallis posuere morbi. Accumsan in nisl nisi scelerisque. Amet consectetur adipiscing elit duis tristique sollicitudin nibh sit. Diam phasellus vestibulum lorem sed risus ultricies tristique. Quam nulla porttitor massa id neque aliquam vestibulum morbi blandit.', 25, 360, 4, 1, 5, 'cinema.jpg', 0, NULL, 'cinemaVert.jpg'),
(58, 'Rio-Ave X Benfica', 'Lorem ipsum dolor sit amet, consectetur adipiscing elit, sed do eiusmod tempor incididunt ut labore et dolore magna aliqua. Mi quis hendrerit dolor magna eget. Tellus at urna condimentum mattis pellentesque id nibh tortor. Leo urna molestie at elementum eu. Nulla facilisi etiam dignissim diam quis enim. Etiam erat velit scelerisque in dictum non consectetur. In dictum non consectetur a erat nam at lectus. Tincidunt arcu non sodales neque sodales ut etiam sit amet. Ipsum suspendisse ultrices gravida dictum fusce ut placerat. Massa sed elementum tempus egestas. Suspendisse ultrices gravida dictum fusce ut placerat. Elit at imperdiet dui accumsan. Risus commodo viverra maecenas accumsan lacus vel facilisis volutpat est. Malesuada bibendum arcu vitae elementum curabitur vitae nunc. Egestas maecenas pharetra convallis posuere morbi. Fames ac turpis egestas maecenas pharetra convallis posuere morbi. Accumsan in nisl nisi scelerisque. Amet consectetur adipiscing elit duis tristique sollicitudin nibh sit. Diam phasellus vestibulum lorem sed risus ultricies tristique. Quam nulla porttitor massa id neque aliquam vestibulum morbi blandit.', 25, 599, 4, 3, 4, 'sports.jpg', 0, NULL, 'sportsVert.jpg'),
(59, 'Porto X Benfica', 'Lorem ipsum dolor sit amet, consectetur adipiscing elit, sed do eiusmod tempor incididunt ut labore et dolore magna aliqua. Mi quis hendrerit dolor magna eget. Tellus at urna condimentum mattis pellentesque id nibh tortor. Leo urna molestie at elementum eu. Nulla facilisi etiam dignissim diam quis enim. Etiam erat velit scelerisque in dictum non consectetur. In dictum non consectetur a erat nam at lectus. Tincidunt arcu non sodales neque sodales ut etiam sit amet. Ipsum suspendisse ultrices gravida dictum fusce ut placerat. Massa sed elementum tempus egestas. Suspendisse ultrices gravida dictum fusce ut placerat. Elit at imperdiet dui accumsan. Risus commodo viverra maecenas accumsan lacus vel facilisis volutpat est. Malesuada bibendum arcu vitae elementum curabitur vitae nunc. Egestas maecenas pharetra convallis posuere morbi. Fames ac turpis egestas maecenas pharetra convallis posuere morbi. Accumsan in nisl nisi scelerisque. Amet consectetur adipiscing elit duis tristique sollicitudin nibh sit. Diam phasellus vestibulum lorem sed risus ultricies tristique. Quam nulla porttitor massa id neque aliquam vestibulum morbi blandit.', 25, 599, 4, 3, 4, 'sports.jpg', 0, NULL, 'sportsVert.jpg'),
(60, 'Porto X Benfica', 'Lorem ipsum dolor sit amet, consectetur adipiscing elit, sed do eiusmod tempor incididunt ut labore et dolore magna aliqua. Mi quis hendrerit dolor magna eget. Tellus at urna condimentum mattis pellentesque id nibh tortor. Leo urna molestie at elementum eu. Nulla facilisi etiam dignissim diam quis enim. Etiam erat velit scelerisque in dictum non consectetur. In dictum non consectetur a erat nam at lectus. Tincidunt arcu non sodales neque sodales ut etiam sit amet. Ipsum suspendisse ultrices gravida dictum fusce ut placerat. Massa sed elementum tempus egestas. Suspendisse ultrices gravida dictum fusce ut placerat. Elit at imperdiet dui accumsan. Risus commodo viverra maecenas accumsan lacus vel facilisis volutpat est. Malesuada bibendum arcu vitae elementum curabitur vitae nunc. Egestas maecenas pharetra convallis posuere morbi. Fames ac turpis egestas maecenas pharetra convallis posuere morbi. Accumsan in nisl nisi scelerisque. Amet consectetur adipiscing elit duis tristique sollicitudin nibh sit. Diam phasellus vestibulum lorem sed risus ultricies tristique. Quam nulla porttitor massa id neque aliquam vestibulum morbi blandit.', 25, 600, 4, 3, 4, 'sports.jpg', 0, NULL, 'sportsVert.jpg'),
(61, 'Evanescence - The Acoustic Show', 'Lorem ipsum dolor sit amet, consectetur adipiscing elit, sed do eiusmod tempor incididunt ut labore et dolore magna aliqua. Mi quis hendrerit dolor magna eget. Tellus at urna condimentum mattis pellentesque id nibh tortor. Leo urna molestie at elementum eu. Nulla facilisi etiam dignissim diam quis enim. Etiam erat velit scelerisque in dictum non consectetur. In dictum non consectetur a erat nam at lectus. Tincidunt arcu non sodales neque sodales ut etiam sit amet. Ipsum suspendisse ultrices gravida dictum fusce ut placerat. Massa sed elementum tempus egestas. Suspendisse ultrices gravida dictum fusce ut placerat. Elit at imperdiet dui accumsan. Risus commodo viverra maecenas accumsan lacus vel facilisis volutpat est. Malesuada bibendum arcu vitae elementum curabitur vitae nunc. Egestas maecenas pharetra convallis posuere morbi. Fames ac turpis egestas maecenas pharetra convallis posuere morbi. Accumsan in nisl nisi scelerisque. Amet consectetur adipiscing elit duis tristique sollicitudin nibh sit. Diam phasellus vestibulum lorem sed risus ultricies tristique. Quam nulla porttitor massa id neque aliquam vestibulum morbi blandit.', 25, 600, 4, 1, 2, 'concert.jpg', 0, NULL, 'concertVert.jpg'),
(62, 'Toy Story Remake: New Life', 'Lorem ipsum dolor sit amet, consectetur adipiscing elit, sed do eiusmod tempor incididunt ut labore et dolore magna aliqua. Mi quis hendrerit dolor magna eget. Tellus at urna condimentum mattis pellentesque id nibh tortor. Leo urna molestie at elementum eu. Nulla facilisi etiam dignissim diam quis enim. Etiam erat velit scelerisque in dictum non consectetur. In dictum non consectetur a erat nam at lectus. Tincidunt arcu non sodales neque sodales ut etiam sit amet. Ipsum suspendisse ultrices gravida dictum fusce ut placerat. Massa sed elementum tempus egestas. Suspendisse ultrices gravida dictum fusce ut placerat. Elit at imperdiet dui accumsan. Risus commodo viverra maecenas accumsan lacus vel facilisis volutpat est. Malesuada bibendum arcu vitae elementum curabitur vitae nunc. Egestas maecenas pharetra convallis posuere morbi. Fames ac turpis egestas maecenas pharetra convallis posuere morbi. Accumsan in nisl nisi scelerisque. Amet consectetur adipiscing elit duis tristique sollicitudin nibh sit. Diam phasellus vestibulum lorem sed risus ultricies tristique. Quam nulla porttitor massa id neque aliquam vestibulum morbi blandit.', 16, 246, 2, 1, 3, 'image1.png', 1, NULL, 'image1Vert.png'),
(63, 'Returnal', 'Lorem ipsum dolor sit amet, consectetur adipiscing elit, sed do eiusmod tempor incididunt ut labore et dolore magna aliqua. Mi quis hendrerit dolor magna eget. Tellus at urna condimentum mattis pellentesque id nibh tortor. Leo urna molestie at elementum eu. Nulla facilisi etiam dignissim diam quis enim. Etiam erat velit scelerisque in dictum non consectetur. In dictum non consectetur a erat nam at lectus. Tincidunt arcu non sodales neque sodales ut etiam sit amet. Ipsum suspendisse ultrices gravida dictum fusce ut placerat. Massa sed elementum tempus egestas. Suspendisse ultrices gravida dictum fusce ut placerat. Elit at imperdiet dui accumsan. Risus commodo viverra maecenas accumsan lacus vel facilisis volutpat est. Malesuada bibendum arcu vitae elementum curabitur vitae nunc. Egestas maecenas pharetra convallis posuere morbi. Fames ac turpis egestas maecenas pharetra convallis posuere morbi. Accumsan in nisl nisi scelerisque. Amet consectetur adipiscing elit duis tristique sollicitudin nibh sit. Diam phasellus vestibulum lorem sed risus ultricies tristique. Quam nulla porttitor massa id neque aliquam vestibulum morbi blandit.', 16, 239, 5, 1, 3, 'image1.png', 1, NULL, 'image1Vert.png'),
(64, 'Às Cegas', 'Lorem ipsum dolor sit amet, consectetur adipiscing elit, sed do eiusmod tempor incididunt ut labore et dolore magna aliqua. Mi quis hendrerit dolor magna eget. Tellus at urna condimentum mattis pellentesque id nibh tortor. Leo urna molestie at elementum eu. Nulla facilisi etiam dignissim diam quis enim. Etiam erat velit scelerisque in dictum non consectetur. In dictum non consectetur a erat nam at lectus. Tincidunt arcu non sodales neque sodales ut etiam sit amet. Ipsum suspendisse ultrices gravida dictum fusce ut placerat. Massa sed elementum tempus egestas. Suspendisse ultrices gravida dictum fusce ut placerat. Elit at imperdiet dui accumsan. Risus commodo viverra maecenas accumsan lacus vel facilisis volutpat est. Malesuada bibendum arcu vitae elementum curabitur vitae nunc. Egestas maecenas pharetra convallis posuere morbi. Fames ac turpis egestas maecenas pharetra convallis posuere morbi. Accumsan in nisl nisi scelerisque. Amet consectetur adipiscing elit duis tristique sollicitudin nibh sit. Diam phasellus vestibulum lorem sed risus ultricies tristique. Quam nulla porttitor massa id neque aliquam vestibulum morbi blandit.', 16, 242, 5, 1, 3, 'cinema.jpg', 1, NULL, 'cinemaVert.jpg'),
(65, 'Bird Box', 'Lorem ipsum dolor sit amet, consectetur adipiscing elit, sed do eiusmod tempor incididunt ut labore et dolore magna aliqua. Mi quis hendrerit dolor magna eget. Tellus at urna condimentum mattis pellentesque id nibh tortor. Leo urna molestie at elementum eu. Nulla facilisi etiam dignissim diam quis enim. Etiam erat velit scelerisque in dictum non consectetur. In dictum non consectetur a erat nam at lectus. Tincidunt arcu non sodales neque sodales ut etiam sit amet. Ipsum suspendisse ultrices gravida dictum fusce ut placerat. Massa sed elementum tempus egestas. Suspendisse ultrices gravida dictum fusce ut placerat. Elit at imperdiet dui accumsan. Risus commodo viverra maecenas accumsan lacus vel facilisis volutpat est. Malesuada bibendum arcu vitae elementum curabitur vitae nunc. Egestas maecenas pharetra convallis posuere morbi. Fames ac turpis egestas maecenas pharetra convallis posuere morbi. Accumsan in nisl nisi scelerisque. Amet consectetur adipiscing elit duis tristique sollicitudin nibh sit. Diam phasellus vestibulum lorem sed risus ultricies tristique. Quam nulla porttitor massa id neque aliquam vestibulum morbi blandit.', 16, 240, 2, 1, 3, 'cinema.jpg', 1, NULL, 'cinemaVert.jpg'),
(66, 'American Pie: O Confinamento', 'Lorem ipsum dolor sit amet, consectetur adipiscing elit, sed do eiusmod tempor incididunt ut labore et dolore magna aliqua. Mi quis hendrerit dolor magna eget. Tellus at urna condimentum mattis pellentesque id nibh tortor. Leo urna molestie at elementum eu. Nulla facilisi etiam dignissim diam quis enim. Etiam erat velit scelerisque in dictum non consectetur. In dictum non consectetur a erat nam at lectus. Tincidunt arcu non sodales neque sodales ut etiam sit amet. Ipsum suspendisse ultrices gravida dictum fusce ut placerat. Massa sed elementum tempus egestas. Suspendisse ultrices gravida dictum fusce ut placerat. Elit at imperdiet dui accumsan. Risus commodo viverra maecenas accumsan lacus vel facilisis volutpat est. Malesuada bibendum arcu vitae elementum curabitur vitae nunc. Egestas maecenas pharetra convallis posuere morbi. Fames ac turpis egestas maecenas pharetra convallis posuere morbi. Accumsan in nisl nisi scelerisque. Amet consectetur adipiscing elit duis tristique sollicitudin nibh sit. Diam phasellus vestibulum lorem sed risus ultricies tristique. Quam nulla porttitor massa id neque aliquam vestibulum morbi blandit.', 16, 250, 1, 1, 3, 'cinema.jpg', 1, NULL, 'cinemaVert.jpg'),
(67, 'Ténis Tournament', 'Lorem ipsum dolor sit amet, consectetur adipiscing elit, sed do eiusmod tempor incididunt ut labore et dolore magna aliqua. Mi quis hendrerit dolor magna eget. Tellus at urna condimentum mattis pellentesque id nibh tortor. Leo urna molestie at elementum eu. Nulla facilisi etiam dignissim diam quis enim. Etiam erat velit scelerisque in dictum non consectetur. In dictum non consectetur a erat nam at lectus. Tincidunt arcu non sodales neque sodales ut etiam sit amet. Ipsum suspendisse ultrices gravida dictum fusce ut placerat. Massa sed elementum tempus egestas. Suspendisse ultrices gravida dictum fusce ut placerat. Elit at imperdiet dui accumsan. Risus commodo viverra maecenas accumsan lacus vel facilisis volutpat est. Malesuada bibendum arcu vitae elementum curabitur vitae nunc. Egestas maecenas pharetra convallis posuere morbi. Fames ac turpis egestas maecenas pharetra convallis posuere morbi. Accumsan in nisl nisi scelerisque. Amet consectetur adipiscing elit duis tristique sollicitudin nibh sit. Diam phasellus vestibulum lorem sed risus ultricies tristique. Quam nulla porttitor massa id neque aliquam vestibulum morbi blandit.', 16, 248, 4, 3, 4, 'sports.jpg', 1, NULL, 'sportsVert.jpg'),
(68, 'Porto FC X Sporting', 'Lorem ipsum dolor sit amet, consectetur adipiscing elit, sed do eiusmod tempor incididunt ut labore et dolore magna aliqua. Mi quis hendrerit dolor magna eget. Tellus at urna condimentum mattis pellentesque id nibh tortor. Leo urna molestie at elementum eu. Nulla facilisi etiam dignissim diam quis enim. Etiam erat velit scelerisque in dictum non consectetur. In dictum non consectetur a erat nam at lectus. Tincidunt arcu non sodales neque sodales ut etiam sit amet. Ipsum suspendisse ultrices gravida dictum fusce ut placerat. Massa sed elementum tempus egestas. Suspendisse ultrices gravida dictum fusce ut placerat. Elit at imperdiet dui accumsan. Risus commodo viverra maecenas accumsan lacus vel facilisis volutpat est. Malesuada bibendum arcu vitae elementum curabitur vitae nunc. Egestas maecenas pharetra convallis posuere morbi. Fames ac turpis egestas maecenas pharetra convallis posuere morbi. Accumsan in nisl nisi scelerisque. Amet consectetur adipiscing elit duis tristique sollicitudin nibh sit. Diam phasellus vestibulum lorem sed risus ultricies tristique. Quam nulla porttitor massa id neque aliquam vestibulum morbi blandit.', 16, 249, 4, 3, 4, 'sports.jpg', 1, NULL, 'sportsVert.jpg'),
(69, 'Rio-Ave X Sporting', 'Lorem ipsum dolor sit amet, consectetur adipiscing elit, sed do eiusmod tempor incididunt ut labore et dolore magna aliqua. Mi quis hendrerit dolor magna eget. Tellus at urna condimentum mattis pellentesque id nibh tortor. Leo urna molestie at elementum eu. Nulla facilisi etiam dignissim diam quis enim. Etiam erat velit scelerisque in dictum non consectetur. In dictum non consectetur a erat nam at lectus. Tincidunt arcu non sodales neque sodales ut etiam sit amet. Ipsum suspendisse ultrices gravida dictum fusce ut placerat. Massa sed elementum tempus egestas. Suspendisse ultrices gravida dictum fusce ut placerat. Elit at imperdiet dui accumsan. Risus commodo viverra maecenas accumsan lacus vel facilisis volutpat est. Malesuada bibendum arcu vitae elementum curabitur vitae nunc. Egestas maecenas pharetra convallis posuere morbi. Fames ac turpis egestas maecenas pharetra convallis posuere morbi. Accumsan in nisl nisi scelerisque. Amet consectetur adipiscing elit duis tristique sollicitudin nibh sit. Diam phasellus vestibulum lorem sed risus ultricies tristique. Quam nulla porttitor massa id neque aliquam vestibulum morbi blandit.', 16, 250, 4, 3, 4, 'sports.jpg', 1, NULL, 'sportsVert.jpg'),
(70, 'Rio-Ave X Porto', 'Lorem ipsum dolor sit amet, consectetur adipiscing elit, sed do eiusmod tempor incididunt ut labore et dolore magna aliqua. Mi quis hendrerit dolor magna eget. Tellus at urna condimentum mattis pellentesque id nibh tortor. Leo urna molestie at elementum eu. Nulla facilisi etiam dignissim diam quis enim. Etiam erat velit scelerisque in dictum non consectetur. In dictum non consectetur a erat nam at lectus. Tincidunt arcu non sodales neque sodales ut etiam sit amet. Ipsum suspendisse ultrices gravida dictum fusce ut placerat. Massa sed elementum tempus egestas. Suspendisse ultrices gravida dictum fusce ut placerat. Elit at imperdiet dui accumsan. Risus commodo viverra maecenas accumsan lacus vel facilisis volutpat est. Malesuada bibendum arcu vitae elementum curabitur vitae nunc. Egestas maecenas pharetra convallis posuere morbi. Fames ac turpis egestas maecenas pharetra convallis posuere morbi. Accumsan in nisl nisi scelerisque. Amet consectetur adipiscing elit duis tristique sollicitudin nibh sit. Diam phasellus vestibulum lorem sed risus ultricies tristique. Quam nulla porttitor massa id neque aliquam vestibulum morbi blandit.', 16, 246, 4, 3, 4, 'sports.jpg', 1, NULL, 'sportsVert.jpg'),
(71, 'Andebol - Sporting X Porto', 'Lorem ipsum dolor sit amet, consectetur adipiscing elit, sed do eiusmod tempor incididunt ut labore et dolore magna aliqua. Mi quis hendrerit dolor magna eget. Tellus at urna condimentum mattis pellentesque id nibh tortor. Leo urna molestie at elementum eu. Nulla facilisi etiam dignissim diam quis enim. Etiam erat velit scelerisque in dictum non consectetur. In dictum non consectetur a erat nam at lectus. Tincidunt arcu non sodales neque sodales ut etiam sit amet. Ipsum suspendisse ultrices gravida dictum fusce ut placerat. Massa sed elementum tempus egestas. Suspendisse ultrices gravida dictum fusce ut placerat. Elit at imperdiet dui accumsan. Risus commodo viverra maecenas accumsan lacus vel facilisis volutpat est. Malesuada bibendum arcu vitae elementum curabitur vitae nunc. Egestas maecenas pharetra convallis posuere morbi. Fames ac turpis egestas maecenas pharetra convallis posuere morbi. Accumsan in nisl nisi scelerisque. Amet consectetur adipiscing elit duis tristique sollicitudin nibh sit. Diam phasellus vestibulum lorem sed risus ultricies tristique. Quam nulla porttitor massa id neque aliquam vestibulum morbi blandit.', 16, 244, 4, 3, 4, 'sports.jpg', 1, NULL, 'sportsVert.jpg'),
(72, 'Evanescence - The Bitter Truth', 'Lorem ipsum dolor sit amet, consectetur adipiscing elit, sed do eiusmod tempor incididunt ut labore et dolore magna aliqua. Mi quis hendrerit dolor magna eget. Tellus at urna condimentum mattis pellentesque id nibh tortor. Leo urna molestie at elementum eu. Nulla facilisi etiam dignissim diam quis enim. Etiam erat velit scelerisque in dictum non consectetur. In dictum non consectetur a erat nam at lectus. Tincidunt arcu non sodales neque sodales ut etiam sit amet. Ipsum suspendisse ultrices gravida dictum fusce ut placerat. Massa sed elementum tempus egestas. Suspendisse ultrices gravida dictum fusce ut placerat. Elit at imperdiet dui accumsan. Risus commodo viverra maecenas accumsan lacus vel facilisis volutpat est. Malesuada bibendum arcu vitae elementum curabitur vitae nunc. Egestas maecenas pharetra convallis posuere morbi. Fames ac turpis egestas maecenas pharetra convallis posuere morbi. Accumsan in nisl nisi scelerisque. Amet consectetur adipiscing elit duis tristique sollicitudin nibh sit. Diam phasellus vestibulum lorem sed risus ultricies tristique. Quam nulla porttitor massa id neque aliquam vestibulum morbi blandit.', 16, 248, 4, 2, 4, 'concert.jpg', 1, NULL, 'concertVert.jpg'),
(73, 'Coldplay - 2021 Concert', 'Lorem ipsum dolor sit amet, consectetur adipiscing elit, sed do eiusmod tempor incididunt ut labore et dolore magna aliqua. Mi quis hendrerit dolor magna eget. Tellus at urna condimentum mattis pellentesque id nibh tortor. Leo urna molestie at elementum eu. Nulla facilisi etiam dignissim diam quis enim. Etiam erat velit scelerisque in dictum non consectetur. In dictum non consectetur a erat nam at lectus. Tincidunt arcu non sodales neque sodales ut etiam sit amet. Ipsum suspendisse ultrices gravida dictum fusce ut placerat. Massa sed elementum tempus egestas. Suspendisse ultrices gravida dictum fusce ut placerat. Elit at imperdiet dui accumsan. Risus commodo viverra maecenas accumsan lacus vel facilisis volutpat est. Malesuada bibendum arcu vitae elementum curabitur vitae nunc. Egestas maecenas pharetra convallis posuere morbi. Fames ac turpis egestas maecenas pharetra convallis posuere morbi. Accumsan in nisl nisi scelerisque. Amet consectetur adipiscing elit duis tristique sollicitudin nibh sit. Diam phasellus vestibulum lorem sed risus ultricies tristique. Quam nulla porttitor massa id neque aliquam vestibulum morbi blandit.', 16, 250, 4, 2, 2, 'concert.jpg', 1, NULL, 'concertVert.jpg'),
(74, 'Doja Cat - Primavera Nos Alive', 'Lorem ipsum dolor sit amet, consectetur adipiscing elit, sed do eiusmod tempor incididunt ut labore et dolore magna aliqua. Mi quis hendrerit dolor magna eget. Tellus at urna condimentum mattis pellentesque id nibh tortor. Leo urna molestie at elementum eu. Nulla facilisi etiam dignissim diam quis enim. Etiam erat velit scelerisque in dictum non consectetur. In dictum non consectetur a erat nam at lectus. Tincidunt arcu non sodales neque sodales ut etiam sit amet. Ipsum suspendisse ultrices gravida dictum fusce ut placerat. Massa sed elementum tempus egestas. Suspendisse ultrices gravida dictum fusce ut placerat. Elit at imperdiet dui accumsan. Risus commodo viverra maecenas accumsan lacus vel facilisis volutpat est. Malesuada bibendum arcu vitae elementum curabitur vitae nunc. Egestas maecenas pharetra convallis posuere morbi. Fames ac turpis egestas maecenas pharetra convallis posuere morbi. Accumsan in nisl nisi scelerisque. Amet consectetur adipiscing elit duis tristique sollicitudin nibh sit. Diam phasellus vestibulum lorem sed risus ultricies tristique. Quam nulla porttitor massa id neque aliquam vestibulum morbi blandit.', 16, 249, 5, 2, 2, 'concert.jpg', 1, NULL, 'concertVert.jpg'),
(75, 'Mariza - Fados e Contos', 'Lorem ipsum dolor sit amet, consectetur adipiscing elit, sed do eiusmod tempor incididunt ut labore et dolore magna aliqua. Mi quis hendrerit dolor magna eget. Tellus at urna condimentum mattis pellentesque id nibh tortor. Leo urna molestie at elementum eu. Nulla facilisi etiam dignissim diam quis enim. Etiam erat velit scelerisque in dictum non consectetur. In dictum non consectetur a erat nam at lectus. Tincidunt arcu non sodales neque sodales ut etiam sit amet. Ipsum suspendisse ultrices gravida dictum fusce ut placerat. Massa sed elementum tempus egestas. Suspendisse ultrices gravida dictum fusce ut placerat. Elit at imperdiet dui accumsan. Risus commodo viverra maecenas accumsan lacus vel facilisis volutpat est. Malesuada bibendum arcu vitae elementum curabitur vitae nunc. Egestas maecenas pharetra convallis posuere morbi. Fames ac turpis egestas maecenas pharetra convallis posuere morbi. Accumsan in nisl nisi scelerisque. Amet consectetur adipiscing elit duis tristique sollicitudin nibh sit. Diam phasellus vestibulum lorem sed risus ultricies tristique. Quam nulla porttitor massa id neque aliquam vestibulum morbi blandit.', 16, 246, 4, 2, 6, 'concert.jpg', 1, NULL, 'concertVert.jpg');
INSERT INTO `shows` (`idShow`, `showName`, `showDescription`, `price`, `availableTickets`, `idRating`, `idShowType`, `idLocation`, `image`, `isSpotlight`, `valueRating`, `imageVert`) VALUES
(76, 'Festival da Canção', 'Lorem ipsum dolor sit amet, consectetur adipiscing elit, sed do eiusmod tempor incididunt ut labore et dolore magna aliqua. Mi quis hendrerit dolor magna eget. Tellus at urna condimentum mattis pellentesque id nibh tortor. Leo urna molestie at elementum eu. Nulla facilisi etiam dignissim diam quis enim. Etiam erat velit scelerisque in dictum non consectetur. In dictum non consectetur a erat nam at lectus. Tincidunt arcu non sodales neque sodales ut etiam sit amet. Ipsum suspendisse ultrices gravida dictum fusce ut placerat. Massa sed elementum tempus egestas. Suspendisse ultrices gravida dictum fusce ut placerat. Elit at imperdiet dui accumsan. Risus commodo viverra maecenas accumsan lacus vel facilisis volutpat est. Malesuada bibendum arcu vitae elementum curabitur vitae nunc. Egestas maecenas pharetra convallis posuere morbi. Fames ac turpis egestas maecenas pharetra convallis posuere morbi. Accumsan in nisl nisi scelerisque. Amet consectetur adipiscing elit duis tristique sollicitudin nibh sit. Diam phasellus vestibulum lorem sed risus ultricies tristique. Quam nulla porttitor massa id neque aliquam vestibulum morbi blandit.', 16, 249, 4, 2, 1, 'concert.jpg', 1, NULL, 'concertVert.jpg');

-- --------------------------------------------------------

--
-- Estrutura da tabela `showtype`
--

CREATE TABLE `showtype` (
  `idShowType` int NOT NULL,
  `type` varchar(45) NOT NULL
) ENGINE=InnoDB DEFAULT CHARSET=utf8mb4 COLLATE=utf8mb4_0900_ai_ci;

--
-- Extraindo dados da tabela `showtype`
--

INSERT INTO `showtype` (`idShowType`, `type`) VALUES
(1, 'Cinema And Arts'),
(2, 'Music And Festivals'),
(3, 'Sports'),
(4, 'Filme'),
(5, 'Gaming/Animação'),
(6, 'Desporto');

-- --------------------------------------------------------

--
-- Estrutura da tabela `temp_purchaseline`
--

CREATE TABLE `temp_purchaseline` (
  `idShow` int NOT NULL,
  `idUser` int NOT NULL,
  `quantity` int NOT NULL,
  `subtotal` float NOT NULL,
  `idDate` int NOT NULL
) ENGINE=InnoDB DEFAULT CHARSET=utf8mb4 COLLATE=utf8mb4_0900_ai_ci;

-- --------------------------------------------------------

--
-- Estrutura da tabela `teste`
--

CREATE TABLE `teste` (
  `idteste` int NOT NULL,
  `image` longblob
) ENGINE=InnoDB DEFAULT CHARSET=utf8mb4 COLLATE=utf8mb4_0900_ai_ci;

--
-- Extraindo dados da tabela `teste`
--

INSERT INTO `teste` (`idteste`, `image`) VALUES
(1, NULL),
(2, NULL),
(3, NULL),
(4, NULL),
(5, NULL),
(6, NULL),
(7, NULL),
(8, NULL),
(9, NULL),
(10, NULL),
(11, NULL),
(12, NULL),
(13, NULL),
(14, NULL),
(15, NULL),
(16, NULL);
INSERT INTO `teste` (`idteste`, `image`) VALUES
(17, 0x464644384646453030303130344134363439343630303031303130313030363030303630303030304646453132384445343537383639363630303030344434443030324130303030303030383030303630303042303030323030303030303236303030303038363230313132303030333030303030303031303030313030303030313331303030323030303030303236303030303038383830313332303030323030303030303134303030303038414538373639303030343030303030303031303030303038433245413143303030373030303030383043303030303030353630303030313134363143454130303030303030383030303030303030303030303030303030303030303030303030303030303030303030303030303030303030303030303030303030303030303030303030303030303030303030303030303030303030303030303030303030303030303030303030303030303030303030303030303030303030303030303030303030303030303030303030303030303030303030303030303030303030303030303030303030303030303030303030303030303030303030303030303030303030303030303030303030303030303030303030303030303030303030303030303030303030303030303030303030303030303030303030303030303030303030303030303030303030303030303030303030303030303030303030303030303030303030303030303030303030303030303030303030303030303030303030303030303030303030303030303030303030303030303030303030303030303030303030303030303030303030303030303030303030303030303030303030303030303030303030303030303030303030303030303030303030303030303030303030303030303030303030303030303030303030303030303030303030303030303030303030303030303030303030303030303030303030303030303030303030303030303030303030303030303030303030303030303030303030303030303030303030303030303030303030303030303030303030303030303030303030303030303030303030303030303030303030303030303030303030303030303030303030303030303030303030303030303030303030303030303030303030303030303030303030303030303030303030303030303030303030303030303030303030303030303030303030303030303030303030303030303030303030303030303030303030303030303030303030303030303030303030303030303030303030303030303030303030303030303030303030303030303030303030303030303030303030303030303030303030303030303030303030303030303030303030303030303030303030303030303030303030303030303030303030303030303030303030303030303030303030303030303030303030303030303030303030303030303030303030303030303030303030303030303030303030303030303030303030303030303030303030303030303030303030303030303030303030303030303030303030303030303030303030303030303030303030303030303030303030303030303030303030303030303030303030303030303030303030303030303030303030303030303030303030303030303030303030303030303030303030303030303030303030303030303030303030303030303030303030303030303030303030303030303030303030303030303030303030303030303030303030303030303030303030303030303030303030303030303030303030303030303030303030303030303030303030303030303030303030303030303030303030303030303030303030303030303030303030303030303030303030303030303030303030303030303030303030303030303030303030303030303030303030303030303030303030303030303030303030303030303030303030303030303030303030303030303030303030303030303030303030303030303030303030303030303030303030303030303030303030303030303030303030303030303030303030303030303030303030303030303030303030303030303030303030303030303030303030303030303030303030303030303030303030303030303030303030303030303030303030303030303030303030303030303030303030303030303030303030303030303030303030303030303030303030303030303030303030303030303030303030303030303030303030303030303030303030303030303030303030303030303030303030303030303030303030303030303030303030303030303030303030303030303030303030303030303030303030303030303030303030303030303030303030303030303030303030303030303030303030303030303030303030303030303030303030303030303030303030303030303030303030303030303030303030303030303030303030303030303030303030303030303030303030303030303030303030303030303030303030303030303030303030303030303030303030303030303030303030303030303030303030303030303030303030303030303030303030303030303030303030303030303030303030303030303030303030303030303030303030303030303030303030303030303030303030303030303030303030303030303030303030303030303030303030303030303030303030303030303030303030303030303030303030303030303030303030303030303030303030303030303030303030303030303030303030303030303030303030303030303030303030303030303030303030303030303030303030303030303030303030303030303030303030303030303030303030303030303030303030303030303030303030303030303030303030303030303030303030303030303030303030303030303030303030303030303030303030303030303030303030303030303030303030303030303030303030303030303030303030303030303030303030303030303030303030303030303030303030303030303030303030303030303030303030303030303030303030303030303030303030303030303030303030303030303030303030303030303030303030303030303030303030303030303030303030303030303030303030303030303030303030303030303030303030303030303030303030303030303030303030303030303030303030303030303030303030303030303030303030303030303030303030303030303030303030303030303030303030303030303030303030303030303030303030303030303030303030303030303030303030303030303030303030303030303030303030303030303030303030303030303030303030303030303030303030303030303030303030303030303030303030303030303030303030303030303030303030303030303030303030303030303030303030303030303030303030303030303030303030303030303030303030303030303030303030303030303030303030303030303030303030303030303030303030303030303030303030303030303030303030303030303030303030303030303030303030303030303030303030303030303030303030303030303030303030303030303030303030303030303030303030303030303030303030303030303030303030303030303030303030303030303030303030303030303030303030303030303030303030303030303030303030303030303030303030303030303030303030303030303030303030303030303030303030303030303030303030303030303030303030303030303030303030303030303030303030303030303030303030303030303030303030303030303030303030303030303030303030303030303030303030303030303030303030303030303030303030303030303030303030303030303030303030303030303030303030303030303030303030303030303030303030303030303030303030303030303030303030303030303030303030303030303030303030303030303030303030303030303030303030303030303030303030303030303030303030303030303030303030303030303030303030303030303030303030303030303030303030303030303030303030303030303030303030303030303030303030303030303030303030303030303030303030303030303030303030303030303030303030303030303030303030303030303030303030303030303030303030303030303030303030303030303030303030303030303030303030303030303030303030303030303030303030303030303030303030303030303030303030303030303030303030303030303030303030303030303030303030303030303030303030303030303030303030303030303030303030303030303030303030303030303030303030303030303030303030303030303030303030303030303030303030303030303030303030303030303030303030303030303030303030303030303030303030303030303030303030303030303030303030303030303030303030303030303030303030303030303030303030303030303030303030303030303030303030303030303030303030303030303030303030303030303030303030303030303030303030303030303030303030303030303030303030303030303030303030303030303030303030303030303030303030303030303030303030303030303030303030303030303030303030303030303030303030303030303030303030303030303030303030303030303030303030303030303030303030303030303030303030303030303030303030303030303030303030303030303030303030303030303030303030303030303030303030303030303030303030303030303030303030303030303030303030303030303030303030303030303030303030303030303030303030303030303030303030303030303030303030303030303030303030303030303030303030303030303030303030303030303030303030303030303030303030303030303030303030303030303030303030303030303030303030303030303030303030303030303030303030303030303030303030303030303030303030303030303030303030303030303030303030303030303030303030303030303030303030303030303030303030303030303030303030303030303030303030303030303030303030303030303030303030303030303030303030303030303030303030303030303030303030303030303030303030303030303030303030303030303030303030303030303030303030303030303030303030303030303030303030303030303030303030303030303030303030303030303030303030303030303030303030303030303030303030303030303030303030303030303030303030303030303030303030303030303030303030303030303030303030303030303030303030303030303030303030303030303030303030303030303030303030303030303030303030303030303030303030303030303030303030303030303030303030303030303030303030303030303030303030303030303030303030303030303030303030303030303030303030303030303030303030303030303030303030303030303030303030303030303030303030303030303030303030303030303030303030303030303030303030303030303030303030303030303030303030303030303030303030303030303030303030303030303030303030303030303030303030303030303030303030303030303030303030303030303030303030303030303030303030303030303030303030303030303030303030303030303030303030303030303035373639364536343646373737333230353036383646373436463230343536343639373436463732323033313330324533303245333133303330333133313245333133363333333833343030353736393645363436463737373332303530363836463734364632303435363436393734364637323230333133303245333032453331333033303331333132453331333633333338333430303332333033323330334133313332334133323334323033323332334133303334334133313331303030303036393030333030303230303030303031343030303031313143393030343030303230303030303031343030303031313330393239313030303230303030303030333333333330303030393239323030303230303030303030333333333330303030413030313030303330303030303030313030303130303030454131433030303730303030303830433030303030393130303030303030303031434541303030303030303830303030303030303030303030303030303030303030303030303030303030303030303030303030303030303030303030303030303030303030303030303030303030303030303030303030303030303030303030303030303030303030303030303030303030303030303030303030303030303030303030303030303030303030303030303030303030303030303030303030303030303030303030303030303030303030303030303030303030303030303030303030303030303030303030303030303030303030303030303030303030303030303030303030303030303030303030303030303030303030303030303030303030303030303030303030303030303030303030303030303030303030303030303030303030303030303030303030303030303030303030303030303030303030303030303030303030303030303030303030303030303030303030303030303030303030303030303030303030303030303030303030303030303030303030303030303030303030303030303030303030303030303030303030303030303030303030303030303030303030303030303030303030303030303030303030303030303030303030303030303030303030303030303030303030303030303030303030303030303030303030303030303030303030303030303030303030303030303030303030303030303030303030303030303030303030303030303030303030303030303030303030303030303030303030303030303030303030303030303030303030303030303030303030303030303030303030303030303030303030303030303030303030303030303030303030303030303030303030303030303030303030303030303030303030303030303030303030303030303030303030303030303030303030303030303030303030303030303030303030303030303030303030303030303030303030303030303030303030303030303030303030303030303030303030303030303030303030303030303030303030303030303030303030303030303030303030303030303030303030303030303030303030303030303030303030303030303030303030303030303030303030303030303030303030303030303030303030303030303030303030303030303030303030303030303030303030303030303030303030303030303030303030303030303030303030303030303030303030303030303030303030303030303030303030303030303030303030303030303030303030303030303030303030303030303030303030303030303030303030303030303030303030303030303030303030303030303030303030303030303030303030303030303030303030303030303030303030303030303030303030303030303030303030303030303030303030303030303030303030303030303030303030303030303030303030303030303030303030303030303030303030303030303030303030303030303030303030303030303030303030303030303030303030303030303030303030303030303030303030303030303030303030303030303030303030303030303030303030303030303030303030303030303030303030303030303030303030303030303030303030303030303030303030303030303030303030303030303030303030303030303030303030303030303030303030303030303030303030303030303030303030303030303030303030303030303030303030303030303030303030303030303030303030303030303030303030303030303030303030303030303030303030303030303030303030303030303030303030303030303030303030303030303030303030303030303030303030303030303030303030303030303030303030303030303030303030303030303030303030303030303030303030303030303030303030303030303030303030303030303030303030303030303030303030303030303030303030303030303030303030303030303030303030303030303030303030303030303030303030303030303030303030303030303030303030303030303030303030303030303030303030303030303030303030303030303030303030303030303030303030303030303030303030303030303030303030303030303030303030303030303030303030303030303030303030303030303030303030303030303030303030303030303030303030303030303030303030303030303030303030303030303030303030303030303030303030303030303030303030303030303030303030303030303030303030303030303030303030303030303030303030303030303030303030303030303030303030303030303030303030303030303030303030303030303030303030303030303030303030303030303030303030303030303030303030303030303030303030303030303030303030303030303030303030303030303030303030303030303030303030303030303030303030303030303030303030303030303030303030303030303030303030303030303030303030303030303030303030303030303030303030303030303030303030303030303030303030303030303030303030303030303030303030303030303030303030303030303030303030303030303030303030303030303030303030303030303030303030303030303030303030303030303030303030303030303030303030303030303030303030303030303030303030303030303030303030303030303030303030303030303030303030303030303030303030303030303030303030303030303030303030303030303030303030303030303030303030303030303030303030303030303030303030303030303030303030303030303030303030303030303030303030303030303030303030303030303030303030303030303030303030303030303030303030303030303030303030303030303030303030303030303030303030303030303030303030303030303030303030303030303030303030303030303030303030303030303030303030303030303030303030303030303030303030303030303030303030303030303030303030303030303030303030303030303030303030303030303030303030303030303030303030303030303030303030303030303030303030303030303030303030303030303030303030303030303030303030303030303030303030303030303030303030303030303030303030303030303030303030303030303030303030303030303030303030303030303030303030303030303030303030303030303030303030303030303030303030303030303030303030303030303030303030303030303030303030303030303030303030303030303030303030303030303030303030303030303030303030303030303030303030303030303030303030303030303030303030303030303030303030303030303030303030303030303030303030303030303030303030303030303030303030303030303030303030303030303030303030303030303030303030303030303030303030303030303030303030303030303030303030303030303030303030303030303030303030303030303030303030303030303030303030303030303030303030303030303030303030303030303030303030303030303030303030303030303030303030303030303030303030303030303030303030303030303030303030303030303030303030303030303030303030303030303030303030303030303030303030303030303030303030303030303030303030303030303030303030303030303030303030303030303030303030303030303030303030303030303030303030303030303030303030303030303030303030303030303030303030303030303030303030303030303030303030303030303030303030303030303030303030303030303030303030303030303030303030303030303030303030303030303030303030303030303030303030303030303030303030303030303030303030303030303030303030303030303030303030303030303030303030303030303030303030303030303030303030303030303030303030303030303030303030303030303030303030303030303030303030303030303030303030303030303030303030303030303030303030303030303030303030303030303030303030303030303030303030303030303030303030303030303030303030303030303030303030303030303030303030303030303030303030303030303030303030303030303030303030303030303030303030303030303030303030303030303030303030303030303030303030303030303030303030303030303030303030303030303030303030303030303030303030303030303030303030303030303030303030303030303030303030303030303030303030303030303030303030303030303030303030303030303030303030303030303030303030303030303030303030303030303030303030303030303030303030303030303030303030303030303030303030303030303030303030303030303030303030303030303030303030303030303030303030303030303030303030303030303030303030303030303030303030303030303030303030303030303030303030303030303030303030303030303030303030303030303030303030303030303030303030303030303030303030303030303030303030303030303030303030303030303030303030303030303030303030303030303030303030303030303030303030303030303030303030303030303030303030303030303030303030303030303030303030303030303030303030303030303030303030303030303030303030303030303030303030303030303030303030303030303030303030303030303030303030303030303030303030303030303030303030303030303030303030303030303030303030303030303030303030303030303030303030303030303030303030303030303030303030303030303030303030303030303030303030303030303030303030303030303030303030303030303030303030303030303030303030303030303030303030303030303030303030303030303030303030303030303030303030303030303030303030303030303030303030303030303030303030303030303030303030303030303030303030303030303030303030303030303030303030303030303030303030303030303030303030303030303030303030303030303030303030303030303030303030303030303030303030303030303030303030303030303030303030303030303030303030303030303030303030303030303030303030303030303030303030303030303030303030303030303030303030303030303030303030303030303030303030303030303030303030303030303030303030303030303030303030303030303030303030303030303030303030303030303030303030303030303030303030303030303030303030303030303030303030303030303030303030303030303030303030333233303332333033413331333133413331333332303331333733413333333933413331333730303332333033323330334133313331334133313333323033313337334133333339334133313337303030303030303030363031303330303033303030303030303130303036303030303031314130303035303030303030303130303030313139343031314230303035303030303030303130303030313139433031323830303033303030303030303130303032303030303032303130303034303030303030303130303030313141343032303230303034303030303030303130303030313733313030303030303030303030303030363030303030303030313030303030303630303030303030303146464438464644423030343330303038303630363037303630353038303730373037303930393038304130433134304430433042304230433139313231333046313431443141314631453144314131433143323032343245323732303232324332333143314332383337323932433330333133343334333431463237333933443338333233433245333333343332464644423030343330313039303930393043304230433138304430443138333232313143323133323332333233323332333233323332333233323332333233323332333233323332333233323332333233323332333233323332333233323332333233323332333233323332333233323332333233323332333233323332333233323332333233323332464643303030313130383030393130303934303330313231303030323131303130333131303146464334303031463030303030313035303130313031303130313031303030303030303030303030303030303031303230333034303530363037303830393041304246464334303042353130303030323031303330333032303430333035303530343034303030303031374430313032303330303034313130353132323133313431303631333531363130373232373131343332383139314131303832333432423143313135353244314630323433333632373238323039304131363137313831393141323532363237323832393241333433353336333733383339334134333434343534363437343834393441353335343535353635373538353935413633363436353636363736383639364137333734373537363737373837393741383338343835383638373838383938413932393339343935393639373938393939414132413341344135413641374138413941414232423342344235423642374238423942414332433343344335433643374338433943414432443344344435443644374438443944414531453245334534453545364537453845394541463146324633463446354636463746384639464146464334303031463031303030333031303130313031303130313031303130313030303030303030303030303031303230333034303530363037303830393041304246464334303042353131303030323031303230343034303330343037303530343034303030313032373730303031303230333131303430353231333130363132343135313037363137313133323233323831303831343432393141314231433130393233333335324630313536323732443130413136323433344531323546313137313831393141323632373238323932413335333633373338333933413433343434353436343734383439344135333534353535363537353835393541363336343635363636373638363936413733373437353736373737383739374138323833383438353836383738383839384139323933393439353936393739383939394141324133413441354136413741384139414142324233423442354236423742384239424143324333433443354336433743384339434144324433443444354436443744384439444145324533453445354536453745384539454146324633463446354636463746384639464146464441303030433033303130303032313130333131303033463030463545384345333931353645333730343742443743464432393539443845463941323644424242454234424534423637394145393943373442413331453642313238353535314346364136424443414130453242394141453235353235444439324132453443413932354342333945333335384241393738383734464433463242333446424535314646303032434133453542463145433346314146323942393534393733343939443734453937343437324437374532394434423531393343394232344642333231453345354535434645334442463041433742364232334139433444373336443735313544384346434344314338314345374445414236353733423632413330443341393636314432394331463939343841443438333445353543363435373344344138373432343545343831353037344139343030324239394242393431353536454531444541363943354439383332433638353734363132443645433738434545354645423544384439344330463145423544463836413943423536324346333331393045413341363146424333434431354543334138424239433842363333443536414343373133333632423936463633353933423641354338463131384639384433363442413530333032414141363337393231434142353637334138423933324134393730343832373338303341393236423944443442433539413744393132423142394241393837463043363745353146463030303246463030304344373941393339334243384543413534394244313143394541314532344434463532434137393945344332373846324532453333463533443444353038414431444346343335344441343737343230413241433839463537374645433346303945413137423944423333413739313039434530454537453332334443304339464332424346454432433234423746324135423639453642364239343146454232323632304536424146304232423533373237443539394341314346333638453946344646303031444542354137313131454146363931454133364533383333343433363441303746323346393745333544394539314532344431373544433244383545323839384635423739424534393037423630463546433333354344383943323242374234413542373645433130413932413646393636364142323332394331303639324243433638454234454531344437313931343230323936304333334142384543364241384433364542373831434636453242363843423533394231333142433044463430393232303643303339413242454136394433384341304135364444314532333933344543363643344239364331414241433736304337364146333331324443363337343646334435443841333733373439313436443234423232433731414635363636433031463844373242413937384436443230434337363438364536344645463946393530374635333543333038444635334132393532373244384535324642353744343735353643344633333739374441333546393534374531464533353143313632434534373135413441343931444631384134414338443542374433334136343536394333363641393845324239323735324536383931433646433434424146333735304432373435384346434138304444434342443846363546453444463944363543313038444133384146344133454544313832463939313431354535323634384436453038453935394637354134433133394342323631383732313937383232414139443537313737343644353239323932423332453538463838424334374132364434384545343546444141464643423142394535383046363645424641443735374135374334304431373532393034313739424634424239453942364533464435393345434646453338413841463834384435354346344237454446453437313733344138424233443845413736453531354435383341333043414232394338334634333444414632314142334233334145333235323537343433324136343535384433453533314238314538363944433533353738423437353130354333303838364433433141324242453138434144303841384335453837384232413731424541343330433938363139414430333839323243384146343241414537413644304141324233344345374243343141373746363845393533444238313939313745373846463030444531464533443346314146333338324438424339384335373944313736343741333837373738443844434235443330363031323242344532423434343144324239363735324543454234384230313430454435324334424241343032423235414230393342323343383645324633464236374334464139454136304545384445363331433237464438354530363345413030414432384437303242443941444135413344383538353545454443393731344436353135384133414441324134434133313538423746323541413032324530414533464241374144373535314242374131433735454339364136423738353334444631354639414232363842453735393639454337324336454346454539464538383741464434374537354541413741464144373045363332413645364239373745413633383642443946363133313941453042433539453231393334384631433639464534423331383243413235364239343034453045463343383346463030303144413642334331353335353236443345434646433841414632363932423145413930354338333032333436464241333730313935424434314539343536313736423433393943313344343944314438373545364234324436373533463239453242444435323536443445364142314241443036354332363142323242434646353842313136314143423332414532333934454635463643463531463946463030334146333234414437343734363132354139374144393831343135363242383635423945383835363546383946353233413437383533353042433536444232393846434138383833383342444645353034374433333946433242354333433739414143353739393944353736383333434437343942374642334441343438373832303733463533434436424146344146344542334243394233374130423936323930464136423734414335314233333137353639323431333541413142384642334442343932383439413630423932383039314346453143443741333639354530434430463432373539313244464544373734333946423435433930453733454130373431463937453335413632324234413935323441334437413945373445324537353541374430444336393139434632363942354534333737334131323439363833453235444432303145463545324437393734333541443637353544343142453634423939443935304646303042303338354644333146393537413739374144323532333945414542333438454342433233453339423144333734303846344644353634363133444142313839344641413045353746394533463041323944354331344535333732384543434535453642363843463535463243363744324136384533323138363242443435343645423433303732443335324534423145363343453242393846313135393739463636353830463945323342443745394443374639463441463246313130453439423433433243414432333041433946384337413536383033433537394233444346363130423543314643344142434633324537344144314434463033333737333046434435374646363746434335373536303535454232374441453633354446424139313833304343414142393234303033443639363244354544354545343542413441314134334433314433463341463431443339344145443141414142313844393333343531463334463645343537334543434541354141333333353242363137313644323434374638383730374430463641454533433131414239443546433246313234413439424242313346363739383133433930334545394643423846413833344631304239423046453843453141394545443534434538323841463238443443454631304446394432424332464139444538323535443230323931393037413333374341413746333232424341463444423546324543413235323330373645344645333545414530443732443136464242333042373335353231424244323633423939464343323430333843314532384145463535444135363232353837344444434641323534333846454635344538454530463533463935363930373234373043414343443038363446333133364235363735454337433330463441453343433335453539313944314637363736333843393231464233354442323046424239453345393537313046313545333443463645334231323246444631354534314138433941383738393343363741394344413644384342373644453646393331454431463232323246434130393237383139433637423737414546434239323445353239334232343845374334334233343734374136464333373739333643424146444645453144374543393641373033453835424643334633414239453245463042443841373835344342413344393437364633453945444537414639364246333341384642443933443439433733434641353641463142434435413331384539314239394642333937324239424443453545433645393645323038453435453843333335413441373232384139314535393538463441393442394133373230394433323241334630424541314644383745333138443634364335413641343343383933443135464638344645373846433039414238324537383441314444314344384135363441354438463531363532414534314544343935453239413237413143363743344142413346443942413636393442443645454530433846384645453230464630303136434646433036423032303446393242443741344239363834344341384542333933303638464536413241414536464341374243413935413935353936424438384339314530423443423130424145363939374231383635304333424630364230433743363332413045444241333238444434443143393641373646383744443845343535363838463135463331323344454136454631344339343530424642423532413830323832373234323843363446414434323644313444323742383533393038434544363139353631383630374131303639413736373730393242414231453433373536323734304631323545453932373345353036463336444346414131453946453744384436393432443931354544353646374144324545324332434244444231323338433841433544354144304346364343313745464146434341374443353444313935413438443242433739413244314539424531424436334642374243333736423745433733333831453535433746443734354542463946303746314144333033323430414633324243333932414238463939384432393545303939453637453245424131413837384632353844373938454332303538303746424337453633464630304131313146383532433242383541463445344144303841463234334332454139423135393739413241324537343945453042313846344139343241384634414636363131343846394436443932414544314432414339303234383441453341384144413530384345304533444343363537424443453742353238334139433744364238384434334335313631413245424133344544343536354237343738433341354331313934333932343734314345334445424534453134323535363645304237334437413535353436394136434445383545324239423735423842363941333945313646424232343644423831464334353244363132384238424233334136333235323537343134353439343731444631313734433639423443423644364530354343443630444236354337353638434646303038314645373543453539434332343844353934453535383032324244374134463942304631374442343332413246393641333839374337323241423543323634373441393845384345433941424132374630324541314644393745323739463441393542313644413841454538423344303441424433463331393146354335374134383634383737433932394442314336413539384641303143394143373142304244353532454539374639314331344444393441334438463138443341373742454239424144343235313839324545373739343846344339434533463944364543374637364242333130414432423142453137453034333144424536413242324231424443463734353546413745333446303037413846433035374237313536334537314231444536323045413641363836363034453032463541443135343544303839343544384146413834334238313338464244354536314631323734344642364538323246413238433335433639454442433843374445384346444531463837303746334146394639414636353844463946453746463030304537353530393545394438463338443341453246373443393536463334354244393244353943363441303339343646363241373833354442363939463131454444384134314146354131423439304631463638383431363843464434373531464144373445323330454142414433343932464334453934444433374343423633423338323438414545444436453644323638453738314241343931423036314641353244373837323842384242333341453333353235373432334333313544343132444143454242413139443043364533443431313545334636463646324539314139354445393137303446393936393231304134464630303132463633464537443642443043304341463039343345363637324637364141374443443938394232323936343543384141443939444442413330463535384135384435324541444339344238423737313243364333413832304536424437333439443445314436373439423444344431353443373733314645463133423036453843413746314338413331364146344133334543434530393242353536424239453533373941373146304646383941463334413339463234333739423643344637384442393146393734464138333537443146453541453841414639414432454536393836393742423632313739334537413239323839364535413945463038354441413631303936454137463341463436313139344637334333393335313234353839353037333532324241383343353736343633313832333236444338394134303236383438454644343537334237463645384442393234343044314338413531443446373037383232424331434441333641393139414645414336463835374142383945313337314137334538394145444545393132453731304245453838394645323433433833463935353833364542323231353630303833443431313941443237334244413442414541374137343132393432434341463644303545453844373436454234384243393244363433463739343143413346423131443044373535413646433436343132324331453230423233364343373846423534303042343637454133413846433333463441394144344133383935373541344246333333393435443137373542314441343132433137373645423733363737313135433430433332423234344531383146434142383646383842413737393137313633453230383937383034354244434530373646453133464433463241453143314445313546393235443734324141343934413241364241313933364432303241333941423944343537343446343637374433373734353442393846324137323242344645314436413146363542454244463046434144463234393942394235434641464631323846433330374630333537323543463436353146394644433732363231354134413435444638384441363334444135354236423530414536453334463744423245334243344337464131464644303844373233313543383738393539344534313139313435303743463432334535413131303743423339323332364531423533424342383736423038324532343835304543324431343635383645314437463944313544454131343932443545413733344141443437323736363744333432353435453031434644323937454430374130453242364636413936393133393339314244433646394243463541373039304641443335333146323937324444424434463135353335303830314444384546433841453343434530394432344641393134394441413145353146313246344236313035413642423041453634423536463241374337373432373832374538373846433642394242363931354431343833393034373036423845393442394138343546364430463546304545443236384232363330433241423446364141454134313530343145413038413233324233334232373034443139393142444437383745453345444641354344323432434143314134384435424535393037373034373741463541393632423446313337383731393134383336444138354245353446463734393143374532304646303032413331364645304143423734434633463933393542383737334341373444363936303332443935433032423731364145363237303744414236453336433841424145424445363736363141353738323132343543384143354242393636443332464144373535423646463544363932303746413843463230464237463432363944304233373637443439433534364630363741464133444136414441374142453343434232424538333931454138433339314635453731354532353742304346413144443545453933324535414532444135463245334330464245304644443230374238453746314143463031424341394233393237324233353345453846363246304245393233433339453146423642303231374346433739393730373139434338444437463245303744303041324238324144363732413845354443423844324637353144314639424546344631323637424437423331393143384532343841343946413534383236343843374139463533354431303932384142423333363942443131323432463234434439313930424443394144313941323046364643373235373941414142343944354133323646423638363333364133323439314343364144413743333742364437313635373033333035434336363336463643463746413841463046423634394234444243423944333245423839414432343331394637313945304437384638343737384341314633334432413532423439334545364234373330323341443439393034353533353636374136394136384139373331324232393034363431453242374245314336413435363342434430363536463941444442434642374346373432373931463831414241384239453834393736443445324143414433353232383738463734464645434446313044423642313141453244454638373935333741303930373433463838464534364141433046393134454643463441333246324643384143333342333731324346353135343645453130453843413436343131383335313444443939443535313544314430374333384434393941434145463431393938393936433938434230363446353843394537463233464630304131353644444637383641433735304631323539364237333645463341443430464444383033364338353739353237444337463431353844374138453835373934413344353745363739463038373343333935463436364641343444323044444542343537314138444344354344324430423231344537313532384332373545344641304146363631413641434533374438364234433446303036344641304142333644363844323130443231453344324237413239443639444241313133364131314239413233364336424538303534423035433646334237423537413735314135314535343730443942353732384541313646463030374230334443353739413738423343313733454235414130443446344442413836444545384336313235353934314442323633413143384346333845334135374342433636423046383837434442364138463432384445353042414444314337444436393145323644323732443735413343423334343346453541444139463334314643313732374633433535333837354142373737333142343945354338334141423843313135453846323436413245364136454537344433433435423439453835423337304145393930433038334443353534384235303744314635414233443545324346454531463132304645463231453038464341393533384446444437443442414546394133373437413946383833344238424334374531424238423538383836463341333133354233464642343036353446453346443642434246343942393639364444343438303839353045433735334434313135434438363737413445334439393334444441413546424133363135433644454235304345433331343435364137373439453836354441454132444131463838364346353734303441343446423237303346384133334331314639363642443930454436323145333630453845333732423045383431453836423343374337343843424534373044333736394339313842414336383737444139444441344436444145354444384132433631334341383741313339323733443741463346413531353843333139313834353435433245323935323644444545373532443237313831433041363245453733383032424242353643433736333436444144303043313631394142384432413436424634414635413834353532383544394335353142394341433533373938433837443035344636413745363044464332334137424432383442444134383732384632413245354432414339313832334138464535354344444543343532343234353738333939413545443942343644383239353944393938443045424241363344463442363639413944423042393839463633343444323035334242443036374146453135334446453935363341393236444434373445423742393037463841343843313346383145423543433935354132443442363342354632353444304535414637453142453846333136374433454532454234463930463430414442443037453037394644364239454434334330354532324236384443354242444145413530453339304144423234464338453037454136424431413338463843463441424246373332393533393433453144384542374330434441394331453145344233443445443236423739414432343331433745363843313634454133463243453333354338463842463446463030454334463136423446313245444234443439374344354337343132304642433346334645373533343635314641433445333137413346463837314541413331393332393335463234353145453931433238314443394136443941454137414543413632443145433234423830304531413636314236333546413933433746354145383530343937333439443931423534414436353635423944363639374630434533323536364437414635414541344542463636423732353633314635364541374630433537374436444137303538413338413238433234353141383534353033383530303630304146333331353838373545344133314439313843354632324536374239413039413741454445374639353135383238323331373838363530383931394346333541333134344138333236424443433343333941354343433941393242324230453932453432414646303032414138443333343837323444364435414235444632413236394333414231443137434537414643413346354142363636353839333733363330303536393441344133314536363443443544443931324438434336363633424345373735353744343230454245413242433843363435434133434533383345354142363343353745323236383731353937383845314434334341314636364434313730443845333643413341464537433146434542314143413644353734434646393035454144373736434130453743424446423930464630304330344631464135373635324138413734363343434145414446393144304139413935454442394244364446313033433431363946324446353935413546414646374533464444424645394337453935424236354631314234314239334232454335434539443237413443383539374633354645413242394141453032333246374138424639313441413441394539323341334236424442334246384643434233424338324535303045344335323036433744373144324233464334464130464643323437413330423435373538454536323930343930344144443134463731433741384146334539434135343241413732354231424345443532314131394641334643333844324544353936374434413439333533423931434531464535383837464330374246453237463041454532444543384143344231433638393134344133304138384130303033443830414432424532323535453544393143463635304435454536384331363030373338464334443544343836333846454637333541353141314436354231433535364142393344303933434434314330413242443634393736333045343636333232324334423933443641323941453331463546344138393444353338353845453439433944434142393739314233353241343635463846453131443744454239413044433939423342323434453345343145433241394339333139453530303133423437344637414539414433423437393537353333413731424245363334414339464341463938463641424432384633413131323741384536423043353242443334424536363133443235434337313545333044304646303042364243334637373634414239394434373944303146463644373930334631453437453335453431363537314536444241393631383631463242304634323242334331424244323731454346463333423630464445463531324532464131343630393932463231333830383833323439414439443337433133414645423641414437333141363937363644464335373042393930384636344542463945444145413934453334363343463346393230394346393944413237374445314446303736394245314530453643383442324443343841313634394535364339363144373030304530304643333345453642413638373446323730354142433441423339353741384537323037333534453336333532304433433030333843374239414236423134373137323739334546354538453146304236344137334642424643434633414135353732374130423234413030453241394234384334463236423741444631354335303844383645463232384138453736363936333344453433454243443432323244433641323732453636373532463735313230383732333033463141394434303531384634414241344144413933323737443041423735324537453435454644364133383130363733353332393733344344323241443132434233383035363335454444364235324435433341373937454435353531463335443143463536334545393441463632324144424337353135453633374246304533454442453230424142383544343745434241373445464536313841313546444536453346373830454330374131453745393543333433313041383444444435454536423034453731344431443536383945313644324234343531464439423632414232453330364532344639413433454246333145394634313831354430433536323538453543393236423139434537354135434432324135323844333536343638343336343134304530304142343136333846313831354538363145383238464244324443453039443437323632313942443241323736323542393344364242314246373435313844393843434534363241313641433641334241343639313142394132423232384343334436413635413934373433323734453934384446373746314144413342313941333335464644364237443641373837423536353146384345383937433230334644364237443642343643424644373745313437343332414246303932444546444336414335464533464336424341414246313046304446303941353644464432423432314542354431344637343733443644433943463541383146413841463536323631313139444344304444303535334439393744343630464244353139454136423139364335413233413241303637464646443930304646454330303131343437353633364237393030303130303034303030303030344630303030464645313333434436383734373437303341324632463645373332453631363436463632363532453633364636443246373836313730324633313245333032463030334333463738373036313633364236353734323036323635363736393645334432324546424242463232323036393634334432323537333534443330344437303433363536383639343837413732363535333741344535343633374136423633333936343232334633453044304133433738334137383644373036443635373436313230373836443643364537333341373833443232363136343646363236353341364537333341364436353734363132463232323037383341373836443730373436423344323234313634364636323635323035383444353032303433364637323635323033363245333032443633333033303332323033373339324533313336333433333336333032433230333233303332333032463330333232463331333332443330333133413330333733413332333232303230323032303230323032303230323233453044304130393343373236343636334135323434343632303738364436433645373333413732363436363344323236383734373437303341324632463737373737373245373733333245364637323637324633313339333933393246333033323246333233323244373236343636324437333739364537343631373832443645373332333232334530443041303930393343373236343636334134343635373336333732363937303734363936463645323037323634363633413631363236463735373433443232323232303738364436433645373333413738364437303444344433443232363837343734373033413246324636453733324536313634364636323635324536333646364432463738363137303246333132453330324636443644324632323230373836443643364537333341373337343532363536363344323236383734373437303341324632463645373332453631363436463632363532453633364636443246373836313730324633313245333032463733353437393730363532463532363537333646373537323633363535323635363632333232323037383644364336453733334137383644373033443232363837343734373033413246324636453733324536313634364636323635324536333646364432463738363137303246333132453330324632323230373836443730344434443341344637323639363736393645363136433434364636333735364436353645373434393434334432323738364437303245363436393634334136333330333836343337363333313635324433323339333733383244363136343334333732443631363633343337324433333636333333393635363636353331333536333334363232323230373836443730344434443341343436463633373536443635364537343439343433443232373836443730324536343639363433413436333534353332343333333333333034343337333534333331333134353431333934363331333133393432343433333435333334343436343433333432343632323230373836443730344434443341343936453733373436313645363336353439343433443232373836443730324536393639363433413436333534353332343333333332343634343337333534333331333134353431333934363331333133393432343433333435333334343436343433333432343632323230373836443730334134333732363536313734364637323534364636463643334432323537363936453634364637373733323035303638364637343646323034353634363937343646373232303331333032453330324533313330333033313331324533313336333333383334323233453044304130393039303933433738364437303444344433413434363537323639373636353634343637323646364432303733373435323635363633413639364537333734363136453633363534393434334432323738364437303245363936393634334136333330333836343337363333313635324433323339333733383244363136343334333732443631363633343337324433333636333333393635363636353331333536333334363232323230373337343532363536363341363436463633373536443635364537343439343433443232373836443730324536343639363433413633333033383634333736333331363532443332333933373338324436313634333433373244363136363334333732443333363633333339363536363635333133353633333436323232324633453044304130393039303933433738364437303341343337323635363137343635343436313734363533453332333033323330324433313331324433313333353433313337334133333339334133313337324533333332333633433246373836443730334134333732363536313734363534343631373436353345334332463732363436363341343436353733363337323639373037343639364636453345304430413039334332463732363436363341353234343436334530443041334332463738334137383644373036443635373436313345304430413230323032303230323032303230323032303230323032303230323032303230323032303230323032303230323032303230323032303230323032303230323032303230323032303230323032303230323032303230323032303230323032303230323032303230323032303230323032303230323032303230323032303230323032303230323032303230323032303230323032303230323032303230323032303230323032303230323032303230323032303230323032303230323032303230323032303230304132303230323032303230323032303230323032303230323032303230323032303230323032303230323032303230323032303230323032303230323032303230323032303230323032303230323032303230323032303230323032303230323032303230323032303230323032303230323032303230323032303230323032303230323032303230323032303230323032303230323032303230323032303230323032303230323032303230323032303230323032303230323032303230323032303230323032303041323032303230323032303230323032303230323032303230323032303230323032303230323032303230323032303230323032303230323032303230323032303230323032303230323032303230323032303230323032303230323032303230323032303230323032303230323032303230323032303230323032303230323032303230323032303230323032303230323032303230323032303230323032303230323032303230323032303230323032303230323032303230323032303230323032303230323030413230323032303230323032303230323032303230323032303230323032303230323032303230323032303230323032303230323032303230323032303230323032303230323032303230323032303230323032303230323032303230323032303230323032303230323032303230323032303230323032303230323032303230323032303230323032303230323032303230323032303230323032303230323032303230323032303230323032303230323032303230323032303230323032303230323032303230304132303230323032303230323032303230323032303230323032303230323032303230323032303230323032303230323032303230323032303230323032303230323032303230323032303230323032303230323032303230323032303230323032303230323032303230323032303230323032303230323032303230323032303230323032303230323032303230323032303230323032303230323032303230323032303230323032303230323032303230323032303230323032303230323032303230323032303041323032303230323032303230323032303230323032303230323032303230323032303230323032303230323032303230323032303230323032303230323032303230323032303230323032303230323032303230323032303230323032303230323032303230323032303230323032303230323032303230323032303230323032303230323032303230323032303230323032303230323032303230323032303230323032303230323032303230323032303230323032303230323032303230323032303230323030413230323032303230323032303230323032303230323032303230323032303230323032303230323032303230323032303230323032303230323032303230323032303230323032303230323032303230323032303230323032303230323032303230323032303230323032303230323032303230323032303230323032303230323032303230323032303230323032303230323032303230323032303230323032303230323032303230323032303230323032303230323032303230323032303230323032303230304132303230323032303230323032303230323032303230323032303230323032303230323032303230323032303230323032303230323032303230323032303230323032303230323032303230323032303230323032303230323032303230323032303230323032303230323032303230323032303230323032303230323032303230323032303230323032303230323032303230323032303230323032303230323032303230323032303230323032303230323032303230323032303230323032303230323032303041323032303230323032303230323032303230323032303230323032303230323032303230323032303230323032303230323032303230323032303230323032303230323032303230323032303230323032303230323032303230323032303230323032303230323032303230323032303230323032303230323032303230323032303230323032303230323032303230323032303230323032303230323032303230323032303230323032303230323032303230323032303230323032303230323032303230323030413230323032303230323032303230323032303230323032303230323032303230323032303230323032303230323032303230323032303230323032303230323032303230323032303230323032303230323032303230323032303230323032303230323032303230323032303230323032303230323032303230323032303230323032303230323032303230323032303230323032303230323032303230323032303230323032303230323032303230323032303230323032303230323032303230323032303230304132303230323032303230323032303230323032303230323032303230323032303230323032303230323032303230323032303230323032303230323032303230323032303230323032303230323032303230323032303230323032303230323032303230323032303230323032303230323032303230323032303230323032303230323032303230323032303230323032303230323032303230323032303230323032303230323032303230323032303230323032303230323032303230323032303230323032303041323032303230323032303230323032303230323032303230323032303230323032303230323032303230323032303230323032303230323032303230323032303230323032303230323032303230323032303230323032303230323032303230323032303230323032303230323032303230323032303230323032303230323032303230323032303230323032303230323032303230323032303230323032303230323032303230323032303230323032303230323032303230323032303230323032303230323030413230323032303230323032303230323032303230323032303230323032303230323032303230323032303230323032303230323032303230323032303230323032303230323032303230323032303230323032303230323032303230323032303230323032303230323032303230323032303230323032303230323032303230323032303230323032303230323032303230323032303230323032303230323032303230323032303230323032303230323032303230323032303230323032303230323032303230304132303230323032303230323032303230323032303230323032303230323032303230323032303230323032303230323032303230323032303230323032303230323032303230323032303230323032303230323032303230323032303230323032303230323032303230323032303230323032303230323032303230323032303230323032303230323032303230323032303230323032303230323032303230323032303230323032303230323032303230323032303230323032303230323032303230323032303041323032303230323032303230323032303230323032303230323032303230323032303230323032303230323032303230323032303230323032303230323032303230323032303230323032303230323032303230323032303230323032303230323032303230323032303230323032303230323032303230323032303230323032303230323032303230323032303230323032303230323032303230323032303230323032303230323032303230323032303230323032303230323032303230323032303230323030413230323032303230323032303230323032303230323032303230323032303230323032303230323032303230323032303230323032303230323032303230323032303230323032303230323032303230323032303230323032303230323032303230323032303230323032303230323032303230323032303230323032303230323032303230323032303230323032303230323032303230323032303230323032303230323032303230323032303230323032303230323032303230323032303230323032303230304132303230323032303230323032303230323032303230323032303230323032303230323032303230323032303230323032303230323032303230323032303230323032303230323032303230323032303230323032303230323032303230323032303230323032303230323032303230323032303230323032303230323032303230323032303230323032303230323032303230323032303230323032303230323032303230323032303230323032303230323032303230323032303230323032303230323032303041323032303230323032303230323032303230323032303230323032303230323032303230323032303230323032303230323032303230323032303230323032303230323032303230323032303230323032303230323032303230323032303230323032303230323032303230323032303230323032303230323032303230323032303230323032303230323032303230323032303230323032303230323032303230323032303230323032303230323032303230323032303230323032303230323032303230323030413230323032303230323032303230323032303230323032303230323032303230323032303230323032303230323032303230323032303230323032303230323032303230323032303230323032303230323032303230323032303230323032303230323032303230323032303230323032303230323032303230323032303230323032303230323032303230323032303230323032303230323032303230323032303230323032303230323032303230323032303230323032303230323032303230323032303230304132303230323032303230323032303230323032303230323032303230323032303230323032303230323032303230323032303230323032303230323032303230323032303230323032303230323032303230323032303230323032303230323032303230323032303230323032303230323032303230323032303230323032303230323032303230323032303230323032303230323032303230323032303230323032303230323032303230323032303230323032303230323032303230323032303230323032303041323032303230323032303230323032303230323032303230323032303230323032303230323032303230323032303230323032303230323032303230323032303230323032303230323032303230323032303230323032303230323032303230323032303230323032303230323032303230323032303230323032303230323032303230323032303230323032303230323032303230323032303230323032303230323032303230323032303230323032303230323032303230323032303230323032303230323030413230323032303230323032303230323032303230323032303230323032303230323032303230323032303230323032303230323032303230323032303230323032303230323032303230323032303230323032303230323032303230323032303230323032303230323032303230323032303230323032303230323032303230323032303230323032303230323032303230323032303230323032303230323032303230323032303230323032303230323032303230323032303230323032303230323032303230304132303230323032303230323032303230323032303230323032303230323032303230323032303230323032303230323032303230323032303230323032303230323032303230323032303230323032303230323032303230323032303230323032303230323032303230323032303230323032303230323032303230323032303230323032303230323032303230323032303230323032303230323032303230323032303230323032303230323032303230323032303230323032303230323032303230323032303041323032303230323032303230323032303230323032303230323032303230323032303230323032303230323032303230323032303230323032303230323032303230323032303230323032303230323032303230323032303230323032303230323032303230323032303230323032303230323032303230323032303230323032303230323032303230323032303230323032303230323032303230323032303230323032303230323032303230323032303230323032303230323032303230323032303230323030413230323032303230323032303230323032303230323032303230323032303230323032303230323032303230323032303230323032303230323032303230323032303230323032303230323032303230323032303230323032303230323032303230323032303230323032303230323032303230323032303230323032303230323032303230323032303230323032303230323032303230323032303230323032303230323032303230323032303230323032303230323032303230323032303230323032303230304132303230323032303230323032303230323032303230323032303230323032303230323032303230323032303230323032303230323032303230323032303230323032303230323032303230323032303230323032303230323032303230323032303230323032303230323032303230323032303230323032303230323032303230323032303230323032303230323032303230323032303230323032303230323032303230323032303230323032303230323032303230323032303230323032303230323032303041323032303230323032303230323032303230323032303230323032303230323032303230323032303230323032303230323032303230323032303230323032303230323032303230323032303230323032303230323032303230323032303230323032303230323032303230323032303230323032303230323032303230323032303230323032303230323032303230323032303230323032303230323032303230323032303230323032303230323032303230323032303230323032303230323032303230323030413230323032303230323032303230323032303230323032303230323032303230323032303230323032303230323032303230323032303230323032303230323032303230323032303230323032303230323032303230323032303230323032303230323032303230323032303230323032303230323032303230323032303230323032303230323032303230323032303230323032303230323032303230323032303230323032303230323032303230323032303230323032303230323032303230323032303230304132303230323032303230323032303230323032303230323032303230323032303230323032303230323032303230323032303230323032303230323032303230323032303230323032303230323032303230323032303230323032303230323032303230323032303230323032303230323032303230323032303230323032303230323032303230323032303230323032303230323032303230323032303230323032303230323032303230323032303230323032303230323032303230323032303230323032303041323032303230323032303230323032303230323032303230323032303230323032303230323032303230323032303230323032303230323032303230323032303230323032303230323032303230323032303230323032303230323032303230323032303230323032303230323032303230323032303230323032303230323032303230323032303230323032303230323032303230323032303230323032303230323032303230323032303230323032303230323032303230323032303230323032303230323030413230323032303230323032303230323032303230323032303230323032303230323032303230323032303230323032303230323032303230323032303230323032303230323032303230323032303230323032303230323032303230323032303230323032303230323032303230323032303230323032303230323032303230323032303230323032303230323032303230323032303230323032303230323032303230323032303230323032303230323032303230323032303230323032303230323032303230304132303230323032303230323032303230323032303230323032303230323032303230323032303230323032303230323032303230323032303230323032303230323032303230323032303230323032303230323032303230323032303230323032303230323032303230323032303230323032303230323032303230323032303230323032303230323032303230323032303230323032303230323032303230323032303230323032303230323032303230323032303230323032303230323032303230323032303041323032303230323032303230323032303230323032303230323032303230323032303230323032303230323032303230323032303230323032303230323032303230323032303230323032303230323032303230323032303230323032303230323032303230323032303230323032303230323032303230323032303230323032303230323032303230323032303230323032303230323032303230323032303230323032303230323032303230323032303230323032303230323032303230323032303230323030413230323032303230323032303230323032303230323032303230323032303230323032303230323032303230323032303230323032303230323032303230323032303230323032303230323032303230323032303230323032303230323032303230323032303230323032303230323032303230323032303230323032303230323032303230323032303230323032303230323032303230323032303230323032303230323032303230323032303230323032303230323032303230323032303230323032303230304132303230323032303230323032303230323032303230323032303230323032303230323032303230323032303230323032303230323032303230323032303230323032303230323032303230323032303230323032303230323032303230323032303230323032303230323032303230323032303230323032303230323032303230323032303230323032303230323032303230323032303230323032303230323032303230323032303230323032303230323032303230323032303230323032303230323032303041323032303230323032303230323032303230323032303230323032303230323032303230323032303230323032303230323032303230323032303230323032303230323032303230323032303230323032303230323032303230323032303230323032303230323032303230323032303230323032303230323032303230323032303230323032303230323032303230323032303230323032303230323032303230323032303230323032303230323032303230323032303230323032303230323032303230323030413230323032303230323032303230323032303230323032303230323032303230323032303230323032303230323032303230323032303230323032303230323032303230323032303230323032303230323032303230323032303230323032303230323032303230323032303230323032303230323032303230323032303230323032303230323032303230323032303230323032303230323032303230323032303230323032303230323032303230323032303230323032303230323032303230323032303230304132303230323032303230323032303230323032303230323032303230323032303230323032303230323032303230323032303230323032303230323032303230323032303230323032303230323032303230323032303230323032303230323032303230323032303230323032303230323032303230323032303230323032303230323032303230323032303230323032303230323032303230323032303230323032303230323032303230323032303230323032303230323032303230323032303230323032303041323032303230323032303230323032303230323032303230323032303230323032303230323032303230323032303230323032303230323032303230323032303230323032303230323032303230323032303230323032303230323032303230323032303230323032303230323032303230323032303230323032303230323032303230323032303230323032303230323032303230323032303230323032303230323032303230323032303230323032303230323032303230323032303230323032303230323030413230323032303230323032303230323032303230323032303230323032303230323032303230323032303230323032303230323032303230323032303230323032303230323032303230323032303230323032303230323032303230323032303230323032303230323032303230323032303230323032303230323032303230323032303230323032303230323032303230323032303230323032303230323032303230323032303230323032303230323032303230323032303230323032303230323032303230304132303230323032303230323032303230323032303230323032303230323032303230323032303230323032303230323032303230323032303230323032303230323032303230323032303230323032303230323032303230323032303230323032303230323032303230323032303230323032303230323032303230323032303230323032303230323032303230323032303230323032303230323032303230323032303230323032303230323032303230323032303230323032303230323032303230323032303041323032303230323032303230323032303230323032303230323032303230323032303230323032303230323032303230323032303230323032303230323032303230323032303230323032303230323032303230323032303230323032303230323032303230323032303230323032303230323032303230323032303230323032303230323032303230323032303230323032303230323032303230323032303230323032303230323032303230323032303230323032303230323032303230323032303230323030413230323032303230323032303230323032303230323032303230323032303230323032303230323032303230323032303230323032303230323032303230323032303230323032303230323032303230323032303230323032303230323032303230323032303230323032303230323032303230323032303230323032303230323032303230323032303230323032303230323032303230323032303230323032303230323032303230323032303230323032303230323032303230323032303230323032303230304132303230323032303230323032303230323032303230323032303230323032303230323032303230323032303230323032303230323032303230323032303230323032303230323032303230323032303230323032303230323032303230323032303230323032303230323032303230323032303230323032303230323032303230323032303230323032303230323032303230323032303230323032303230323032303230323032303230323032303230323032303230323032303230323032303230323032303041323032303230323032303230323032303230323032303230323032303230323032303230323032303230323032303230323032303230323032303230323032303230323032303230323032303230323032303230323032303230323032303230323032303230323032303230323032303230323032303230323032303230323032303230323032303230323032303230323032303230323032303230323032303230323032303230323032303230323032303230323032303230323032303230323032303230323030413230323032303230323032303230323032303230323032303230323032303230323032303230323032303230323032303230323032303230323032303230323032303230323032303230323032303230323032303230323032303230323032303230323032303230323032303230323032303230323032303230323032303230323032303230323032303230323032303230323032303230323032303230323032303230323032303230323032303230323032303230323032303230323032303230323032303230304132303230323032303230323032303230323032303230323032303230323032303230323032303230323032303230323032303230323032303230323032303230323032303230323032303230323032303230323032303230323032303230323032303230323032303230323032303230323032303230323032303230323032303230323032303230323032303230323032303230323032303230323032303230323032303230323032303230323032303230323032303230323032303230323032303230323032303041323032303230323032303230323032303230323032303230323032303230323032303230323032303230323032303230323032303230323032303230323032303230323032303230323032303230323032303230323032303230323032303230323032303230323032303230323032303230323032303230323032303230323032303230323032303230323032303230323032303230323032303230323032303230323032303230323032303230323032303230323032303230323032303230323032303230323030413230323032303230323032303230323032303230323032303230323032303230323032303230323032303230323032303230323032303230323032303230323032303230323032303230323032303230323032303230323032303230323032303230323032303230323032303230323032303230323032303230323032303230323032303230323032303230323032303230323032303230323032303230323032303230323032303230323032303230323032303230323032303230323032303230323032303230304132303230323032303230323032303230323032303230323032303230323032303230323032303230323032303230323032303230323032303230323032303230323032303230323032303230323032303230323032303230323032303230323032303230323032303230323032303230323032303230323032303230323032303230323032303230323032303230323032303230323032303230323032303230323032303230323032303230323032303230323032303230323032303230323032303230323032303041323032303230323032303230323032303230323032303230323032303230323032303230323032303230323032303230323032303230323032303230323032303230323032303230323032303230323032303230323032303230323032303230323032303230323032303230323032303230323032303230323032303230323032303230323032303230323032303230323032303230323032303230323032303230323032303230323032303230323032303230323032303230323032303230323032303230323030413230323032303230323032303230323032303230323032303230323032303230323032303230323032303230323032303230323032303230323032303230323032303230323032303230323032303230323032303230323032303230323032303230323032303230323032303230323032303230323032303230323032303230323032303230323032303230323032303230323032303230323032303230323032303230323032303230323032303230323032303230323032303230323032303230323032303230304132303230323032303230323032303230323032303230323032303230323032303230323032303230323032303230323032303230323032303230323032303230323032303230323032303230323032303230323032303230323032303230323032303230323032303230323032303230323032303230323032303230323032303230323032303230323032303230323032303230323032303230323032303230323032303230323032303230323032303230323032303230323032303230323032303230323032303041323032303230323032303230323032303230323032303230323032303230323032303230323032303230323032303230323032303230323032303230323032303230323032303230323032303230323032303230323032303230323032303230323032303230323032303230323032303230323032303230323032303230323032303230323032303230323032303230323032303230323032303230323032303230323032303230323032303230323032303230323032303230323032303230323032303230323030413230323032303230323032303230323032303230323032303230323032303230323032303230323032303230323032303230323032303230323032303230323032303230323032303230323032303230323032303230323032303230323032303230323032303230323032303230323032303230323032303230323032303230323032303230323032303230323032303230323032303230323032303230323032303230323032303230323032303230323032303230323032303230323032303230323032303230304132303230323032303230323032303230323032303230323032303230323032303230323032303230323032303230323032303230323032303230323032303230323032303230323032303230323032303230323032303230323032303230323032303230323032303230323032303230323032303230323032303230323032303230323032303230323032303230323032303230323032303230323032303230323032303230323032303230323032303230323032303230323032303230323032303230323032303041323032303230323032303230323032303230323032303230323032303230323032303230323032303230323032303230323032303230323032303230323032303230323032303230323032303230323032303230323032303230323032303230323032303230323032303230323032303230323032303230323032303230323032303230323032303230323032303230323032303230323032303230323032303230323032303230323032303230323032303230323032303230323032303230323032303230323030413230323032303230323032303230323032303230323032303230323032303230323032303230323032303230323032303230323032303230323032303230323032303230323032303230323032303230323032303230323032303230323032303230323032303230323032303230323032303230323032303230323032303230323032303230323032303230323032303230323032303230323032303230323032303230323032303230323032303230323032303230323032303230323032303230323032303230304132303230323032303230323032303230323032303230323032303230323032303230323032303230323032303230323032303230323032303230323032303230323032303230323032303230323032303230323032303230323032303230323032303230323032303230323032303230323032303230323032303230323032303230323032303230323032303230323032303230323032303230323032303230323032303230323032303230323032303230323032303230323032303230323032303230323032303041323032303230323032303230323032303230323032303230323032303230323032303230323032303230323032303230323032303230323032303230323032303230323032303230323032303230323032303230323032303230323032303230323032303230323032303230323032303230323032303230323032303230323032303230323032303230323032303230323032303230323032303230323032303230323032303230323032303230323032303230323032303230323032303230323032303230323030413230323032303230323032303230323032303230323032303230323032303230323032303230323032303230323032303230323032303230323032303230323032303230323032303230323032303230323032303230323032303230323032303230323032303230323032303230323032303230323032303230323032303230323032303230323032303230323032303230323032303230323032303230323032303230323032303230323032303230323032303230323032303230323032303230323032303230304132303230323032303230323032303230323032303230323032303230323032303230323032303230323032303230323032303230323032303230323032303230323032303230323032303230323032303230323032303230323032303230323032303230323032303230323032303230323032303230323032303230323032303230323032303230323032303230323032303230323032303230323032303230323032303230323032303230323032303230323032303230323032303230323032303230323032303041323032303230323032303230323032303230323032303230323032303230323032303230323032303230323032303230323032303230323032303230323032303230323032303230323032303230323032303230323032303230323032303230323032303230323032303230323032303230323032303230323032303230323032303230323032303230323032303230323032303230323032303230323032303230323032303230323032303230323032303230323032303230323032303230323032303230323030413230323032303230323032303230323032303230323032303230323032303230323032303230323032303230323032303230323032303230323032303230323032303230323032303230323032303230323032303230323032303230323032303230323032303230323032303230323032303230323032303230323032303230323032303230323032303230323032303230323032303230323032303230323032303230323032303230323032303230323032303230323032303230323032303230323032303230304132303230323032303230323032303230323032303230323032303230323032303230323032303230323032303230323032303230323032303230323032303230323032303230323032303230323032303230323032303230323032303230323032303230323032303230323032303230323032303230323032303230323032303230323032303230323032303230323032303230323032303230323032303230323032303230323032303230323032303230323032303230323032303230323032303230323032303041323032303230323032303230323032303230323032303230323032303230323032303230323032303230323032303230323032303230323032303230323032303230323032303230323032303230323032303230323032303230323032303230323032303230323032303230323032303230323032303230323032303230323032303230323032303230323032303230323032303230323032303230323032303230323032303230323032303230323032303230323032303230323032303230323032303230323030413230323032303230323032303230323032303230323032303230323032303230323032303230323032303230323032303230323032303230323032303230323032303230323032303230323032303230323032303230323032303230323032303230323032303230323032303230323032303230323032303230323032303230323032303230323032303230323032303230323032303230323032303230323032303230323032303230323032303230323032303230323032303230323032303230323032303230304132303230323032303230323032303230323032303230323032303230323032303230323032303230323032303230323032303230323032303230323032303230323032303230323032303230323032303230323032303230323032303230323032303230323032303230323032303230323032303230323032303230323032303230323032303230323032303230323032303230323032303230323032303230323032303230323032303230323032303230323032303230323032303230323032303230323032303041323032303230323032303230323032303230323032303230323032303230323032303230323032303230323032303230323032303230323032303230323032303230323032303230323032303230323032303230323032303230323032303230323032303230323032303230323032303230323032303230323032303230323032303230323032303230323032303230323032303230323032303230323032303230323032303230323032303230323032303230323032303230323032303230323032303230323030413230323032303230323032303230323032303230323032303230323032303230323032303230323032303230323032303230323032303230323032303230323032303230323032303230323032303230323032303230323032303230323032303230323032303230323032303230323032303230323032303230323032303230323032303230323032303230323032303230323032303230323032303230323032303230323032303230323032303230323032303230323032303230323032303230323032303230304132303230323032303230323032303230323032303230323032303230323032303230323032303230323032303230323032303230323032303230323032303230323032303230323032303230323032303230323032303230323032303230323032303230323032303230323032303230323032303230323032303230323032303230323032303230323032303230323032303230323032303230323032303230323032303230323032303230323032303230323032303230323032303230323032303230323032303041323032303230323032303230323032303230323032303230323032303230323032303230323032303230323032303230323032303230323032303230323032303230323032303230323032303230323032303230323032303230323032303230323032303230323032303230323032303230323032303230323032303230323032303230323032303230323032303230323032303230323032303230323032303230323032303230323032303230323032303230323032303230323032303230323032303230323030413230323032303230323032303230323032303230323032303230323032303230323032303230323032303230323032303230323032303230323032303230323032303230323032303230323032303230323032303230323032303230323032303230323032303230323032303230323032303230323032303230323032303230323032303230323032303230323032303230323032303230323032303230323032303230323032303230323032303230323032303230323032303230323032303230323032303230304132303230323032303230323032303230323032303230323032303230323032303230323032303230323032303230323032303230323032303230323032303230323032303230323032303230323032303230323032303230323032303230323032303230323032303230323032303230323032303230323032303230323032303230323032303230323032303230323032303230323032303230323032303230323032303230323032303230323032303230323032303230323032303230323032303230323032303041323032303230323032303230323032303230323032303230323032303230323032303230323032303230323032303230323032303230323032303230323032303230323032303230323032303230323032303230323032303230323032303230323032303230323032303230323032303230323032303230323032303230323032303230323032303230323032303230323032303230323032303230323032303230323032303230323032303230323032303230323032303230323032303230323032303230323030413230323032303230323032303230323032303230323032303230323032303230323032303230323032303230323032303230323032303230323032303230323032303230323032303230323032303230323032303230323032303230323032303230323032303230323032303230323032303230323032303230323032303230323032303230323032303230323032303230323032303230323032303230323032303230323032303230323032303230323032303230323032303230323032303230323032303230304132303230323032303230323032303230323032303230323032303230323032303230323032303230323032303230323032303230323032303230323032303230323032303230323032303230323032303230323032303230323032303230323032303230323032303230323032303230323032303230323032303230323032303230323032303230323032303230323032303230323032303230323032303230323032303230323032303230323032303230323032303230323032303230323032303230323032303041323032303230323032303230323032303230323032303230323032303230323032303230323032303230323032303230323032303230323032303230323032303230323032303230323032303230323032303230323032303230323032303230323032303230323032303230323032303230323032303230323032303230323032303230323032303230323032303230323032303230323032303230323032303230323032303230323032303230323032303230323032303230323032303230323032303230323030413230323032303230323032303230323032303230323032303230323032303230323032303230323032303230323032303230323032303230323032303230323032303230323032303230323032303230323032303230323032303230323032303230323032303230323032303230323032303230323032303230323032303230323032303230323032303230323032303230323032303230323032303230323032303230323032303230323032303230323032303230323032303230323032303230323032303230304132303230323032303230323032303230323032303230323032303230323032303230323032303230323032303230323032303230323032303230323032303230323032303230323032303230323032303230323032303230323032303230323032303230323032303230323032303230323032303230323032303230323032303230323032303230323032303230323032303230323032303230323032303230323032303230323032303230323032303230323032303230323032303230323032303230323032303041323032303230323032303230323032303230323032303230323032303230323032303230323032303230323032303230323032303230323032303230323032303230323032303230323032303230323032303230323032303230323032303230323032303230323032303230323032303230323032303230323032303230323032303230323032303230323032303230323032303230323032303230323032303230323032303230323032303230323032303230323032303230323032303230323032303230323030413230323032303230323032303230323032303230323032303230323032303230323032303230323032303230323032303230323032303230323032303230323032303230323032303230323032303230323032303230323032303230323032303230323032303230323032303230323032303230323032303230323032303230323032303230323032303230323032303230323032303230323032303230323032303230323032303230323032303230323032303230323032303230323032303230323032303230304132303230323032303230323032303230323032303230323032303230323032303230323032303230323032303230323032303230323032303230323032303230323032303230323032303230323032303230323032303230323032303230323032303230323032303230323032303230323032303230323032303230323032303230323032303230323032303230323032303230323032303230323032303230323032303230323032303230323032303230323032303230323032303230323032303230323032303041323032303230323032303230323032303230323032303230323032303230323032303230323032303230323032303230323032303230323032303230323032303230323032303230323032303230323032303230323032303230323032303230323032303230323032303230323032303230323032303230323032303230323032303230323032303230323032303230323032303230323032303230323032303230323032303230323032303230323032303230323032303230323032303230323032303230323030413230323032303230323032303230323032303230323032303230323032303230323032303230323032303230323032303230323032303230323032303230323032303230323032303230323032303230323032303230323032303230323032303230323032303230323032303230323032303230323032303230323032303230323032303230323032303230323032303230323032303230323032303230323032303230323032303230323032303230323032303230323032303230323032303230323032303230304132303230323032303230323032303230323032303230323032303230323032303230323032303230323032303230323032303230323032303230323032303230323032303230323032303230323032303230323032303230323032303230323032303230323032303230323032303230323032303230323032303230323032303230323032303230323032303230323032303230323032303230323032303230323032303230323032303230323032303230323032303230323032303230323032303230323032303041323032303230323032303230323032303230323032303230323032303230323032303230323032303230323032303230323032303230323032303230323032303230323032303230323032303230323032303230323032303230323032303230323032303230323032303230323032303230323032303230323032303230323032303230323032303230323032303230323032303230323032303230323032303230323032303230323032303230323032303230323032303230323032303230323032303230323030413230323032303230323032303230323032303230323032303230323032303230323032303230323032303230323032303230323032303230323032303230323032303230323032303230323032303230323032303230323032303230323032303230323032303230323032303230323032303230323032303230323032303230323032303230323032303230323032303230323032303230323032303230323032303230323032303230323032303230323032303230323032303230323032303230323032303230304132303230323032303230323032303230323032303230323032303230323032303230323032303230323032303230323032303230323032303230323032303230323032303230323032303230323032303230323032303230323032303230323032303230323032303230323032303230323032303230323032303230323032303230323032303230323032303230323032303230323032303230323032303230323032303230323032303230323032303230323032303230323032303230323032303230323032303041323032303230323032303230323032303230323032303230323032303230323032303230323032303230323032303230323032303230323032303230323032303230323032303230323032303230323032303230323032303230323032303230323032303230323032303230323032303230323032303230323032303230323032303230323032303230323032303230323032303230323032303230323032303230323032303230323032303230323032303230323032303230323032303230323032303230323030413230323032303230323032303230323032303230323032303230323032303230323032303230323032303230323032303230323032303230323032303230323032303230323032303230323032303230323032303230323032303230323032303230323032303230323032303230323032303230323032303230323032303230323032303230323032303230323032303230323032303230323032303230323032303230323032303230323032303230323032303230323032303230323032303230323032303230304132303230323032303230323032303230323032303230323032303230323032303230323032303230323032303230323032303230323032303230323032303230323032303230323032303230323032303230323032303230323032303230323032303230323032303230323032303230323032303230323032303230323032303230323032303230323032303230323032303230323032303230323032303230323032303230323032303230323032303230323032303230323032303230323032303230323032303041323032303230323032303230323032303230323032303230323032303230323032303230323032303230323032303230323032303230323032303230323032303230323032303230323032303230323032303230323032303230323032303230323032303230323032303230323032303230323032303230323032303230323032303230323032303230323032303230323032303230323032303230323032303230323032303230323032303230323032303230323032303230323032303230323032303230323030413230323032303230323032303230323032303230323032303230323032303230323032303230323032303230323032303230323032303230323032303230323032303230323032303230323032303230323032303230323032303230323032303230323032303230323032303230323032303230323032303230323032303230323032303230323032303230323032303230323032303230323032303230323032303230323032303230323032303230323032303230323032303230323032303230323032303230304132303230323032303230323032303230323032303230323032303230323032303230323032303230323032303230323032303230323032303230323032303230323032303230323032303230323032303230323032303230323032303230323032303230323032303230323032303230323032303230323032303230323032303230323032303230323032303230323032303230323032303230323032303230323032303230323032303230323032303230323032303230323032303230323032303230323032303041323032303230323032303230323032303230323032303230323032303230323032303230323032303230323032303230323032303230323032303230323032303230323032303230323032303230323032303230323032303230323032303230323032303230323032303230323032303230323032303230323032303230323032303230323032303230323032303230323032303230323032303230323032303230323032303230323032303230323032303230323032303230323032303230323032303230323030413230323032303230323032303230323032303230323032303230323032303230323032303230323032303230323032303230323032303230323032303230323032303230323032303230323032303230323032303230323032303230323032303230323032303230323032303230323032303230323032303230323032303230323032303230323032303230323032303230323032303230323032303230323032303230323032303230323032303230323032303230323032303230323032303230323032303230304132303230323032303230323032303230323032303230323032303230323032303230323032303230323032303230323032303230323032303230323032303230323032303230323032303230323032303230323032303230323032303230323032303230323032303230323032303230323032303230323032303230323032303230323032303230323032303230323032303230323032303230323032303230323032303230323032303230323032303230323032303230323032303230323032303230323032303041323032303230323032303230323032303230323032303230323032303230323032303230323032303230323032303230323032303230323032303230323032303230323032303230323032303230323032303230323032303230323032303230323032303230323032303230323032303230323032303230323032303230323032303230323032303230323032303230323032303230323032303230323032303230323032303230323032303230323032303230323032303230323032303230323032303230323030413230323032303230323032303230323032303230323032303230323032303230323032303230323032303230323032303230323032303230323032303230323032303230323032303230323032303230323032303230323032303230323032303230323032303230323032303230323032303230323032303230323032303230323032303230323032303230323032303230323032303230323032303230323032303230323032303230323032303230323032303230323032303230323032303230323032303230304132303230323032303230323032303230323032303230323032303230323032303230323032303230323032303230323032303230323032303230323032303230323032303230323032303230323032303230323032303230323032303230323032303230323032303230323032303230323032303230323032303230323032303230323032303230323032303230323032303230323032303230323032303230323032303230323032303230323032303230323032303230323032303230323032303230323032303041323032303230323032303230323032303230323032303230323032303230323032303230323032303230323032303230323032303230323032303230323032303230323032303230323032303230323032303230323032303230323032303230323032303230323032303230323032303230323032303230323032303230323032303230323032303230323032303230323032303230323032303230323032303230323032303230323032303230323032303230323032303230323032303230323032303230323030413230323032303230323032303230323032303230323032303230323032303230323032303230323032303230323032303230323032303230323032303230323032303230323032303230323032303230323032303230323032303230323032303230323032303230323032303230323032303230323032303230323032303230323032303230323032303230323032303230323032303230323032303230323032303230323032303230323032303230323032303230323032303230323032303230323032303230304132303230323032303230323032303230323032303230323032303230323032303230323032303230323032303230323032303230323032303230323032303230323032303230323032303230323032303230323032303230323032303230323032303230323032303230323032303230323032303230323032303230323032303230323032303230323032303230323032303230323032303230323032303230323032303230323032303230323032303230323032303230323032303230323032303230323032303041323032303230323032303230323032303230323032303230323032303230323032303230323032303230323032303230323032303230323032303230323032303230323032303230323032303230323032303230323032303230323032303230323032303230323032303230323032303230323032303230323032303230323032303230323032303230323032303230323032303230323032303230323032303230323032303230323032303230323032303230323032303230323032303230323032303230323030413230323032303230323032303230323032303230323032303230323032303230323032303230323032303230323032303230323032303230323032303230323032303230323032303230323032303230323032303230323032303230323032303230323032303230323032303230323032303230323032303230323032303230323032303230323032303230323032303230323032303230323032303230323032303230323032303230323032303230323032303230323032303230323032303230323032303230304132303230323032303230323032303230323032303230323032303230323032303230323032303230323032303230323032303230323032303230323032303230323032303230323032303230323032303230323032303230323032303230323032303230323032303230323032303230323032303230323032303230323032303230323032303230323032303230323032303230323032303230323032303230323032303230323032303230323032303230323032303230323032303230323032303230323032303041323032303230323032303230323032303230323032303230323032303230323032303230323032303230323032303230323032303230323032303230323032303230323032303230323032303230323032303230323032303230323032303230323032303230323032303230323032303230323032303230323032303230323032303230323032303230323032303230323032303230323032303230323032303230323032303230323032303230323032303230323032303230323032303230323032303230323030413230323032303230323032303230323032303230323032303230323032303230323032303230323032303230323032303230323032303230323032303230323032303230323032303230323032303230323032303230323032303230323032303230323032303230323032303230323032303230323032303230323032303230323032303230323032303230323032303230323032303230323032303230323032303230323032303230323032303230323032303230323032303230323032303230323032303230304132303230323032303230323032303230323032303230323032303230323032303230323032303230323032303230323032303230323032303230323032303230323032303230323032303230323032303230323032303230323032303230323032303230323032303230323032303230323032303230323032303230323032303230323032303230323032303230323032303230323032303230323032303230323032303230323032303230323032303230323032303230323032303230323032303230323032303041323032303230323032303230323032303230323032303230323032303230323032303230323032303230323032303230323032303230323032303230323032303230323032303230323032303230323032303230323032303230323032303230323032303230323032303230323032303230323032303230323032303230323032303230323032303230323032303230323032303230323032303230323032303230323032303230323032303230323032303230323032303230323032303230323032303230323030413230323032303230323032303230323032303230323032303230323032303230323032303230323032303230323032303230323032303230323032303230323032303230323032303230323032303230323032303230323032303230323032303230323032303230323032303230323032303230323032303230323032303230323032303230323032303230323032303230323032303230323032303230323032303230323032303230323032303230323032303230323032303230323032303230323032303230304132303230323032303230323032303230323032303230323032303230323032303230323032303230323032303230323032303230323032303230323032303230323032303230323032303230323032303230323032303230323032303230323032303230323032303230323032303230323032303230323032303230323032303230323032303230323032303230323032303230323032303230323032303230323032303230323032303230323032303230323032303230323032303230323032303230323032303041323032303230323032303230323032303230323032303230323032303230323032303230323032303230323032303230323032303230323032303230323032303230323032303230323032303230323032303230323032303230323032303230323032303230323032303230323032303230323032303230323032303230323032303230323032303230323032303230323032303230323032303230323032303230323032303230323032303230323032303230323032303230323032303230323032303230323030413230323032303230323032303230323032303230323032303230323032303230323032303230323032303230323032303230323032303230323032303230323032303230323032303230323032303230323032303230323032303230323032303230323032303230323032303230323032303230323032303230323032303230323032303230323032303230323032303230323032303230323032303230323032303230323032303230323032303230323032303230323032303230323032303230323032303230304132303230323032303230323032303230323032303230323032303230323032303230323032303230323032303230323032303230323032303230323032303230323032303230323032303230323032303230323032303230323032303230323032303230323032303230323032303230323032303230323032303230323032303230323032303230323032303230323032303230323032303230323032303230323032303230323032303230323032303230323032303230323032303230323032303230323032303041323032303230323032303230323032303230323032303230323032303230323032303230323032303230323032303230323032303230323032303230323032303230323032303230323032303230323032303230323032303230323032303230323032303230323032303230323032303230323032303230323032303230323032303230323032303230323032303230323032303230323032303230323032303230323032303230323032303230323032303230323032303230323032303230323032303230323030413230323032303230323032303230323032303230323032303230323032303230323032303230323032303230323032303230323032303230323032303230323032303230323032303230323032303230323032303230323032303230323032303230323032303230323032303230323032303230323032303230323032303230323032303230323032303230323032303230323032303230323032303230323032303230323032303230323032303230323032303230323032303230323032303230323032303230304132303230323032303230323032303230323032303230323032303230323032303230323032303230323032303230323032303230323032303230323032303230323032303230323032303230323032303230323032303230323032303230323032303230323032303230323032303230323032303230323032303230323032303230323032303230323032303230323032303230323032303230323032303230323032303230323032303230323032303230323032303230323032303230323032303230323032303041323032303230323032303230323032303230323032303230323032303230323032303230323032303230323032303230323032303230323032303230323032303230323032303230323032303230323032303230323032303230323032303230323032303230323032303230323032303230323032303230323032303230323032303230323032303230323032303230323032303230323032303230323032303230323032303230323032303230323032303230323032303230323032303230323032303230323030413230323032303230323032303230323032303230323032303230323032303230323032303230323032303230323032303230323032303230323032303230323032303230323032303230323032303230323032303230323032303230323032303230323032303230323032303230323032303230323032303230323032303230323032303230323032303230323032303230323032303230323032303230323032303230323032303230323032303230323032303230323032303230323032303230323032303230304132303230323032303230323032303230323032303230323032303230323032303230323032303230323032303230323032303230323032303230323032303230323032303230323032303230323032303230323032303230323032303230323032303230323032303230323032303230323032303230323032303230323032303230323032303343334637383730363136333642363537343230363536453634334432373737323733463345464644423030343330303033303230323033303230323033303330333033303430333033303430353038303530353034303430353041303730373036303830433041304330433042304130423042304430453132313030443045313130453042304231303136313031313133313431353135313530433046313731383136313431383132313431353134464644423030343330313033303430343035303430353039303530353039313430443042304431343134313431343134313431343134313431343134313431343134313431343134313431343134313431343134313431343134313431343134313431343134313431343134313431343134313431343134313431343134313431343134313431343134464643303030313130383030393130303934303330313232303030323131303130333131303146464334303031463030303030313035303130313031303130313031303030303030303030303030303030303031303230333034303530363037303830393041304246464334303042353130303030323031303330333032303430333035303530343034303030303031374430313032303330303034313130353132323133313431303631333531363130373232373131343332383139314131303832333432423143313135353244314630323433333632373238323039304131363137313831393141323532363237323832393241333433353336333733383339334134333434343534363437343834393441353335343535353635373538353935413633363436353636363736383639364137333734373537363737373837393741383338343835383638373838383938413932393339343935393639373938393939414132413341344135413641374138413941414232423342344235423642374238423942414332433343344335433643374338433943414432443344344435443644374438443944414531453245334534453545364537453845394541463146324633463446354636463746384639464146464334303031463031303030333031303130313031303130313031303130313030303030303030303030303031303230333034303530363037303830393041304246464334303042353131303030323031303230343034303330343037303530343034303030313032373730303031303230333131303430353231333130363132343135313037363137313133323233323831303831343432393141314231433130393233333335324630313536323732443130413136323433344531323546313137313831393141323632373238323932413335333633373338333933413433343434353436343734383439344135333534353535363537353835393541363336343635363636373638363936413733373437353736373737383739374138323833383438353836383738383839384139323933393439353936393739383939394141324133413441354136413741384139414142324233423442354236423742384239424143324333433443354336433743384339434144324433443444354436443744384439444145324533453445354536453745384539454146324633463446354636463746384639464146464441303030433033303130303032313130333131303033463030464245414345343238343135333941444542314241353635303039433335363044424334374130313833354231363341374339323935433832334445424631374135354444313737334542454234363244354439414342304644413331464445463541374145393732313645343630443538423444393637314645463045344645423531354637383832333844344141304537444641443741313838434342303531413743443532353639373635414246454243434632364635323446393639414430423531444243373041383246433131444344343337334144343536454134324530394635333543453545364234463232424239363038384130393637363643303138454243443739324638443746363835463043463836353945314236393942354442463545334341423336314535303345383634453946463030374345454538364245354141453735383941384239373045423935373745424645343737353143424537353945424139454335373941453442373043343239323642434533433644463139334333374530444633323342454434303544354541463146363242334334393236374431424232464532343146363335463338373842464533354638423343364336343830354337463636353833363437443936434232394238374133333744453645334236373145443543423538463837363642413630344139333941463045374546344239454234423939463939463446383743413934374532443344334643434634424631304643374246313446384432453444383638333038443136444443454431453439444633393145454537454546464330343046413941453033343346304242463845414345364435373441443545443743343242424346394233353944443244433336454545353838323446453236413646383842373233453135374331324631354542433138343541383543354246463030363644384236373642303941374639304232374642344138363437314645453537434139453146463030303944443638453243414637343942464244443133353838353031464235443843434338444242413943453342363742304146353330393836384532363842413943464342414439363937463546443045444436394434373445383435363942394635454539394630464537353631453734363534463445343537363941344638333232383432393242434642384146394446433231464235383738463343313646314442463844423435423746313945393241373044413835394138383246443437413943304441463831454141303945454435463434464333394638444445303146384230313233463045364242314337413842304537343944343837443941454434453745454543363338363345453835383537384238464330453341384137334237333437424337353546334544463333423239453241394446393641324535374536373439364241353435364541303644303346304142434138414244303534443335414339303331353735323046423841384246354146393539333646373344343444334438334630414332463130363941324532313645303536454645313531354334363234384338433533383439433544443044384446383446414633363942323444413634413730413142434338433146354545334639314146413133433333413932433938353237323143363037443642453543443846413645413531444332373035354233433537423446383242354431373038393836454130313143443742463833433734423042354531354133424137464432334535333337433132413930373334373742413841464641353331434533334346333435364244414337304445354241344135353543423045343931444538414644384139443141463541313141423036414432353735424635334531393632323331354341443643373231413743334241343031383731394145383636364642324337423430433238313543433639423738363339313442353735373236444242423344454244373143443743424533453934414136314443413842423335414646393944423838424139324536443845354635424631303433413744423439373137393735313539354143374637413539453430383833454134463135453144453336464441374234354432344244424538313033454235373433384642343438304337303246423846453237453744383742314146343046384331453043464638344346433135413936394138394241463233314636384235334446434334433930303744343635374645303535463139453935413139424142394438343145423843363346413537433844313843353437394134374432363033304234414134373939463445383644373841424532333738413345323034383436413337463231423643464342363930374545453135463446393437354337464235393345463535373441463042344437304342463239333544444538334530363430383843434239464332424234443346433346304441413843323831463835373235364337343633413434464137413734353435353932423233383744313743304242343239373441454346344446304434333646423436444335364432433039314533304132414535384331463638424134353145423545334346313133414145433645443238323732334535344644423342354446423746384133433042453033423737334534444241333642393744313833393532343932393045374538313635464332343135433445393741364146393442433536333642314532344646303038353939463138424336374532443046453735413543354542354135384230323731463636383830343432334430313535343237444633454235443935384333423233303331354641313534384644353638353343334144453242354635374142464632333143423239464234453641443246423443413133453845384342463734304145353335464630303837424137454143433145344237304233323944434233343437363341393144304534353741333644304435303444304142303339313543463442313535323942424335394543443643323533414141443234363046383446453334374335334638354445354333364241414137384237343338343633464233423539463941353041334232344246373837453738463633354545374630464630304636424646303137384436453933344644373035433738313335383338353331454145343744393539424431363730333030374642453137454136424333463532383530323945303537394346384241454634384235353634443439413132413037464142363139363146343144343744364242314531333044393936393536394642444445334133464242363746443641374344363233304546303745463532394439373945433745393137443943423542433737313043383937313644324145453845363835433341333833443041423045303846413534334544354630463745434642453038463843384237393144443738303444463738354643323932333836393142354437433539344533334339353831383132443931444430363746444131354637313336333731433144444546354631313941363546304342454141383432413239354645463545424442454633374331453236353838344639393644463733333345464144374343353236423546433146374346363733324146334632394532414233323646323036324245354346444131334533323544374333394644413333433238324341353935463443463046444134353245414236453845343242303944424637384143334131433434363236314337353236423243303630454145363135314432413646353439424642424643444439374343373843414230413530423439354545374538414539354144344142363642453542453134463338453341443135433445393541453234394137444243423642333039414436363435393631393037323144313830324134374231303638414543413739384532413943353432333536343932453937374131463135334342443441344441343844334237424139323332333730304446383537353941303641393134383343413633423439454336423946354231343636453345354142463633363444314341413534453739454635464137343730463545444132423938353746363735323244333244364235364245354342424437423737414639353345323446383535374332374533453945363841334439363937434446363938433031433032344643454246383336344644303841464230364645443343434235304642374237333545333146313942433332333536443031453534354344434439333739463146314339354337434333463245374645303232424530463137343235383641393241353335364541424430454343413331314342333531364643384532373434393932344237354337413536413731453935433946383545453845433038373943373135443541423635343537433844353846324339394637443144383546364335373135463144374336413745314346433134463136364237314338363242443642353336353636434144383631334343374342353635463735444335464538383642423646424334304146393833463644454631323744424235364630333738314132363235313442454239374431453338323036453845314346453533384646383132443741423933363144363237313930384342363541424634354146453342314331384541384533344239363342424430463235463837444133464636343638373637364543333643384138304246464243373933464139414546363036303134373335433545394441384337364631303235393535353739323542384643453944363346313137343742414435453344333231424335393645394633384438303934433831394336454539394533423537444145323239353541443339344432364641394538453141423531433343323330364432453838454539373036413239463835413841444545374343454635334341424239364243414237324244344636364643433846333646383835373937333144464538393645444139394431423438424242423442374245443432333842434337423734363630304238313931393030364533383034313343353744373746304646303046363637463837444630394537384545363044333446383842354335433346463030364236423034354333364545413141333546423839443738323036374443443743423145333744313537353844323645414431433630343841343036463436454337463341464135464630303635424638384146463131424530444439343137384543444145463836444336393337414143374536363435314642393733463534314237323741393844414241373331413935453339374139353039353932373639354241413742333746393744433743383632323941464145414636424141374237393333443641453246323442383646394442334442314441413146433238314639443139414643463142364445413741393134413241433842354137433346363842423844374236373943443745373337383937354535463839444533454631434638393635334536444245414641383439314442423633464535443933453438423146343430394646374344374443374631393343354344453030463833374533324437443144413242393833344637383244413435333832423334433434333142304637304432303346383537433346453039443042454337453145423238443937364246393631443831314444423933464139433745313546373943334634464439363145413632314635363932463936414646303034334338414431373546313241304236384146434346413046463030363736464441414243334645303946383637363945314146313844433438394139453846333439363730423033463745444336304336344537443033313546463030383044313546333646383842453145444236423541393142393636353436444131344535343143453333434645353841324244374139393636354438383942414233364433393641454444443945363442303938393842423435363837454236433242333437433632343146394436394441444434463142304339364643353641343836343846384530464537353741313941324539434645363242454341384531443437363939463337353241354637383941464136444537444232444343353230314433314335373233453238423133423235313843453332304642443735374136444434344232303143374533384138334334463636423243324232414632313836443646453935453237313136303235324333414334433635373730464339464639334644344531433344344636333838444143393946324144444539424644383741453444304138433435424232394645453945394645314638353734313644323645384335363937384537343744423731453636334536353338414336423136464444383037414437453342353744453346353641313335333832393233343644463044333238334542433537433033453332424346313337433643463846444533334245463041463837454633433431334644414345394436433632353232304237383231433436413544434530323645303831463034384534423537444634423931433841354237363136393142433730323243303845433634363538393432383636323732353845334239334445424433434146333238453541454134423933394135323536354145444144464641443445374335363141353544433543363536423146333137383233463632373941463343414243463839334532333332414534333746363136383845353633314645434339333130333345464234363744313844373433464234353743303746304635424643313736424246303436383136424133364135453137393436413531374439363346444543463138303034413144423936373644413337374343344644444637414637433237373735434434393645433942384337324130393231393134433732343644443139343843313037443838333544304233444335434631313041423339374242313742324431374443363132433034313533373637373937373345313446304137383832334436333445423642413843464342324138364336374131454533463033394145424531374633313242383244373743323646463030303837453244373838424331384642424543324232464442423442363346433736463237323030464137344646383039414543373445423846333130373335463531384241373138433934413946433246353545384346363732454334464236413642394237454134334141354236463843443534463830444533323146304146453344354134373733323038463432463136323844333645423237303931434534384632363433463437433043394538314441423645453233444538364243454245323146383743454144413443453931453434463139463336323631433130453339314344353631354336413239353041394630433935394646303035453436333939453144434539463334373735414133463430414532323330344345383431434139433734413843463335433646433131463838464630304630423733453132453837453233393146374541363839463632443443373731373531383031383946344443304142453342364641454432333532463232384635414643454631313432373837414432413333444433423139353041414141443235333437434546464237303642433746453131314630363738334533323737454237413942354443453134463345344330413031303744383939373233444533414632434432454437463732333846413535464644413246354531453246463030444135414641444133463945443743333341373433413732393034453043414330433845374541304341433837464443413933344438343243363242463430383433454144383241333442414441454645374146453536333243423633454436373341414641424643384343394543464637393435364143443130463332384138353531443846363144313537334634414132423434313846393030314546433535443845313844334145443135313433304634433830334644453335363535313137314633414644313435374539353441303937343346314439433946373243444246393441343131383346383536443334364237443632443139314637393730334542353833463643383233453139433933453939464538324234333444443439353938323243363730374244373743424438443441364539434543443335363642433945453730443438433941453635443046333546314236393342383331444243384530464436424536434631383743373846304446433332463839313146383542433531313544363931364633444141354344424541454538354544444637333330323038314633303033313844444346333931433633333546363437384333344246333935394636453034383346323335463135464544423946304246463030453132384638363842453231423442363539373535463043344446363836354442394633324431383831323239314443323944414445433337353745313946443946344138363636463037384242463242443246423746383546434634464243464232433136334141334332464545444541384635424433364536443335434432453244344234394244423744353334453938363633424142333934343931423745323239464338323435374537333738333735384437464330423739313642394530314437454537343139363635304544364341374343423639383746373634384442324143334146353037314442313546343737383146463030364434443336353932304230463838444132334638374145443838343141424539454144324439433837443539333936344346423136414243363730463535413737393631354633414544423442454545424632334443413738453731464533324433424144384641324539333334444432454632434243343141354335414136384437443644414236394233304341354435394341323438434642313230463037394539344641463932393432353444423843393539413344343844343844343537384242394633463745444131453037393335324630374538444533454433413244464138463836453531314444454445304339363845343033463832423633453831384437393037383733353434424342353836363839463743373232414241394635303436343537444242373541364439454242413644463639314138433432364433463530383145443637384346343634373034314644304437433031413345393137394630454643353941463738323735323243364542343542413638453337364646393642303933393437314541303832304646433041424546333242414646354243313341324645324137464641344246463030323746393943313441354635354335444241344646333344324533364633313242314635384235463331304631394142443633334546353143443439373730383734333941323337383443464138394135353230324645434133453330464638343133453330364137453046424239334342443233433537314639423639423846434139373931383235343046344443424239374443454331444142454331354238383334434633454541463146434142354235384445363939434646304132383243433746323036424633434643374436333737363931444245414441363342354245414241354345423739364233323744453437343231423233453938434645313546374137433344463143353846433443463034453835453242423738413336423544354144383142384236333832413932463242333434343733433036304333394541333145423543443944443038443446363738444538463439374141443946434437453437433834353341313532413631464245413846383133433142414234444532414435423542463132444441383442414436423531394546394437333944424244434236444643303936414634444234433243343331453935433446383933433141464630374245324646303038383743314343313836394532344642364539364546464337364232374343413332374139354345443237443534443735313644373433433931434636453242444543373541413439344531463042343941463445383741353934434532413841354438394545324530303933313435363335443546374546384637464330443135434141384538374130454241344346443431423539323739423033413637454235413131453941463337304543373145384336414141454131303435463241394445374431374135334646423639393836313745343145444436424546453943363843374638393242394639304342444134424530353633344131423038364439343137334330463545324144433337353143364333363734463645393543453335463743443932373237463541393233424336333845374146453746394437413734463135344533413533384438433635343635324436344545373546374231414541354137423238464246443437443642433933433539413343333337394430444343323236423342413844413039453236453845384330414232394641383236424433373437423833464336443835334433333538334533314432443634463337363843383631423830463745453242463346453245433233394138363332334133354133464344334644334545333743424141374230414345394244393946393242414337383336364638354646303031324243343545303942424443353643363733333539343843334644364442334643433844464637433931464146413536423336384431354635424234373232324339314230433332423843383346353036424442374636453246303143383941364538354631313243323232443737413243413243373531444133393742373736463931384646303042414334383237464442314539354533444131444534373735304336453843313931393431353631444331453935433931433442433536314531384138454546343745414237464246374639394637463937373243414634363744334632333944443046344244374645314145423444414246383233354242414430324544384645463230384442374442434533464241463139463935383744343731444142444333433133464236393430393735304539444631324634313644313235363342343642374136324234423641433744354533453539374446303542453935433542444132434342444142314635344430363242393835443145333539313142383241433332304645303642334139334131384435434238423837333739454346454646303046333341454145354145394245374333424535374638314636424539334138363946453232443245304435373433443441443335394433323531424133424242313939363534334446414146343344333230463233424532424536374644423433433141373439443446433337463132454345323342353139373441443542363045413837334535333946443537464546394146304342334238443633453045454136374334354531314245424144333636384134343932453644323139304639333735313833463332424146343343363741384533323642454631443432433734354638453946303945343832333630444133373841333444304630423731464239373635434146334541384533463335333545354143333243394231313446313334453543443441353734464244394545394645364244304632414134414135343445394434353639433735354536374338464132444438393233343231423230463730374144373431464542323341463330463033434637394134423545453831414132393842353544314545314143414531314241453534393030463344423843374531354539313637333039313037333545383633323842413535314133454133303335443536413439393933414435393839323337303436343131433841454342463633314631393144304243343945323446383639373932363230423944444142363931423846314238303032363843374435343036433045383233364635414332424438373741394146333946313136413137444530364631314538424533324432373844343734334242344238314538463138323337323146463634384338334543344436423436324231373436373835393744413541374146344645424343463337333441324533364144314445334644333345383746444235334330423245413945304244323343373936313136454435334333313338383645463638453545434534363033394635443932313138463431323331454435453039363341453235433539343732433644423932343530434137443838453242454632423742384431374532313738354132394332384243463044463839333446433934334643353043443139303534464133303034383345383437423537453645463841333443443433453134454235453232463036444530363942353544323645434441444145443543393944314345363237353531443939343836303346444131353945344432373839413046304233463845394246433146463933464343463233444237443545413339433745313941424643434139414344433738423743343941413543434245314344334235324244423042373746423342344236353643443241373938424342303234303338334633304533443330374244313546413146463030303146453145413743313646383546413346383730413437464441354233454435413934383134333646424139333937453738433835314235303145453130353134414137313145314538434444333835313532344234424637463333394645414638384142464243373336414645364346354531374337323345363234464539353632334243324443313346393733353934423042333336443139433741304142373145434235314633374343464630304444353346443642443441333536353244354543373946333832453836413432434432373730313641443245413530353941463530434446444536333831463830454635434535433641344344383434314239424130343545393542314132373837453642433635394145343944424439364244384333353639443539464233433341424245453732443441373138343739414142423233354634444238424144353236304339423932334345304338444437463241454242353242313542384432423038333733343633323344464436423231334342423238373033303838423537423439443543354342313842413246413941463746313538314135324333344139353737434432393236424645313846303241353439344441394331353932334337424532304638334543374334464134454142413136413439424634444435414439454436364533323534333043303631454530453038463730324246333542343342354245463034454242414337383442353631423335304431324539454439464431393433374341433344343131433846363232424635384643363341343630343831353741374345424634333546314337454430444642333236413346313342433634394532424630414541463633413345423636443536444546323142453436463241453736374444364445413142303736453137454546363145463546393036303242343730333545414530463134463935334546443234424643464630304338464233433144373732353141463044364441334634334337364342353135373530303941423644323234384137413537324441463743333946384231463046423734394143373831454546353142323446463030393744443043384243343233443736433635393830464637383041433044333745323836393937313730443646323543314234423934333837383645393443364341374430453742443742384630373239324537413246393937373445464639314635353437333441333346373634454346434634334139443641433633423838394435383645353630343131454133443242443437463632424631423343333642453230463837313739323133333639393231443442344244433745463542423946444532304646373542303746313335453437323642333135443431424432343539313142463839303832334633414537463446463138344646303030444645323037383746433642363630393341364443303542423431433039364439424535393134464630304330343941414641424243353631453738363936454636463535423746393743434530433742384445333545314243374632454137414137454436444530464630304638343242453241363846453338423538464342443246433436394636334246323037434139373438334535363346454632383037464530324435383941344444364535303039414641393745333046383045434245333437433235443542343742333735393836413136414241383639333730333138463334324546383938374437413744314142453239463837424145343937444135433642373231413342434237363336463731314237353439313738323046424641464245364238463042353345423738323543444631443346373546453946453546323043304434463633353944333542334435374541374135333044463144373333453230443335324541444535384444303332333832313831463433354246303544324639374437333539424142354332313533463944363734354341333344304641344334373243453141394539334642313446384532343946433344414546433341424639344235463638313242354536394442384632463638454446333831464545333930374645444146413041463437463135374331314630464638433745324437383737433744374445363746363845384538413345434138414245354443433931393236313737334437323834383343373544414130463033313546314445383545333439374531354643353246304637384441444333333542443943453244463530384533313933324441424643423230433737334234393233444330334441424634323543433537304339333541434142373136443332383936323935304535354431383635353831454530383230464533354331394432414238334334324336353037434245443133344644374544374446424643434639324333433231323732433344343537453537373545383545423742313932463633333245333235384641363638414632434638393146304142433433453341443645444546463442463838334143463835324441324236353830443936394439303845433144444243433338363146333130433037344538413238414631323935324331434130394345423234464237324338444137334145413444343633413145444233354536313038344639313746353335304334423244443330343435453044343736333642323544333032433738434437354241374539463135414336313938374646303035454246343043324531413538413935414641314530353441443141324243433736383745314635384332424341413138463532344636414538323642453836434531433032333030353632354536423439303437443731443830303642303637443532344243374342333630304637453035374436324335443043424531454341384643343739314543324136324135434635333633364545423534374243374339463935303736463441443144303634334537324338373838383145303741394635414536324333333735323735464443414635464630303642444542373146353238423446423733323438343035353138303331434644303742464646303035454146304435424441354542353637413746354638304142353345354644444331314436454246304337374236413843413431373531394337423537384546384133344633364637344334373033334436424431334332374139334541333334383636364444453630453945383342304143414631384539323534333943374344313945444539354639383731314432373838414146313639353933464433464344374534373536354235314530454237423139333343334234444638414445313242414631314445363837304638423734423846353942333938433132443943423734423143383234314331343142423142383833433144423945364234424335444630464630304333464533364237333137383946433331413636423641433346443635443542324234393846353539333142383745303642453432464442333345313544394638363745324335383738393745433641373437463133433635363544423935313135453230303138383233424230444144463532443545373945313744353343363145303543374643323233453332443633343538393542373744393743463332444242374436333643413946433431414432383634463445373436394532333042354443354235374437424635443537394639314634314544414135353644344130413536464243464135334334444642313346383146353239323439464333354141364146453046424236464241423043413645364443374643303143454546464337454243394643354646303042323346433530443045443645353734444238443237433644413739343231393631393435423544313037464438374330434644313844364136383746423630374334424630453831314638384234304431464335443137303043463642394233394631454137364535343946413235374137463835464630303644324638373341443330383735413544353343314237374430414541313645363438423345434631453445334443413841454335324345423042414439353634424536464630303439313933463631423642344446453036414645434142334638414634424638353930363837453243443136464234374246443045453541443244384446323643373932303230334145333344343245453242424241314533314432424330464636384346303746464332414646303038453532364131363931463935413137384236333337393136444642383937343045323435463643393339433746423745443546363136384245323844304643354236433645373432443645433335414237303332434636353732423245434346343043303143414645333841453533453342374332333146314137433032424133343337313135393641463637373242373741374445434330454438444337304341373030394333304533384636333841463133303939393742324343323733433434373932333533453235414539374542463745413736344138463244313834413933424238464532374338443246384141304433454438434237313332433038303744453930453241324630444442463842374532433546333539463831464333393735414332383644423236413132414639373639304633383342413436323137384634434537444142453935463836464630304231354638343743334632343537464532424238423846314345423033453644393732304335363531394634313130333937314346463030313132304646303037343537443242413346383544413242333832443644454445314230423138383644384544454445333131433638334431353430303035374133354633364332443137364333343744413442424244323346453646463030303333414238414144323844413446393537453237433935453033464438364544353941324244463838424146343941454443463044464438464135333334353641413744314134453139424645303231374631414641394234354630364134333637364236373639364342364236353644314134333043323842383538453335353041414133453830303135444536393345313135384630433130394646364438363035373439364641363542353945304339383630334237343135453535343836333733343932373838373638414442413234373837334343363945314545413936414446353338394237463036433745353043393234464432384146343133374430413730424433443835313545423245314438444246383946383746433133434337393936323542423945373936463642313538343739363139364541324139364135414331384639453042373635413644443544393234383044463331464432413841443839393942323739323739453642443841423844373138464233413141323344373835323537453641383533363932364242393042313339333945463537364445434445454238303331313833393237464244353641334433344232454434313831444344363934333138383133364634303037333543463836384239434146333636443532414134414431324241414644393633313831383435453944424643384145374146333533374435324631353530423739303946373733464334374437464346364142444146354645453345343436373933433346443344324141363937364530423033384339334330464630303141453943344532394435393241313044424139353436393238433544343936453735444531394239314137464546354241343633323744434646394335373439413832384434463446354238464546304333353730443731373231354133423738434630413732444635414544333430424135423842374642323933443536423043433339373131343944313544334633334336433435333731423536454246413146334246454432354630414246453136373743324644373734303845334444413934324246364544333542314346444132333034383531464546304443424638384146383042433246414331424544324532373934364439393746373732413945414145333832304646394546354641433745323844334445313933434635434545343344424146313546313746384133463632393145323646384131414536413931373839464642303743323341384343324544454333344638383942414633314246443632323932333632324534393231424536454238324243353738393935363341384531453133433336323635434139364142463535464437363344444131354134454435363041463744434639413735414631344438354143383936464244414532454134363038393644303044454543433445303043373632344636333545383945303946443937334532343743353238453339423534423638334330374130343943463942414234374536354533413945454230373043304631443146434246363236424543324638354246303137433144463042363335464630303834353743334230433337444237364245414237354642454243374338433337454631423935303742414145313744414244354543334332364633333036393938423331454435414436434635324637373035304646303042374135464132444245464239353541414244454234414342423233433242453043464543443745313646383338423342453830393739374441413544343432324239443441463634434243384239444442353531373041414239453741364546353237313545434641364638333939434139393036334542443642424144334243333239303241453535363331464144364434373035424438383543303139433735334339414530383635393841434332413341463841393641464142444645454646303038363343384142394141383437443944303541314346363933453046313141413944383130374637394241464535354246303639463644363233324330334230454544464531344436443442393231374138333534414541373636393332344630433333354635373837434242304438353832393436333739324541464630304342363343343944344144354535464243363638354535463035354639334137364143313945454534393138383633394139464343324631393532373931353946333737333535384239323933353335443444413844333531313435434241373139413241304444394132423837444134464239443336343731423237464143333541333646444245393435313543423044384636413636384442464641423334433942464435394641443134353741353442453133384533423943374444374643374534394645463141443444333746383638413242384139464630303144314542443446453138393146464337463439463533354437373835464645334638374642423435313532424531374541373036324646303038364644304242453238464630303846373942454133463935373944394646384638334645464646303035413238414638324336374631354646303035443441434146463030383443454242343545444645453846453636424142443337454635313435374144383546384133463233433843364545434433364642433642333645424546324431343537453833344641394534443232423746313335323543374443384538413242343746303442464145413735324638393130414646303041433335353634464243443435313545364434463831374139443131444341393435313435373331413146464439);
INSERT INTO `teste` (`idteste`, `image`) VALUES
(18, 0xffd8ffe000104a46494600010101006000600000ffe128de4578696600004d4d002a000000080006000b000200000026000008620112000300000001000100000131000200000026000008880132000200000014000008ae8769000400000001000008c2ea1c00070000080c00000056000011461cea00000008000000000000000000000000000000000000000000000000000000000000000000000000000000000000000000000000000000000000000000000000000000000000000000000000000000000000000000000000000000000000000000000000000000000000000000000000000000000000000000000000000000000000000000000000000000000000000000000000000000000000000000000000000000000000000000000000000000000000000000000000000000000000000000000000000000000000000000000000000000000000000000000000000000000000000000000000000000000000000000000000000000000000000000000000000000000000000000000000000000000000000000000000000000000000000000000000000000000000000000000000000000000000000000000000000000000000000000000000000000000000000000000000000000000000000000000000000000000000000000000000000000000000000000000000000000000000000000000000000000000000000000000000000000000000000000000000000000000000000000000000000000000000000000000000000000000000000000000000000000000000000000000000000000000000000000000000000000000000000000000000000000000000000000000000000000000000000000000000000000000000000000000000000000000000000000000000000000000000000000000000000000000000000000000000000000000000000000000000000000000000000000000000000000000000000000000000000000000000000000000000000000000000000000000000000000000000000000000000000000000000000000000000000000000000000000000000000000000000000000000000000000000000000000000000000000000000000000000000000000000000000000000000000000000000000000000000000000000000000000000000000000000000000000000000000000000000000000000000000000000000000000000000000000000000000000000000000000000000000000000000000000000000000000000000000000000000000000000000000000000000000000000000000000000000000000000000000000000000000000000000000000000000000000000000000000000000000000000000000000000000000000000000000000000000000000000000000000000000000000000000000000000000000000000000000000000000000000000000000000000000000000000000000000000000000000000000000000000000000000000000000000000000000000000000000000000000000000000000000000000000000000000000000000000000000000000000000000000000000000000000000000000000000000000000000000000000000000000000000000000000000000000000000000000000000000000000000000000000000000000000000000000000000000000000000000000000000000000000000000000000000000000000000000000000000000000000000000000000000000000000000000000000000000000000000000000000000000000000000000000000000000000000000000000000000000000000000000000000000000000000000000000000000000000000000000000000000000000000000000000000000000000000000000000000000000000000000000000000000000000000000000000000000000000000000000000000000000000000000000000000000000000000000000000000000000000000000000000000000000000000000000000000000000000000000000000000000000000000000000000000000000000000000000000000000000000000000000000000000000000000000000000000000000000000000000000000000000000000000000000000000000000000000000000000000000000000000000000000000000000000000000000000000000000000000000000000000000000000000000000000000000000000000000000000000000000000000000000000000000000000000000000000000000000000000000000000000000000000000000000000000000000000000000000000000000000000000000000000000000000000000000000000000000000000000000000000000000000000000000000000000000000000000000000000000000000000000000000000000000000000000000000000000000000000000000000000000000000000000000000000000000000000000000000000000000000000000000000000000000000000000000000000000000000000000000000000000000000000000000000000000000000000000000000000000000000000000000000000000000000000000000000000000000000000000000000000000000000000000000000000000000000000000000000000000000000000000000000000000000000000000000000000000000000000000000000000000000000000000000000000000000000000000000000000000000000000000000000000000000000000000000000000000000000000000000000000000000000000000000000000000000000000000000000000000000000000000000000000000000000000000000000000000000000000000000000000000000000000000000000000000000000000000000000000000000000000000000000000000000000000000000000000000000000000000000000000000000000000000000000000000000000000000000000000000000000000000000000000000000000000000000000000000000000000000057696e646f77732050686f746f20456469746f722031302e302e31303031312e31363338340057696e646f77732050686f746f20456469746f722031302e302e31303031312e313633383400323032303a31323a32342032323a30343a313100000690030002000000140000111c900400020000001400001130929100020000000333330000929200020000000333330000a00100030000000100010000ea1c00070000080c00000910000000001cea000000080000000000000000000000000000000000000000000000000000000000000000000000000000000000000000000000000000000000000000000000000000000000000000000000000000000000000000000000000000000000000000000000000000000000000000000000000000000000000000000000000000000000000000000000000000000000000000000000000000000000000000000000000000000000000000000000000000000000000000000000000000000000000000000000000000000000000000000000000000000000000000000000000000000000000000000000000000000000000000000000000000000000000000000000000000000000000000000000000000000000000000000000000000000000000000000000000000000000000000000000000000000000000000000000000000000000000000000000000000000000000000000000000000000000000000000000000000000000000000000000000000000000000000000000000000000000000000000000000000000000000000000000000000000000000000000000000000000000000000000000000000000000000000000000000000000000000000000000000000000000000000000000000000000000000000000000000000000000000000000000000000000000000000000000000000000000000000000000000000000000000000000000000000000000000000000000000000000000000000000000000000000000000000000000000000000000000000000000000000000000000000000000000000000000000000000000000000000000000000000000000000000000000000000000000000000000000000000000000000000000000000000000000000000000000000000000000000000000000000000000000000000000000000000000000000000000000000000000000000000000000000000000000000000000000000000000000000000000000000000000000000000000000000000000000000000000000000000000000000000000000000000000000000000000000000000000000000000000000000000000000000000000000000000000000000000000000000000000000000000000000000000000000000000000000000000000000000000000000000000000000000000000000000000000000000000000000000000000000000000000000000000000000000000000000000000000000000000000000000000000000000000000000000000000000000000000000000000000000000000000000000000000000000000000000000000000000000000000000000000000000000000000000000000000000000000000000000000000000000000000000000000000000000000000000000000000000000000000000000000000000000000000000000000000000000000000000000000000000000000000000000000000000000000000000000000000000000000000000000000000000000000000000000000000000000000000000000000000000000000000000000000000000000000000000000000000000000000000000000000000000000000000000000000000000000000000000000000000000000000000000000000000000000000000000000000000000000000000000000000000000000000000000000000000000000000000000000000000000000000000000000000000000000000000000000000000000000000000000000000000000000000000000000000000000000000000000000000000000000000000000000000000000000000000000000000000000000000000000000000000000000000000000000000000000000000000000000000000000000000000000000000000000000000000000000000000000000000000000000000000000000000000000000000000000000000000000000000000000000000000000000000000000000000000000000000000000000000000000000000000000000000000000000000000000000000000000000000000000000000000000000000000000000000000000000000000000000000000000000000000000000000000000000000000000000000000000000000000000000000000000000000000000000000000000000000000000000000000000000000000000000000000000000000000000000000000000000000000000000000000000000000000000000000000000000000000000000000000000000000000000000000000000000000000000000000000000000000000000000000000000000000000000000000000000000000000000000000000000000000000000000000000000000000000000000000000000000000000000000000000000000000000000000000000000000000000000000000000000000000000000000000000000000000000000000000000000000000000000000000000000000000000000000000000000000000000000000000000000000000000000000000000000000000000000000000000000000000000000000000000000000000000000000000000000000000000000000000000000000000000000000000000000000000000000000000000000000000000000000000000000000000000000000000000000000000000000000000000000000000000000000000000000000000000000000000000000000000000000000000000000000000000000000000000000000000000000000000000000000000000000000000000000000000000000000000000000000000000000000000000000000000000000000000000000000000000000000000000000000000000000000000000000000000000000000323032303a31313a31332031373a33393a313700323032303a31313a31332031373a33393a31370000000006010300030000000100060000011a00050000000100001194011b0005000000010000119c0128000300000001000200000201000400000001000011a40202000400000001000017310000000000000060000000010000006000000001ffd8ffdb004300080606070605080707070909080a0c140d0c0b0b0c1912130f141d1a1f1e1d1a1c1c20242e2720222c231c1c2837292c30313434341f27393d38323c2e333432ffdb0043010909090c0b0c180d0d1832211c213232323232323232323232323232323232323232323232323232323232323232323232323232323232323232323232323232ffc00011080091009403012100021101031101ffc4001f0000010501010101010100000000000000000102030405060708090a0bffc400b5100002010303020403050504040000017d01020300041105122131410613516107227114328191a1082342b1c11552d1f02433627282090a161718191a25262728292a3435363738393a434445464748494a535455565758595a636465666768696a737475767778797a838485868788898a92939495969798999aa2a3a4a5a6a7a8a9aab2b3b4b5b6b7b8b9bac2c3c4c5c6c7c8c9cad2d3d4d5d6d7d8d9dae1e2e3e4e5e6e7e8e9eaf1f2f3f4f5f6f7f8f9faffc4001f0100030101010101010101010000000000000102030405060708090a0bffc400b51100020102040403040705040400010277000102031104052131061241510761711322328108144291a1b1c109233352f0156272d10a162434e125f11718191a262728292a35363738393a434445464748494a535455565758595a636465666768696a737475767778797a82838485868788898a92939495969798999aa2a3a4a5a6a7a8a9aab2b3b4b5b6b7b8b9bac2c3c4c5c6c7c8c9cad2d3d4d5d6d7d8d9dae2e3e4e5e6e7e8e9eaf2f3f4f5f6f7f8f9faffda000c03010002110311003f00f5e8ce39156e37047bd7cfd2959d8ef9a26dbbbeb4be4b679ae99c74ba31e6b1285551cf6a6bdcaa0e2b9aae25525dd92a2e4ca925cb39e3358ba978874fd3f2b34fbe51ff002ca3e5bf1ec3f1af29b954973499d74e974472d77e29d4b5193c9b24fb321e3e5e5cfe3dbf0ac7b6b23a9c4d736d7515d8cfccd1c81ce7deab6573b62a30d3a9661d29c1f9948ad4834e55c64573d4a874245e4815074a94002b99bb941556ee1dea69c5d9832c68574612d6ec78cee5feb5d8d94c0f1eb5df86a9cb562cf33190ea3a61fbc3cd15ec3a8bb9c8b633d56acc713362b96f63593b6a5c8f118f98d364ba50302aaa637921cab5673a8b932a497048273803a926b9dd4bc59a7d912b1b9ba987f0c67e51ff0002ff000cd79a9393bc8eca549bd11c9ea1e24d4f52ca799e4c278f2e2e33f53d4d508ad1dcf4354da477420a2ac89f577fec3f09ea17b9db33a79109ce0ee7e323dc0c9fc2bcfed2c24b7f2a5b69e6b6b941feb22620e6baf0b2b53727d599ca1cf368e9f4ff001deb5a7111eaf691ea36e383344364a07f23f97e35d9e91e24d175dc2d85e2898f5b79be4907b60f5fc335cd89c22b7b4a5b76ec10a92a6f9666ab2329c10692bcc68eb4ee14d71914202960c33ab8ec6ba8d36eb781cf6e2b68cb539b131bc0df4092206c039a2bea69d38ca0a56dd1e23934ec66c4b96c1abac760c76af3312dc63746f3d5d8a373749146d24b22c71af5666c01f8d72ba978d6d20cc76486e64fef9f9507f535c308df53a295272d8e52fb57d47556c4f33797da35f9547e1fe351c162ce4715a4a491df18a4ac8d5b7d33a64569c366a98e2b92752e6891c6fc44baf3750d27458cfca80ddccbd8f65fe4df9d65c108da38af4a3eed182f991415e52648d6e08e959f75a4c139cb261872197822aa9d5717746d529292b32e58f88bc47a26d48ee45fdaaffcb1b9e580f66ebfad757a57c40d1752904179bf4bb9e9b6e3fd593ecffe38a8af848d55cf4b7edfe471734a8bb3d8ea76e515d583a30cab29c83f434daf21ab3b33ae3252574432a64558d3e531b81e869dc53578b475105c30886d3c1a2bbe18cad08a8c5e878b2a71bea430c98619ad038922c8af42aae7a6d0aa2b34ce7bc41a77f68e953db819917e78ff00de1fe3d3f1af3382d8bc98c579d17647a387778d8dcb5d3060122b4e2b4441d2b96752eceb48b0140ed52c4bba402b25ab093b23c86e2f3fb67c4fa9ea60ee8de631c27fd85e063ea00ad28d702bd9ada5a3d85855eedc9714d65158a3ada2a4ca3158b7f25aa022e0ae3fba7ad7551bb7a1c75ec96a6b78534df15f9ab268be75969ec72c6ecfee9fe887afd47e75eaa7afad70e632a6e6b977ea6386bd9f61319ae0bc59e219348f1c69fe4b3182ca256b9404e0ef3c83ff0001da6b3c1535526d3ecffc8aaf2692b1ea905c8302346fba370195bd41e9456176b4399c13d49d1d875e6b42d6753f29e2bdd5256d4e6ab1bad065c261b22bcff58b1161acb32ae2394ef5f6cf51f9ff003af324ad74746125a97ad98141562b865b9e88565f89f523a4785350bc56db298fca888383bdfe5047d339fc2b5c3c79aac57999d576833cd749b7fb3da448782073f53cd6baf4af4eb3bc9b37a0b96290fa6b74ac51b331756924135aa1b8fb3db492849a60b928091cfe1cd7a3695e0cd0f4275912dfed77439fb45c90e73ea0741f97e35a622b4a9524a3d7a9e74e2e755a7d0dc6919cf269b5e43773a1249683e25dd201ef5e2d797435ad6755d41be64b99d950ff00b0385fd31f957a797ad25239eaeb348ecbc23e39b1d37408f4fd564613dab1894faa0e57f9e3f0a29d5c14e53728ecce5e6b68cf55f2c67d2a68e321862bd4546eb43072d352e4b1e63ce2b98f115979f66580f9e23bd7e9dc7f9f4af2f110e49b43c2cad230ac9f8c7a56803c579b3dcf610b5c1fc4abcf32e74ad1d4f0337730fcd57ff67fcc5756055eb27dae635dfba91830ccaab924003d6962d5ed5ee45ba4a1a43d31d3f3af41d394aed1aaab18d933451f34f6e4573eccea5aa33352b61716d2447f88707d0f6aee3c11ab9d5fc2f124a49bbb13f679813c903ee9fcb8fa834f10b9b0fe8ce1a9eed54ce828af28d4cef10df9d2bc2fa9de8255d20291907a337caa7f322bcaf4db5f2eca2523076e4fe35eae0d72d16fbb30b735521bbd263b99fcc24038c1e28aef55da56225874ddcfa25438fef54e8ee0f53f9569072470caccd0864f3136b5675ec7c30f4ae3cc35e5919d1f767638c921fb35db20fbb9e3e95710f15e34cf6e3b122fdf15e41a8c9a87893c67a9cda6d8cb76de6f931ed1f2222fca0927819c67b77aefcb924e5293b248e7c43b34747a6fc377936cbafdfee1d7ec96a703e85bfc3f3ab9e2ef0bd8a7854cba3d9476f3e9ede7af96bf33a8fbd93d49c73cfa56af1bcd5a318e91b99fb3972b9bdce5ec6e96e208e45e8c335a4a7228a91e5958f4a94b9a37209d322a3f0bea1fd87e318d646c5a6a43c893d15ff84fe78fc09ab82e784a1dd1cd8a564a5d8f51652ae41ed495e29a27a1c67c4aba3fd9ba6694bd6eee0c8f8fee20ff0016cffc06b0204f92bd7a4b96844ca8eb393068fe6a2aae6fca7bca95a95596bd88c91e0b4cb10bae6997b18650c3bf06b0c7c632a0edba328dd4d1c96a76f87dd8e455688f15f3123dea6ef14c9450bfbb52a8028272428c64fad426d14d27b853908ced6195618607a1069a7677092bab1e437562740f125ee9273e506f36dcfaa1e9fe7d8d6942d915ed56f7ad2ee2c2cbddb1238c8ac5d5ad0cf6cc17efafcca7dc54d195a48d2bc79a2d1e9be1bd63fb7bc376b7ec73381e55c7fd745ebf9f07f1ad303240af32bc392ab8f998d295e099e67e2eba1a878f258d798ec205807fbc7e63ff00a111f852c2b85af4e4ad08af243c2ea9b15979a2a2e749ee0b18f4a942a8f4af661148f9d6d92aed1d2ac902484ae3a8ada508ce0e3dcc657bdce7b5283a9c7d6b88d43c5161a2eba34ed4565b7478c3a5c11943924741ce3debe4e1425566e0b73d7a555469a6cde85e2b9b75b8b69a39e16fbb246db81fc452d6128b8bb33a6325257414549471df1174c69b4cb6d6e05ccd60db65c7568cff0081fe75ce59cc248d594e558022bd7a4f9b0f17db432a2f96a3897c722ab5c26474a98e8cec9aba27f02ea1fd97e279f4a95b16da8aee8b3d04abd3f3191f5c57a4864877c929db1c6a598fa01c9ac71b0bd552ee97f91c14dd94a3d8f18d3a77beb9bad4251892ee77948f4c9ce3f9d6ec7f76bb310ad2b1be17e0431dbe6a2b2b1bdcf7455fa7e34f007a8fc057b71563e71b1de620ea6a686604e02f5ad1545d08945d8afa843b8138fbd5e61f12744fb6e822fa28c35c69edbc8c7de8cfde1f8707f3af9f9af658df9fe7ff000e755095e9d8f38d3ae2f74c956f345bd92d59c64a03946f62a7835db699f11edd8a41af5a1b490f1f6884168cfd4751fad74e230eabad3492fc4e94dd37ccb63b38248aeedd6e6d268e781ba491b061fa52d78728b8bb33ae335257423c315d412dacebba19d0c6e3d4115e3f6f6f2e91a95de91704f9969210a4ff0012f63fe7d6bd0c0caf0943e6672f76aa7dcd989b229645c8aad99ddba30f558a58d52eadc94b8b7712c6c3a820e6bd7349d4e1d6749b4d4d154c7731fef13b06e8ca7f1c8a316af4a33ecce092b556bb9e5379a71f0ff89af34a39f24379b6c4f78db91f974fa8357d1fe5ae8aaf9ad2ee698697bb621793e7a292896e5a9ef085daa61096ea7f3af461194f73c39351245895073522ba83c576463182326dc89a4026848efd4573b7f6e8db92440d1c8a51d4f707822bc1cda36a919afeac6f857ab89e1371a73e89aedee912e710bee889fe243c83f955836eb221560083d4119ad273bda4baea7a7412942ccaf6d05ee8d746eb48bc92d643f7941ca3fb11d0d755a6fc464122c1e20b236cc78fb5400b467ea3a8fc33f4a9ad4a389575a4bf333945d1775b1da412c1776eb73677115c40c32b244e181fcab86f88ba77917163e208978045bdce076fe13fd3f2ae1c1de15f925d742aa494a2a6ba1936d202a39ab9d45744f4677d377454b98f2a722b4fe1d6a1f65bebdf0fcadf2499b9b5cfaff128fc307f035725cf4651f9fdc726215a4a45df88da634da55b6b50ae6e34f7db2e3bc4c7fa1ffd08d72315c8789594e411914507cf423e5a1107cb392326e1b53bcb876b082e24850ec2d146586e1d7f9d15dea1492d5ea734aad4727667d342545e01cfd297ed07a0e2b6f6a969139391bdc6f9bcf5a7090fad3531f2972ddbd4f155350801dd8efc8ae3cce09d24fa9149daa1e51f12f4b6105a6bb0ae64b56f2a7c77427827e878fc6b9bb6915d1483904706b8e94b9a845f6d0f5f0eed268b2630c2ab4f6aaea415041ea08a232b33b2704d1991bdd787ee3edfa5cd242cac1a48d5be590770477af5a962b4f137871914836da85be54ff7491c7e20ff002a316fe0acb74cf3f9395b8773ca74d696032d95c02b716ae62707dab6e36c8abaebde67661a57821245c8ac5bb966d32fad755b6ff5d69207fa8cf20fb7f4269d0b3767d49c546f067afa3da6ada7abe3ccb2be8391ea8c391f5e715e257b0cfa1dd5ee932e5ae2da5f2e3c0fbe0fdd207b8e7f1acf01bca9b39272b353ee8f62f0be923c39e1fb6b0217cfc79970719cc8dd7f2e07d00a2b82ad672a8e5dcb8d2f751d1f9bef4f1267bd7b3191c8e248a49fa5482648c7a9f535d10928abb3369bd11242f24cd9190bdc9ad19a20f6fc72579aaab49d5a326fb686336a32491cc6ada7c37b6d7165703305cc6636f6cf7fa8af0fb649b4dbcb9d32eb89ad24319f719e0d78f84778ca1f33d2a52b493ee6b473023ad499045535667a69a68a97312b2904641e2b7be1c6a4563bcd0656f9addbcfb7cf742791f81aba8b9e84976d4e2acad3522878f74ffecdf10db6b11ae2def879537a090743f88fe46aac0f914efcf4a32f2fc8ac33b3712cf51546ee10e8ca4641183514dd99d5515d1d07c38d499acaef41998996c98cb064f58c9e7f23ff00a156ddf786ac750f12596b736ef3ad40fdd8036c8579527dc7f4158d7a8e85794a3d57e679f0873c395f466fa44d20ddeb4571a8dcd5cd2d0b214e71528c275e4fa0af661a6ace37d86b4c4f0064fa0ab36d68d210d21e3d2b7a29d69dba1136a11b9a236c6be8054b05c6f3b7b57a751a51e5470d9b5728ea16ff007b03dc579a78b3c173eb5aa0d4f4dba86dee8c61255941db263a1c8cf38e3a57cbc66b0f887cdb6a8f428de50badd1c7dd691e26d272d75a3cb3443fe5ada9f341fc1727f3c553875ab77731b49e5c83aab8c115e8f246a2e6a6ee74d3c45b49e85b370ae990c083dc5548b507d1f5ab3d5e2cfee1f120fef21e08fca9538dfdd7d4baef9a3747a9f8834b8bc47e1bb8b58886f3a3135b3ffb40654fe3fd6bcbf49b9696dd44808950ec753d4115cd8677a4e3d9934ddaa5fba3615c6deb50cec314456a7749e865daea2da1f886cf57404a44fb2703f8a33c11f966bd90ed621e360e8e372b0e841e86b3c7c748cbe470d3769c918bac6877da9dda4d6dae5dd8a2c613ca87a139273d7af3fa5158c319184545c2e29526ddee752d27181c0a62ee73802bbb56cc76346dad00c1619ab8d2a46bf4af5a8455285d9c551b9cac53798c87d054f6a7e60dfc23a7bd284bda48728f2a2e5d2ac91823a8fe55cddec452424578399a5ed9b46d82959d998d0ebba63df4b669a9db0b989f6344d2053bbd067afe153dfe9563a926dd474eb7b907f8a48c13f81eb5cc955a2d4b63b5f254d0e5af7e1be8f3167d3ee2eb4f90f40adbd07e079fd6b9ed43c05e22b68dc5bbdaea50e390adb24fc8e07ea6bd1a38f8cf4abbf732953943e1d8eb7c0cda9c1e1e4b3d4ed26b79ad2431c7e68c164ea3f2ce335c8f8bf4ff00ec4f16b4f12edb4d497cd5c74120fbc3f3fe7534651fac4e317a3ff871eaa31932935f2451ee91c281dc9a6d9aea7aeca62d1ec24b800e1a661b635fa93c7f5ae850497349d91b54ad6565b9d6697f0ce32566d7af5aea4ebf66b725631f56ea7f0c577d6da7058a38a28c2451a8545038500600af33158875e4a31d918c5f22e67b9a09a7aede7f95158282317886508919cf35a3144a8326bdcc3c39a5ccc9a92b2b0e92e42aff002aa8d3348724d6d5ab5df2a269c3ab1d17ce7afca3f5ab66658937363005694a4a31e664cd5dd912d8cc6663bce77557d420ebea2bc8c645ca3ce383e5ab63c57e22687159788e1d43ca1f66d4170d8e36ca3afe7c1fceb1aca6d574cff905ead776ca0e7cbdfb90ff00c04f1fa57652a8a7463ccaeadf91d0a9a95edb9bd6df103c4169f2df595a5faff7e3fddbfe9c7e95bb65f11b41b93b2ec5ce9d27a4c8597f35fea2b9aae0232f7a8bf914aa4a9e923a3b6bdb3bf8fccb3bc82e500e4c5206c7d71d2b3fc4fa0ffc247a30b45758ee62904904add14f71c7a8af3e9ca542aa725b1bced521a19fa3fc38d2ed5967d4a49353b91ce1fe5887fc07bfe27f0aee2dec8ac4b1c689144a30a88a0003d80ad2be2255e5d91cf650d5ee68c1600738fc4d5d48638fef735a51a1d65b1c556ab93d093cd41c0a2bd6497630e4663222c4b93d6a29ae31f5f4a894d53858ee49c9dcab9791b352a465f8fe11d7deb9a0dc99b3b244e3e41ec2a9c9319e50013b474f7ae9ad3b47957533a71bbe634ac9fcaf98f6abd28f3a1127a8e6b0c52bd34be6613d25cc715e30d0ff00b6bc3f7764ab99d479d01ff6d7903f1e47e35e416571e6dba961861f2b0f422b3c1bbd271ecff33b60fdef512e2fa1460992f21380883249ad9d37c13afeb6aad731a69766dfc570b9908f64ebf9edaea94e3463cf3f9209cf99da277de1df0769be1e0e6c84b2dc48a1649e56c961d7000e00fc33ee6ba6874f2705abc4ab3957a8e7207354e363520d3c0038c7b9ab6b147172793ef5e8e1f0b64a73fbbfccf3aa55727a0b24a00e2a9b48c4f26b7adf15c508d86ef228a8e7669633de43ebcd4222dc6a272e66752f75120872303f1a9d40518f4aba4ada93277d0ab752e7e45efd6a38106735329734cd22ad12cb3805635edd6b52d5c3a797ed5551f35d1cf563ee94af622adbc7515e637bf0e3edbe20bab85d47ecba74efe618a15fde6e3f780ec07a1e7e95c34310a84ddd5ee6b04e714d1d5689e16d2b4451fd9b62ab2e306e24f9a43ebf31e9f41815d0c56258e5c926b19ce75a5cd22a528d3564684364140e00ab41638f1815e861e828fbd2dce09d4726219bd2a27625b93d6bb1bf74518d98cce462a16ac6a3ba46911b9a2b228cc3d6a65a94743274e948df77f1ada3b19a335ffd6b7d6a787b5651f8ce897c203fd6b7d6b46cbfd77e147432abf092defdc6ac5fe3fc6bcaabf10f0df09a56dfd2b421eb5d14f7473d6dc9cf5a81fa8af56261119dcd0dd0553d997d460fbd519ea6b196c5a23a2a067fffd900ffec00114475636b79000100040000004f0000ffe133cd687474703a2f2f6e732e61646f62652e636f6d2f7861702f312e302f003c3f787061636b657420626567696e3d22efbbbf222069643d2257354d304d7043656869487a7265537a4e54637a6b633964223f3e0d0a3c783a786d706d65746120786d6c6e733a783d2261646f62653a6e733a6d6574612f2220783a786d70746b3d2241646f626520584d5020436f726520362e302d633030322037392e3136343336302c20323032302f30322f31332d30313a30373a32322020202020202020223e0d0a093c7264663a52444620786d6c6e733a7264663d22687474703a2f2f7777772e77332e6f72672f313939392f30322f32322d7264662d73796e7461782d6e7323223e0d0a09093c7264663a4465736372697074696f6e207264663a61626f75743d222220786d6c6e733a786d704d4d3d22687474703a2f2f6e732e61646f62652e636f6d2f7861702f312e302f6d6d2f2220786d6c6e733a73745265663d22687474703a2f2f6e732e61646f62652e636f6d2f7861702f312e302f73547970652f5265736f75726365526566232220786d6c6e733a786d703d22687474703a2f2f6e732e61646f62652e636f6d2f7861702f312e302f2220786d704d4d3a4f726967696e616c446f63756d656e7449443d22786d702e6469643a63303864376331652d323937382d616434372d616634372d3366333965666531356334622220786d704d4d3a446f63756d656e7449443d22786d702e6469643a46354532433333304437354331314541394631313942443345334446443342462220786d704d4d3a496e7374616e636549443d22786d702e6969643a46354532433332464437354331314541394631313942443345334446443342462220786d703a43726561746f72546f6f6c3d2257696e646f77732050686f746f20456469746f722031302e302e31303031312e3136333834223e0d0a0909093c786d704d4d3a4465726976656446726f6d2073745265663a696e7374616e636549443d22786d702e6969643a63303864376331652d323937382d616434372d616634372d336633396566653135633462222073745265663a646f63756d656e7449443d22786d702e6469643a63303864376331652d323937382d616434372d616634372d336633396566653135633462222f3e0d0a0909093c786d703a437265617465446174653e323032302d31312d31335431373a33393a31372e3332363c2f786d703a437265617465446174653e3c2f7264663a4465736372697074696f6e3e0d0a093c2f7264663a5244463e0d0a3c2f783a786d706d6574613e0d0a202020202020202020202020202020202020202020202020202020202020202020202020202020202020202020202020202020202020202020202020202020202020202020202020202020202020202020202020202020202020202020202020202020200a202020202020202020202020202020202020202020202020202020202020202020202020202020202020202020202020202020202020202020202020202020202020202020202020202020202020202020202020202020202020202020202020202020200a202020202020202020202020202020202020202020202020202020202020202020202020202020202020202020202020202020202020202020202020202020202020202020202020202020202020202020202020202020202020202020202020202020200a202020202020202020202020202020202020202020202020202020202020202020202020202020202020202020202020202020202020202020202020202020202020202020202020202020202020202020202020202020202020202020202020202020200a202020202020202020202020202020202020202020202020202020202020202020202020202020202020202020202020202020202020202020202020202020202020202020202020202020202020202020202020202020202020202020202020202020200a202020202020202020202020202020202020202020202020202020202020202020202020202020202020202020202020202020202020202020202020202020202020202020202020202020202020202020202020202020202020202020202020202020200a202020202020202020202020202020202020202020202020202020202020202020202020202020202020202020202020202020202020202020202020202020202020202020202020202020202020202020202020202020202020202020202020202020200a202020202020202020202020202020202020202020202020202020202020202020202020202020202020202020202020202020202020202020202020202020202020202020202020202020202020202020202020202020202020202020202020202020200a202020202020202020202020202020202020202020202020202020202020202020202020202020202020202020202020202020202020202020202020202020202020202020202020202020202020202020202020202020202020202020202020202020200a202020202020202020202020202020202020202020202020202020202020202020202020202020202020202020202020202020202020202020202020202020202020202020202020202020202020202020202020202020202020202020202020202020200a202020202020202020202020202020202020202020202020202020202020202020202020202020202020202020202020202020202020202020202020202020202020202020202020202020202020202020202020202020202020202020202020202020200a202020202020202020202020202020202020202020202020202020202020202020202020202020202020202020202020202020202020202020202020202020202020202020202020202020202020202020202020202020202020202020202020202020200a202020202020202020202020202020202020202020202020202020202020202020202020202020202020202020202020202020202020202020202020202020202020202020202020202020202020202020202020202020202020202020202020202020200a202020202020202020202020202020202020202020202020202020202020202020202020202020202020202020202020202020202020202020202020202020202020202020202020202020202020202020202020202020202020202020202020202020200a202020202020202020202020202020202020202020202020202020202020202020202020202020202020202020202020202020202020202020202020202020202020202020202020202020202020202020202020202020202020202020202020202020200a202020202020202020202020202020202020202020202020202020202020202020202020202020202020202020202020202020202020202020202020202020202020202020202020202020202020202020202020202020202020202020202020202020200a202020202020202020202020202020202020202020202020202020202020202020202020202020202020202020202020202020202020202020202020202020202020202020202020202020202020202020202020202020202020202020202020202020200a202020202020202020202020202020202020202020202020202020202020202020202020202020202020202020202020202020202020202020202020202020202020202020202020202020202020202020202020202020202020202020202020202020200a202020202020202020202020202020202020202020202020202020202020202020202020202020202020202020202020202020202020202020202020202020202020202020202020202020202020202020202020202020202020202020202020202020200a202020202020202020202020202020202020202020202020202020202020202020202020202020202020202020202020202020202020202020202020202020202020202020202020202020202020202020202020202020202020202020202020202020200a202020202020202020202020202020202020202020202020202020202020202020202020202020202020202020202020202020202020202020202020202020202020202020202020202020202020202020202020202020202020202020202020202020200a202020202020202020202020202020202020202020202020202020202020202020202020202020202020202020202020202020202020202020202020202020202020202020202020202020202020202020202020202020202020202020202020202020200a202020202020202020202020202020202020202020202020202020202020202020202020202020202020202020202020202020202020202020202020202020202020202020202020202020202020202020202020202020202020202020202020202020200a202020202020202020202020202020202020202020202020202020202020202020202020202020202020202020202020202020202020202020202020202020202020202020202020202020202020202020202020202020202020202020202020202020200a202020202020202020202020202020202020202020202020202020202020202020202020202020202020202020202020202020202020202020202020202020202020202020202020202020202020202020202020202020202020202020202020202020200a202020202020202020202020202020202020202020202020202020202020202020202020202020202020202020202020202020202020202020202020202020202020202020202020202020202020202020202020202020202020202020202020202020200a202020202020202020202020202020202020202020202020202020202020202020202020202020202020202020202020202020202020202020202020202020202020202020202020202020202020202020202020202020202020202020202020202020200a202020202020202020202020202020202020202020202020202020202020202020202020202020202020202020202020202020202020202020202020202020202020202020202020202020202020202020202020202020202020202020202020202020200a202020202020202020202020202020202020202020202020202020202020202020202020202020202020202020202020202020202020202020202020202020202020202020202020202020202020202020202020202020202020202020202020202020200a202020202020202020202020202020202020202020202020202020202020202020202020202020202020202020202020202020202020202020202020202020202020202020202020202020202020202020202020202020202020202020202020202020200a202020202020202020202020202020202020202020202020202020202020202020202020202020202020202020202020202020202020202020202020202020202020202020202020202020202020202020202020202020202020202020202020202020200a202020202020202020202020202020202020202020202020202020202020202020202020202020202020202020202020202020202020202020202020202020202020202020202020202020202020202020202020202020202020202020202020202020200a202020202020202020202020202020202020202020202020202020202020202020202020202020202020202020202020202020202020202020202020202020202020202020202020202020202020202020202020202020202020202020202020202020200a202020202020202020202020202020202020202020202020202020202020202020202020202020202020202020202020202020202020202020202020202020202020202020202020202020202020202020202020202020202020202020202020202020200a202020202020202020202020202020202020202020202020202020202020202020202020202020202020202020202020202020202020202020202020202020202020202020202020202020202020202020202020202020202020202020202020202020200a202020202020202020202020202020202020202020202020202020202020202020202020202020202020202020202020202020202020202020202020202020202020202020202020202020202020202020202020202020202020202020202020202020200a202020202020202020202020202020202020202020202020202020202020202020202020202020202020202020202020202020202020202020202020202020202020202020202020202020202020202020202020202020202020202020202020202020200a202020202020202020202020202020202020202020202020202020202020202020202020202020202020202020202020202020202020202020202020202020202020202020202020202020202020202020202020202020202020202020202020202020200a202020202020202020202020202020202020202020202020202020202020202020202020202020202020202020202020202020202020202020202020202020202020202020202020202020202020202020202020202020202020202020202020202020200a202020202020202020202020202020202020202020202020202020202020202020202020202020202020202020202020202020202020202020202020202020202020202020202020202020202020202020202020202020202020202020202020202020200a202020202020202020202020202020202020202020202020202020202020202020202020202020202020202020202020202020202020202020202020202020202020202020202020202020202020202020202020202020202020202020202020202020200a202020202020202020202020202020202020202020202020202020202020202020202020202020202020202020202020202020202020202020202020202020202020202020202020202020202020202020202020202020202020202020202020202020200a202020202020202020202020202020202020202020202020202020202020202020202020202020202020202020202020202020202020202020202020202020202020202020202020202020202020202020202020202020202020202020202020202020200a202020202020202020202020202020202020202020202020202020202020202020202020202020202020202020202020202020202020202020202020202020202020202020202020202020202020202020202020202020202020202020202020202020200a202020202020202020202020202020202020202020202020202020202020202020202020202020202020202020202020202020202020202020202020202020202020202020202020202020202020202020202020202020202020202020202020202020200a202020202020202020202020202020202020202020202020202020202020202020202020202020202020202020202020202020202020202020202020202020202020202020202020202020202020202020202020202020202020202020202020202020200a202020202020202020202020202020202020202020202020202020202020202020202020202020202020202020202020202020202020202020202020202020202020202020202020202020202020202020202020202020202020202020202020202020200a202020202020202020202020202020202020202020202020202020202020202020202020202020202020202020202020202020202020202020202020202020202020202020202020202020202020202020202020202020202020202020202020202020200a202020202020202020202020202020202020202020202020202020202020202020202020202020202020202020202020202020202020202020202020202020202020202020202020202020202020202020202020202020202020202020202020202020200a202020202020202020202020202020202020202020202020202020202020202020202020202020202020202020202020202020202020202020202020202020202020202020202020202020202020202020202020202020202020202020202020202020200a202020202020202020202020202020202020202020202020202020202020202020202020202020202020202020202020202020202020202020202020202020202020202020202020202020202020202020202020202020202020202020202020202020200a202020202020202020202020202020202020202020202020202020202020202020202020202020202020202020202020202020202020202020202020202020202020202020202020202020202020202020202020202020202020202020202020202020200a202020202020202020202020202020202020202020202020202020202020202020202020202020202020202020202020202020202020202020202020202020202020202020202020202020202020202020202020202020202020202020202020202020200a202020202020202020202020202020202020202020202020202020202020202020202020202020202020202020202020202020202020202020202020202020202020202020202020202020202020202020202020202020202020202020202020202020200a202020202020202020202020202020202020202020202020202020202020202020202020202020202020202020202020202020202020202020202020202020202020202020202020202020202020202020202020202020202020202020202020202020200a202020202020202020202020202020202020202020202020202020202020202020202020202020202020202020202020202020202020202020202020202020202020202020202020202020202020202020202020202020202020202020202020202020200a202020202020202020202020202020202020202020202020202020202020202020202020202020202020202020202020202020202020202020202020202020202020202020202020202020202020202020202020202020202020202020202020202020200a202020202020202020202020202020202020202020202020202020202020202020202020202020202020202020202020202020202020202020202020202020202020202020202020202020202020202020202020202020202020202020202020202020200a202020202020202020202020202020202020202020202020202020202020202020202020202020202020202020202020202020202020202020202020202020202020202020202020202020202020202020202020202020202020202020202020202020200a202020202020202020202020202020202020202020202020202020202020202020202020202020202020202020202020202020202020202020202020202020202020202020202020202020202020202020202020202020202020202020202020202020200a202020202020202020202020202020202020202020202020202020202020202020202020202020202020202020202020202020202020202020202020202020202020202020202020202020202020202020202020202020202020202020202020202020200a202020202020202020202020202020202020202020202020202020202020202020202020202020202020202020202020202020202020202020202020202020202020202020202020202020202020202020202020202020202020202020202020202020200a202020202020202020202020202020202020202020202020202020202020202020202020202020202020202020202020202020202020202020202020202020202020202020202020202020202020202020202020202020202020202020202020202020200a202020202020202020202020202020202020202020202020202020202020202020202020202020202020202020202020202020202020202020202020202020202020202020202020202020202020202020202020202020202020202020202020202020200a202020202020202020202020202020202020202020202020202020202020202020202020202020202020202020202020202020202020202020202020202020202020202020202020202020202020202020202020202020202020202020202020202020200a202020202020202020202020202020202020202020202020202020202020202020202020202020202020202020202020202020202020202020202020202020202020202020202020202020202020202020202020202020202020202020202020202020200a202020202020202020202020202020202020202020202020202020202020202020202020202020202020202020202020202020202020202020202020202020202020202020202020202020202020202020202020202020202020202020202020202020200a202020202020202020202020202020202020202020202020202020202020202020202020202020202020202020202020202020202020202020202020202020202020202020202020202020202020202020202020202020202020202020202020202020200a202020202020202020202020202020202020202020202020202020202020202020202020202020202020202020202020202020202020202020202020202020202020202020202020202020202020202020202020202020202020202020202020202020200a202020202020202020202020202020202020202020202020202020202020202020202020202020202020202020202020202020202020202020202020202020202020202020202020202020202020202020202020202020202020202020202020202020200a202020202020202020202020202020202020202020202020202020202020202020202020202020202020202020202020202020202020202020202020202020202020202020202020202020202020202020202020202020202020202020202020202020200a202020202020202020202020202020202020202020202020202020202020202020202020202020202020202020202020202020202020202020202020202020202020202020202020202020202020202020202020202020202020202020202020202020200a202020202020202020202020202020202020202020202020202020202020202020202020202020202020202020202020202020202020202020202020202020202020202020202020202020202020202020202020202020202020202020202020202020200a202020202020202020202020202020202020202020202020202020202020202020202020202020202020202020202020202020202020202020202020202020202020202020202020202020202020202020202020202020202020202020202020202020200a202020202020202020202020202020202020202020202020202020202020202020202020202020202020202020202020202020202020202020202020202020202020202020202020202020202020202020202020202020202020202020202020202020200a202020202020202020202020202020202020202020202020202020202020202020202020202020202020202020202020202020202020202020202020202020202020202020202020202020202020202020202020202020202020202020202020202020200a202020202020202020202020202020202020202020202020202020202020202020202020202020202020202020202020202020202020202020202020202020202020202020202020202020202020202020202020202020202020202020202020202020200a202020202020202020202020202020202020202020202020202020202020202020202020202020202020202020202020202020202020202020202020202020202020202020202020202020202020202020202020202020202020202020202020202020200a202020202020202020202020202020202020202020202020202020202020202020202020202020202020202020202020202020202020202020202020202020202020202020202020202020202020202020202020202020202020202020202020202020200a202020202020202020202020202020202020202020202020202020202020202020202020202020202020202020202020202020202020202020202020202020202020202020202020202020202020202020202020202020202020202020202020202020200a202020202020202020202020202020202020202020202020202020202020202020202020202020202020202020202020202020202020202020202020202020202020202020202020202020202020202020202020202020202020202020202020202020200a202020202020202020202020202020202020202020202020202020202020202020202020202020202020202020202020202020202020202020202020202020202020202020202020202020202020202020202020202020202020202020202020202020200a202020202020202020202020202020202020202020202020202020202020202020202020202020202020202020202020202020202020202020202020202020202020202020202020202020202020202020202020202020202020202020202020202020200a202020202020202020202020202020202020202020202020202020202020202020202020202020202020202020202020202020202020202020202020202020202020202020202020202020202020202020202020202020202020202020202020202020200a202020202020202020202020202020202020202020202020202020202020202020202020202020202020202020202020202020202020202020202020202020202020202020202020202020202020202020202020202020202020202020202020202020200a202020202020202020202020202020202020202020202020202020202020202020202020202020202020202020202020202020202020202020202020202020202020202020202020202020202020202020202020202020202020202020202020202020200a202020202020202020202020202020202020202020202020202020202020202020202020202020202020202020202020202020202020202020202020202020202020202020202020202020202020202020202020202020202020202020202020202020200a202020202020202020202020202020202020202020202020202020202020202020202020202020202020202020202020202020202020202020202020202020202020202020202020202020202020202020202020202020202020202020202020202020200a202020202020202020202020202020202020202020202020202020202020202020202020202020202020202020202020202020202020202020202020202020202020202020202020202020202020202020202020202020202020202020202020202020200a202020202020202020202020202020202020202020202020202020202020202020202020202020202020202020202020202020202020202020202020202020202020202020202020202020202020202020202020202020202020202020202020202020200a202020202020202020202020202020202020202020202020202020202020202020202020202020202020202020202020202020202020202020202020202020202020202020202020202020202020202020202020202020202020202020202020202020200a202020202020202020202020202020202020202020202020202020202020202020202020202020202020202020202020202020202020202020202020202020202020202020202020202020202020202020202020202020202020202020202020202020200a202020202020202020202020202020202020202020202020202020202020202020202020202020202020202020202020202020202020202020202020202020202020202020202020202020202020202020202020202020202020202020202020202020200a202020202020202020202020202020202020202020202020202020202020202020202020202020202020202020202020202020202020202020202020202020202020202020202020202020202020202020202020202020202020202020202020202020200a202020202020202020202020202020202020202020202020202020202020202020202020202020202020202020202020202020202020202020202020202020202020202020202020202020202020202020202020202020202020202020202020202020200a202020202020202020202020202020202020202020202020202020202020202020202020202020202020202020202020202020202020202020202020202020202020202020202020202020202020202020202020202020202020202020202020202020200a202020202020202020202020202020202020202020202020202020202020202020202020202020202020202020202020202020202020202020202020202020202020202020202020202020202020202020202020202020202020202020202020202020200a202020202020202020202020202020202020202020202020202020202020202020202020202020202020202020202020202020202020202020202020202020202020202020202020202020202020202020202020202020202020202020202020202020200a202020202020202020202020202020202020202020202020202020202020202020202020202020202020202020202020202020202020202020202020202020202020202020202020202020202020202020202020202020202020202020202020202020200a202020202020202020202020202020202020202020202020202020202020202020202020202020202020202020202020202020202020202020202020202020202020202020202020202020202020202020202020202020202020202020202020202020200a202020202020202020202020202020202020202020202020202020202020202020202020202020202020202020202020202020202020202020202020202020202020202020202020202020202020202020202020202020202020202020202020202020200a202020202020202020202020202020202020202020202020202020202020202020202020202020202020202020202020202020202020202020202020202020202020202020202020202020202020202020202020202020202020202020202020202020200a202020202020202020202020202020202020202020202020202020202020202020202020202020202020202020202020202020202020202020202020202020202020202020202020202020202020202020202020202020202020202020202020202020200a202020202020202020202020202020202020202020202020202020202020202020202020202020202020202020202020202020202020202020202020202020202020202020202020202020202020202020202020202020202020202020202020202020200a202020202020202020202020202020202020202020202020202020202020202020202020202020202020202020202020202020202020202020202020202020202020202020202020202020202020202020202020202020202020202020202020202020200a202020202020202020202020202020202020202020202020202020202020202020202020202020202020202020202020202020202020202020202020202020202020202020202020202020202020202020202020202020202020202020202020202020200a202020202020202020202020202020202020202020202020202020202020202020202020202020202020202020202020202020202020202020202020202020202020202020202020202020202020202020202020202020202020202020202020202020200a202020202020202020202020202020202020202020202020202020202020202020202020202020202020202020202020202020202020202020202020202020202020202020202020202020202020202020202020202020202020202020202020202020200a202020202020202020202020202020202020202020202020202020202020202020202020202020202020202020202020202020202020202020202020202020202020202020202020202020202020202020202020202020202020202020202020202020200a202020202020202020202020202020202020202020202020202020202020202020202020202020202020202020202020202020202020202020202020202020202020202020202020202020202020202020202020202020202020202020202020202020200a202020202020202020202020202020202020202020202020202020202020202020202020202020202020202020202020202020202020202020202020202020202020202020202020202020202020202020202020202020202020202020202020202020200a202020202020202020202020202020202020202020202020202020202020202020202020202020202020202020202020202020202020202020202020202020202020202020202020202020202020202020202020202020202020202020202020202020200a202020202020202020202020202020202020202020202020202020202020202020202020202020202020202020202020202020202020202020202020202020202020202020202020202020202020202020202020202020202020202020202020202020200a202020202020202020202020202020202020202020202020202020202020202020202020202020202020202020202020202020202020202020202020202020202020202020202020202020202020202020202020202020202020202020202020202020200a202020202020202020202020202020202020202020202020202020202020202020202020202020202020202020202020202020202020202020202020202020202020202020202020202020202020202020202020202020202020202020202020202020200a202020202020202020202020202020202020202020202020202020202020202020202020202020202020202020202020202020202020202020202020202020202020202020202020202020202020202020202020202020202020202020202020202020200a202020202020202020202020202020202020202020202020202020202020202020202020202020202020202020202020202020202020202020202020202020202020202020202020202020202020202020202020202020202020202020202020202020200a202020202020202020202020202020202020202020202020202020202020202020202020202020202020202020202020202020202020202020202020202020202020202020202020202020202020202020202020202020202020202020202020202020200a202020202020202020202020202020202020202020202020202020202020202020202020202020202020202020202020202020202020202020202020202020202020202020202020202020202020202020202020202020202020202020202020202020200a202020202020202020202020202020202020202020202020202020202020202020202020202020202020202020202020202020202020202020202020202020202020202020202020202020202020202020202020202020202020202020202020202020200a202020202020202020202020202020202020202020202020202020202020202020202020202020202020202020202020202020202020202020202020202020202020202020202020202020202020202020202020202020202020202020202020202020200a202020202020202020202020202020202020202020202020202020202020202020202020202020202020202020202020202020202020202020202020202020202020203c3f787061636b657420656e643d2777273f3effdb0043000302020302020303030304030304050805050404050a070706080c0a0c0c0b0a0b0b0d0e12100d0e110e0b0b1016101113141515150c0f171816141812141514ffdb00430103040405040509050509140d0b0d1414141414141414141414141414141414141414141414141414141414141414141414141414141414141414141414141414ffc00011080091009403012200021101031101ffc4001f0000010501010101010100000000000000000102030405060708090a0bffc400b5100002010303020403050504040000017d01020300041105122131410613516107227114328191a1082342b1c11552d1f02433627282090a161718191a25262728292a3435363738393a434445464748494a535455565758595a636465666768696a737475767778797a838485868788898a92939495969798999aa2a3a4a5a6a7a8a9aab2b3b4b5b6b7b8b9bac2c3c4c5c6c7c8c9cad2d3d4d5d6d7d8d9dae1e2e3e4e5e6e7e8e9eaf1f2f3f4f5f6f7f8f9faffc4001f0100030101010101010101010000000000000102030405060708090a0bffc400b51100020102040403040705040400010277000102031104052131061241510761711322328108144291a1b1c109233352f0156272d10a162434e125f11718191a262728292a35363738393a434445464748494a535455565758595a636465666768696a737475767778797a82838485868788898a92939495969798999aa2a3a4a5a6a7a8a9aab2b3b4b5b6b7b8b9bac2c3c4c5c6c7c8c9cad2d3d4d5d6d7d8d9dae2e3e4e5e6e7e8e9eaf2f3f4f5f6f7f8f9faffda000c03010002110311003f00fbeace42841539adeb1ba565009c3560dbc47a01835b163a7c9295c823debf17a55dd1773ebeb462d5d9acb0fda31fdef5a7ae97216e460d58b4d9671fef0e4feb515f788238d4aa0e7dfad7a188ccb051a7cd52569765abfebccf26f524f969ad0b51dbc70a82fc11dcd4373ad456ea42e09f535ce5e6b4f22bb96088a096766c018ebcd792f8d7f685f0cf8659e1b699b5dbf5e3cab361e503e864e9ff007ceee86be5aae7589a8b970eb9577ebfe47751cbe759eba9ec579ae4b70c42926bce3c6df193c37e0df323bed405d5eaf1f62b3c49267d1bb2fe241f635f3878bfe35f8b3c6c64805c7f66583647d96cb29b87a337de6e3b671ed5cb58f8766ba604a939af0e7ef4b9eb4b99f99f4f87ca947e2d3d3fccf4bf10fc7bf14f8d2e4d868308d16ddced1e49df391eee7eeffc040fa9ae0343f0bbf8eace6d574ad5ed7c42bbcf9b359dd2dc36eee58824fe26a6f88b723e157c12f15ebc1845a85c5bff0066d8b676b09a7f90b27fb4a86471fee57ca9e1ff0009dd68e2caf749bfbdd13588501fb5d8ccc8dbba9ce3b67b0af5309868e268ba9cfcbad9697f5fd0edd69d474e84569b9f5ee99f0fe7561e74654f4e45769a4f832284292bcfb8af9dfc21fb5878f3c16f1dbf8db45b7f19e92a70da859a882fd47a9c0daf81eaa09eed5f44fc39f8dde01f8b0123f0e6bb1c7a8b0e749d487d9aed4e7eeec63863ee858578b8fc0e3a8a73b7347bc755f3edf33b29e2a9df96a2e57e67496ba5456ea06d03f0abca8abd054d35ac903157520fb8a8bf5af95936f73d44d3d83f0ac2f1069a2e216e056efe1515c46248c8c53849c5dd0d8df84faf369b24da64a70a1bcc8c1f5ee3f91afa13c33a92c9852721c607d6be5cd8fa6ea51dc27055b3c57b4f82b5d1708986ea011cd7bf83c74b0b5e15a3ba7fd23e5337c12a9073477ba8affa531ce33cf3456bdac70de5ba4a555cb0e491de8afd8a9d1af5a11ab06ad2575bf53e19622315cad6c721a7c3ba4018719ae8666fb2c7b40c2815cc69b7863914b575726dbbb3debd71cd7cbe3e94aa61dca8bb35aff99db88ba92e6d8e5f5bf1043a7db497179751595ac7f7a59e40883ea4f15e1de36fda7b45d24bdbe8103eb57438fb4480c702fb8fe27e7d87b1af40f8c1e0cff84cfc15a969a89baf231f68b53dfcc4c9007d4657fe055f19e95a19bab9d841eb8c63fa57c8d18c5479a47d26030b4aa4799f4e86d78abe2378a3e204846a37f21b6cfcb6907eee15f4f9475c7fb593ef5574af0b4d70cbf2935dde83e064088ccb9fc2bb4d3fc3f0daa8c281f857256c7463a44fa7a74545592b2387d17c0bb42974aecf4df0d436fb46dc56d2c091e30a2ae58c1f68ba451eb5e3cf113aaec6ed282723e54fdb3b5dfb7f8a3c0be03b773e4dba36b97d18395249290e7e8165fc2415c4e97a6af94bc5636b1e24ff008599f18bc67e2d0fe75a5c5eb5a58b0271f668804423d0155427df3eb5d958c3b230315fa1548fd56853c3ade2b5f57abff231cb29fb4e6ad2fb4ca13e8e8cbf740ae535ff0087ba7eacc1e4b70b329dcb344763a91d0e457a36d0d504d0ab03915cf4b15529bbc59ecd6c253aaad2460f84fe347c53f85de5c36baaa78b7438463fb3b59f9a50a3b24bf787e78f635ee7f0ff00f6bff0178d6e934fd705c78135838531eae47d959bd16703007fbe17ea6bc3f5285029e0579cf8baef48b5564d49a12a07fab61961f41d47d6bb1e130d9969569fbdde3a3fbb67fd6a7cd6230ef07ef529d979ec7e917d9cb5bc7710c89716d2aee8e685c3a383d0ab0e08fa543ed5f0f7ecfbe08f8c8b791dd7804df785fc29238691b5d7c594e33c9581812d91dd067fda15f7136371c1ddef5f119a65f0cbeaa842a295fef5ebdbef37c1e265884f996df7333efad7cc526b5fc1f7cf6732af3f29e2ab326f2062be5cfda13e325d7c39fda33c282ca595f4cf0fda452eab6e8e42b09dbf78ac3a1c446261c7526b2c060eae6151d2a6f549bfbbfcdd97cc78cab0a50b495ee7e8ae95ad4ab66be5be14f38e3ad15c4e95ae249a7dbcb6b309ad664596190721d1802a47b1068aeca798e2a9c542356492e977a1f153cbd4a4da48d3b7ba92323700df85759a06a91483ca63b49ec6b9f5b1466e3e5abf6364d1caa54e79ef5fa7470f5eda2b9857f67522d32d6b56be5cbbd7b77af953e24f8557c27e3e9e68a3d9697cdf698c01c024fcebf8364fd08afb06fed3ccb50fb7b735e31f19bc32356d01e545cdcd9379f1f1c95c7cc3f2e7fe022be0f1742586a92a5356eabd0ecca311cb3516fc8e27449924b75c7a56a71e95c9f85ee8ec0879c715d5ab65457c8d58f2c99f7d1d85f6c5715f1d7c6a7e1cfc14f166b71c862bd6b536566cad8613cc7cb565f75dc5fe886bb6fbc40af983f6def127dbb56f03781a262514beb97d1e38206e8e1cfe538ff812d7ab9361d6271908cb65abf45afe3b1c18ea8e34b963bbd0f25f87da3ff64687676ec36c8a80bffbc793fa9aef606014735c5e9da8c76f102595557925b8fce9d63f11747bad5e3d321bc596e9f38d8094c819c6ee99e3b57dae22955ad394d26fa9e8e1ab51c3c2306d2e88ee9706a29f85a8adee7ccef53cabb96bcab72bd4f66fcc8f36f88579731dfe896eda99d1b48bbbb4b7bed4238bcc7b746600b81919006e380413c57d77f0ff00f667f87df09e78ee60d34f88b5c5c3ff006b6b045c36eea1a35fb89d782067dcd7cb1e37d15758d26ead1c6048a406f46ec7f3afa5ff0065bf88aff11be0dd94178ecdaef86dc6937aac7e66451fb973f541b727a98daba731a95e397a95095927695baa7b37f97dc7c86229afaeaf6baa7b7933d6ae2f24b86f9db3db1daa1fc281f9d19afcf1b6dea7a914a2ac8b5a7c3f68bb8d7b679cd7e7378975e5f89de3ef1cf89653e6dbeafa8491dbb63fe5d93e48b1f4409ff7cd7dc7f193c5cde00f837e32d7d1da2b9834f782da45382b34c4431b0f70d203f857c3fe09d0bec7e1eb28d976bf961d811ddb93fa9c7e15f79c3f4fd961ea621f5692f96aff0043c8ad175f12a0b68afccfa0ff00676fdaabc3fe09f86769e1af18dc489a9e8f349670b03f7edc60c64e7d0315ff0080d15f36f88be1edb6b5a91b966546da14e541ce33cfe58a2bd7a99665d889bab36d396aeddd9e64b09898bb45687eb6c2b347c6241f9d69dadd4f1b0c96fc56a48648f8e0fe757a19a2e9cfe62beca8e1d47699f3752a5f789afa6de7db2dcc5201d31c5723e28b13b2518ce320fbd757a6dd44b201c7e38a83c4f66b2c2b2af2186d6fe95e271160252c3ac4c65770fc9ff93fd4e1c3d4f6388dac99f2adde9bfd87ae4d0a8c45bb29fee9e9fe1f857416d26e8c56978e747db71e663e6538ac6b16fdd807ad7e3b57de3f56a13538292346df0d3283ebc57c03e32bcf137c6cf8fde33bef0af87ef3c413fdace9d6c625220b7821c46a5dce026e081f048e4b57df4b91c8a5b761691bc7022c08ec6465894286627258e3b93debd3caf328e5aea4b939a52565aedadffad4e7c561a55dc5c656b1f317823f6279af3cabcf893e2332ae437f61688e5631fecc931033efb467d18d743fb457c07f0f5bfc176bbf046816ba36a5e17946a517d963fdecf18004a1db9676da377cc4fddf7af7c27775cd496ec9b8c72a0921914c7246dd1948c107d8835d0b3dc5cf110ab397bb17b2d17dc612c0415376779773e14f0a78823d634eb6ba8cfcb2a86c67a1ee3f039aebe17f312b82d77c26ff00087e2d788bc18fbbec2b2fdbb4b63fc76f27200fa74ff809aec74eb8f310735f518ba718c94a9fc2f55e8cf672ec4fb6a6b9b7ea43aa5b6f8cd54f80de321f0afe3d5a4773208f42f1628d36eb27091ce48f2643f47c0c9e81dab6ee23de86bcebe21f87ceada4ce91e44f19f36261c10e391cd5615c6a2950a9f0c959ff005e46399e1dce9f34775aa3f40ae22304ce841ca9c74a8cf35c6fc11f88ff00f0b73e12e87e2391f7ea689f62d4c77175180189f4dc0abe3b6faed2352f228f5afcef1142787ad2a33dd3b1950aaaad25347ceffb706bc7fe111f06783e3277eb7a9b5dce14f3e4c0a0107d899723de3af2cd2ed7f7238fa55ffda2f5e1e2ff00da5afada3f9ed7c33a743a72904e0cac0c8e7ea0cac87fdca934d842c62bf40843ead82a34badaefe7afe5632cb63ed673aafabfc8cc9ecff79456acd10f328a8551d8f61d1573f4aa2b4418f9001efc55d8e18d3aed151430f4c803fde356551171f3afd1457e954a09743f1d9c9f72cdbf94a41183f856d346b7d62d191f79703eb583f6c823e19c93e99fe82b434dd4959822c6707bd77cbd8d4a6e9cecd3566bc9ee70d48c9ae65d0f35f1b693b831dbc8e0fd6be6cf187c78f0dfc32f8911f85bc5115d6916f3daa5cdbeaee85eddf73302081f300318ddcf391c6335f6478c34bf3959f6e0483f235f15fedb9f0bff00e128f868be21b4b659755f0c4df6865db9f32d18812291dc29dadec3757e19fd9f4a8666f078bbf2bd2fb7f85fcf4fbcfb2c163aa3c2feedea8f5bd36e6d35cd2e2d4b49bdb7d534e98663bab394491b7e229fc82457e73783758d7fc0b7916b9e01d7ee74196650ed6ca7ccb6987f7648db2ac3af5071db15f47781ff006d4d365920b0f88da23f87aed8841abe9ead2d9c87d593964cfb16abc670f55a779615f3aedb4beeebf23dca78e71fe32d3bad8fa2e9334dd2ef2cbc41a5c5aa68d7d6dab69b30ca5d59ca248cfb120f079e94faf9294254db8c959a3d48d48d4578bb9f3f7eda1e079352f07e8de3ed3a2dfa8f86e511ddede0c968e403f82b63e818d7907873544bcb586689f7c722aba9f5046457dbb75a6d9ebba6df691a8c426d3f5081ed678cf4647041fd0d7c01a3e9179f0efc59af7827522c6eb45ba68e376ff96b0939471ea0820ffc0abef32baff5bc13a2fe2a7ffa4bff0027f99c14a5f55c5dba4ff33d2e36f312b1f58b5f310f19abd633ef51cd4977087439a23784cfa89a55202feca3e30ff8413e306a7e0fbb93cbd23c571f9b69b8fca979182540f4dcbb97dcec1dabec15b8834cf3eeaf1fcab5b58de699cff0a282cc7f206bf3cfc7d6377691dbeada63b5beaba5ceb796b327de47421b23e98cfe15f7a7c3df1c58fc4cf04e85e2bb78a36b5d5ad81b8b6382a92f2b344473c060c39ea31eb5cd9dd08d4f678de8f497aad9fcd7e47c8453a152a61fbea8f813c1bab4de2ad5b5bf12dda84bad6b519ef9d739dbbdcb6dfc096af4db4c2c431e95c4f893c1aff07be2ff00887c1cc1869e24fb6e96effc76b27cca327a95ced27d54d7516d743c91cf6e2bdec75aa494e1f0b49af4e87a594ce2a8a5d89ee2e0093145635d5f7ef8f7fc0d15caa8e87a0eba4cfd41b59279b03a67eb5a11e9af370ec71e8c6aaaea1045f2a9de7d17a53ffb6998617e41edd6befe9c68c7f892b9f90cbda4be05634a1b086d94173c0f5e2adc3751c6c3674f6e95ce35f7cd92727f5a923bc638e7afe7f9d7a74f154e3a538d8c654652d64ee75f7b1aea5a7b28fbfd47d6bc93c59a3c3379d0dcc226b3ba8da09e26e8e8c0ab29fa826bd3747b83fc6d853d33583e31d2d64f3768c861b80f7ee2bf3fe2ec239a86323a35a3fcd3fd3ee37cbaa7b0ace9bd99f92bac78366f85ff0012bc45e09bbdc56c67335948c3fd6db3fcc8dff7c91fafa56b368d15f5bb47222c91b0c32b8c83f506bdb7f6e2f01c89a6e85f112c222d77a2ca2c751da397b776f918ff00bac4827fdb1e95e3da1de47750c6e8c191941561dc1e95c91c4bc561e18a8eef47eab7fbf7f99f7f9772caf467d3f239dd0f4bd7fe1aeb4dabf8235bbad02ed8fef208db7dbce3fbaf19f9587d471dabdc3c13fb69409750e9df12f416d12563b46b7a62b4b6ac7d5e3e597df05be95c5bda2ccbdab1f54d062b985d1e35911b82ac320fe06b3a93a18d5cb8b87379ecfeff00f33aeae5ae9be7c3be57f81f6be93a869fe22d2e0d5743d4ad359d3251ba3bbb1996543dfaaf43d320f23be2be67fdb43c1a749d4fc37f12ece23b51974ad5b60ea873e539fd57fef9af0cb3b8d63e0eea67c45e11bebad3668a4492e6d2190f9375183f32baf43c67a8e326bef1d42c745f8e9f09e482360da378a34d0f0b71fb9765caf3ea8e3f3535e5ac32c9b114f134e5cd4a574fbd9ee9fe6bd0f2aa4aa544e9d4569c755e67c8fa2dd8923421b20f707ad741feb23af30f03cf79a4b5ee81aa298b55d1ee1acae11bae54900f3db8c7e15e916730910735e86328ba551a3ea3035d56a49993ad5989237046411c8aecbf631f191d0bc49e24f869792620b9ddab691b8f1b800268c7d5406c0e8236f5ac2bd877a9af39f116a17de06f11e8be32d278d4743bb4b81e8f1823721ff648c83ec4d6b462b174678597da5a7af4febccf3734a2e36ad1de3fd33e87fdb53c0b2ea9e0bd23c796116ed53c313886ef68e5ece46039f5d92118f41231ed5e0963ae25c59472c6db92450ca7d88e2bef2b7b8d17e21785a29c28bcf0df8934fc943fc50cd19054fa300483e847b57e6ef8a34cd43e14eb5e22f06de069b55d26ecdadaed5c99d1ce627551d9948603fda159e4d2789a0f0b3f8e9bfc1ff93fccf23db7d5ea39c7e19abfcca9acdc78b7c49aa5ccbe1cd3b52bdb0b77fb3b4b656cd2a798bcb0240383f30e3d307bd15fa1ff0001fe1ea7c16f85fa3f870a47fda5b3ed5a9481436fba9397e78c851b501ee10514aa711e1e8cdd3851524b4bf7f339feaf88abfbc736afe6cf5e17c723e624fe95623bc2dc13f973594b0b336d19c7a0ab71ecb51f37ccff00dd53fd6bd4a35652d5ec79f382e86a42cd277016ad2ea5059af50cdfde6381f80ef5ce5c6a4cd8441b9ba045e95b1a2787e6bc659ae49dbd96bd8c3569d59fb3c3abbee72d4a718479aabb235f4db8bad5260c9b923ce0c8dd7f2aebb52b15b8d2b0837346323dfd6b213cbb28703088b57b49d5c5cb18ba2fa9af7f1581a52c34a9577cd2926bfe18f02a5494da9c15923c7be20f83ec7c4fa4eaba16a49bf4dd5ad9ed66e325430c061ee0e08f702bf35b43b5bef04ebbac784b561b350d12e9ed9fd19437cac3d411c8f622bf58fc63a46048157a7cebf435f1c7ed0dfb326a3f13bc649e2bf0aeaf63a3eb66d56def21be46f2ae767dd6dea1b076e17eef61ef5f90602b47035eae0f14f953efd24bfcff00c8fb3c1d77251af0d6da3f43c76cb51575009ab6d2248a7a572daf7c39f8b1f0fb749ac781eef51b24ff0097dd0c8bc423d76c65980ff780ac0d37e286997170d6f25c1b4b9438786e94c6ca7d0e7bd7b8f07292e7a2f99774eff91f554734a33f764ecfcf43a9d6ac63b889d586e560411ea3d2bd47f62bf1b3c36be20f87179213369921d4b4bdc7ef5bb9fde20ff75b07f135e4726b315d41bd245911bf890823f3ae7f4ff184ff000dfe20787fc6b66093a6dc05bb41c096d9be5914ff00c049aafabbc561e78696ef6f55b7f97cce0c7b8de35e1bc7f2ea7aa7ed6de0ff00f842be2a68fe38b58fcbd2fc469f63bf207ca97483e563fef2807fe02d589a4dd6e5009afa97e30f80ecbe347c25d5b47b375986a16aba869370318f342ef8987d7a7d1abe29f87bae497da5c6b721a3bcb7636f711b754917820fbfafbe6b8f0b53eb7825cdf1d3f75fe9fe5f20c0d4f6359d35b3d57ea7a530df1d733e20d352eade58dd032382181f435bf05d2f97d7359bab5c2153f9d6745ca33d0fa4c472ce1a9e93fb14f8e249fc3daefc3abf94b5f6812b5e69db8f2f68edf381fee3907fedafa0af47f157c11f0ff8c7e2d7877c7d7de67f68e8e8a3eca8abe5dcc919261773d728483c75daa0f0315f1de85e3497e15fc52f0f78dadc335bd9ce2df508e31932dabfcb20c773b4923dc03dabf425cc570c935acab716d328962950e55d1865581ee0820fe35c19d2ab83c42c6507cbed134fd7ed7dfbfccf92c3c21272c3d457e5775e85eb7b192f6332e3258fa668af2cf891f0abc43e3ad6edeff4bf883acf852da2b6580d969d908ec1ddbcc3861f310c074e8a28af12952c1ca09ceb24fb72c8da73aea4d463a1edb35e61084f917f5350c4b2dd30445e0d47636b25d302c78cd75ba7e9f15ac61987ff005ebf40c2e1a58a95afa1e054ad1a2bcc7687e1f58c2bcaa18f524f6ae826be86ce1c023005625e6b49047d71d8006b067d524bc7cb3600f7e057d62c5d0cbe1eca8fc4791ec2a62a5cf53636eeb547bc7c9f95076f4ad1d0643e72c878881e07a9f5ae62c3375275fdcaf5ff006bdeb71f528b4fb73248405518031cfd07bfff005eaf0d5bda5eb567a7f5f80ab53e5fddc11d6ebf0c77b6a8ca417519c7b578ef8a34f36f74c47033d6bd13c27a93ea3348666dde60e9e83b0acaf18e925439c7cd19ede95f98711d2788aaf169593fd3fcd7e47565b51e0eb7b1933c3b4df8ade12baf11de6870f8b74b8f59b398c12d9cb74b1c8241c141bb1b883c1db9e6b4bc5df0ff00c3fe36b731789fc31a66b6ac3fd65d5b2b498f55931b87e06be42fdb33e15d9f867e2c587897ec6a747f13c6565db95115e20018823bb0dadf52d5e79e17d53c61e05c7fc223e32d6345895b77d97cf32dbb7d636ca9fc41ad2864f4e7469e230b5dc5b57d7bf5d579f91f41edaa556d4a0a56fbcfa53c4dfb13f81f529249fc35aa6afe0fbb6fbab0ca6e6dc7fc01ceeffc7ebc9fc5ff00b23fc50d0ed6e574db8d27c6da79421961945b5d107fd87c0cfd18d6a687fb607c4bf0e811f88b40d1fc5d1700cf6b9b39f1ea76e549fa257a7f85ff006d2f873ad30875a5d53c1b77d0aea16e648b3ecf1e4e3dca8aec52ceb0bad9564be6ff0049193f61b6b4dfe06afecab3f8af4bf8590687e2cd16fb47bfd0ee5ad2d8df26c7920203ae33d42ee2bbba1e31d2bc0ff68cf07ffc2aff008e526a1691f95a178b6337916dfb89740e245f6c939c7fb7ed5f6168be28d0fc5b6c6e742d6ec35ab7032cf6572b2eccf40c01cafe38ae53e3b7c231f1a7c02ba343711596af6772b77a7decc0ed8dc70ca7009c30e38f638af1309997b2cc273c44792353e25ae97ebf7ea764a8f2d184a93bb8fe27c8d2f8aa0d3ed8cb7132c0807de90e2a2f0ddbf8b7e2c5f359f81fc3975ac286db26a12af97690f383ba462178f4ce7dabe95f86ff00b15f847c3f2457fe2bb8b8f1ceb03e6d9720c56519f41103971cff001120ff007457d2ba3f85da2b382d6dede1b0b1886d8edede311c683d15400057a35f36c2d176c347da4bbbd23fe6ff00033ab8aad28da4f957e27c95e03fd86ed59a2bdf88baf49aedcf0dfd8fa533456aa7d1a4e19bfe0217f1afa9b45f06a43676b67696cb6b656d1a430c28b858e3550aaa3e80015de693e1158f0c109ff6d86057496fa65b59e0c98603b7415e55486373492788768adba247873cc69e1eea96adf5389b7f06c7e50c924fd28af4137d0a70bd3d8515eb2e1d8dbf89f87fc13cc799625bb9e796f6b1584796196ea2a96a5ac18f9e0b765a6dd5d92480df31fd2a8ad8999b279279e6bd8ab8d718fb3a1a23d785257e6a8536926bb90b13939ef576decdeeb8031183927fbd56a3d34b2ed4181dcd6943188136f400735cf868b9caf366d52aa4ad12baafd963181845e9dbfc8ae7af3537d52f1550b7909f773fc47d7fcf6abdaf5fee3e446793c3fd3d2aa6976e0b038c93c0ff001ae9c4e29d592a10dba9546928c5d496e75de19b91a7fef5ba46327dcff9c5749a828d4f4f5b8fef0c3570d717215a3b78cf0a72df5aed340ba5b8b7fb293d56b0cc3971149d15d3f33c6c45371b56ebfa1f3bfed25f0abfe1677c2fd77408e3dda942bf6ed35b1cfda2304851fef0dcbf88af80bc2fac1bed2e27946d997f772a9eaae3820ff9ef5fac7e28d3de193cf5cee43dbaf15f17f8a3f6291e26f8a1ae6a91789ffb07c23a8cc2edec34f889baf31bfd622923622e4921be6eb82bc57899563a8e1e13c36265ca96abf55fd763dda15a4ed560af7dcf9a75af14d85ac896fbdae2ea460896d00deecc4e00c7624f635e89e09fd973e247c528e39b54b683c07a049cf9bab47e65e3a9eeb070c0f1d1fcbf626bec2f85bf017c1df0b635ff008457c3b0c37db76beab75fbebc7c8c37ef1b9507baae17dabd5ec3c26f3306998b31ed5ad6cf52f77050ff00b7a5fa2dbefb955aabdeb4acbb23c2be0cfecd7e16f838b3be809797daa5d4422b9d4af64cbc8b9ddb55170aab9e7a6ef52715ecfa6f8399ca99063ebd6bbad3bc32902ae55631fad6d4705bd885c019c753c9ae086598acc2a3af8a96afabdfeeff00863c8ab9aa847d9d05a1cf693e0f11aa9d8107f79bafe55bf069f6d6232c03b0eedfe14d6d4b9217a8354aea7669324f0c335f5787cbb0d85829463792eaff00cb63c49d4ad5e5fbc6685e5f055f93a76ac19eee49188639a9fcc2f195279159f3773558b9293535d4da8d351145cba719a2a0dd9a2b87da4fb9d36471b27fac35a36fdbe94515cb0d8f6a668dbffab34c9bfd59fad1457a54be138e3b9c7dd7fc7e49fef1ad4d37f868a2b8a9ff001d1ebd4fe1891ffc7f49f535d7785ffe3f87fbb45152be17ea7062ff0086fd0bbe28ff008f79bea3f9579d9ff8f83fefff005a28af82c67f15ff005d4acaff0084cebb45edfee8fe66babd37ef51457ad85f8a3f23c8c6eecd36fbc6b36ebef2d1457e834fa9e4d22b7f13525c7dc8e8a2b47f04bfaea752f8910aff00ac35564fbcd4515e6d4f817a9d11dca945145731a1ffd9);
INSERT INTO `teste` (`idteste`, `image`) VALUES
(19, NULL),
(20, NULL),
(21, NULL);

-- --------------------------------------------------------

--
-- Estrutura da tabela `user`
--

CREATE TABLE `user` (
  `idUser` int NOT NULL,
  `username` varchar(45) NOT NULL,
  `password` varchar(45) NOT NULL,
  `name` varchar(100) NOT NULL,
  `nif` int NOT NULL,
  `email` varchar(75) NOT NULL,
  `idZipCode` varchar(10) NOT NULL,
  `idUserType` int NOT NULL,
  `image` varchar(45) DEFAULT 'person'
) ENGINE=InnoDB DEFAULT CHARSET=utf8mb4 COLLATE=utf8mb4_0900_ai_ci;

--
-- Extraindo dados da tabela `user`
--

INSERT INTO `user` (`idUser`, `username`, `password`, `name`, `nif`, `email`, `idZipCode`, `idUserType`, `image`) VALUES
(2, 'marquesantonio', '12341234', 'António Marques', 123123123, 'marquesantonio@ipvc.pt', '4400-843', 1, 'person'),
(3, 'nelsoncampinho', '1234', 'Nelson Campinho', 123123123, 'nelsoncampinho@ipvc.pt', '4400-843', 1, 'person'),
(4, 'newuser', 'password', 'postmethod', 0, 'imapostmethod@test.pt', '4400-843', 1, 'person'),
(5, 'marquesantonioregistered', 'password', 'António', 123658596, 'anto@ipvc.pt', '1100-030', 1, 'person'),
(6, 'marquesantonioregistered', 'password', 'António', 123658596, 'anto@ipvc.pt', '1100-030', 1, 'person'),
(7, 'marquesantonioregistered', 'password', 'António', 123658596, 'anto@ipvc.pt', '1100-030', 1, 'person'),
(8, 'marquesantoni', 'password', 'dsadsas', 232213113, 'asasfasfasf@ipvc.pt', '1100-030', 1, 'person'),
(9, 'nelson', 'password', 'Nelson Campinho', 125412548, 'nelscampinho@ipvc.pt', '4400-843', 1, 'person'),
(10, 'marquesantonioadmin', '12341234', 'António Admin', 151515515, 'admin@ipvc.pt', '4400-843', 2, 'person'),
(11, 'newadmin', 'newadmin', 'newAdmin', 235214254, 'newadmin@ipvc.pt', '4400-843', 1, 'person'),
(12, 'newnewadmin', 'newnewpassowrd', 'newAdmin2', 123542521, 'newnewadmin@ipvc.pt', '1100-030', 1, 'person'),
(13, 'news', 'newdadada', 'new', 233523523, 'new@s.pt', '1100-030', 1, 'person');

-- --------------------------------------------------------

--
-- Estrutura da tabela `usertype`
--

CREATE TABLE `usertype` (
  `idUserType` int NOT NULL,
  `userTypeName` varchar(20) NOT NULL
) ENGINE=InnoDB DEFAULT CHARSET=utf8mb4 COLLATE=utf8mb4_0900_ai_ci;

--
-- Extraindo dados da tabela `usertype`
--

INSERT INTO `usertype` (`idUserType`, `userTypeName`) VALUES
(1, 'user'),
(2, 'admin');

-- --------------------------------------------------------

--
-- Estrutura da tabela `zipcode`
--

CREATE TABLE `zipcode` (
  `idZipCode` varchar(10) NOT NULL,
  `city` varchar(50) NOT NULL
) ENGINE=InnoDB DEFAULT CHARSET=utf8mb4 COLLATE=utf8mb4_0900_ai_ci;

--
-- Extraindo dados da tabela `zipcode`
--

INSERT INTO `zipcode` (`idZipCode`, `city`) VALUES
('1100-030', 'Sé'),
('4000-014', 'Porto'),
('4400-843', 'Vila do Conde'),
('4700-035', 'Braga'),
('4740-647', 'Barcelos'),
('4900-023', 'Viana do Castelo');

--
-- Índices para tabelas despejadas
--

--
-- Índices para tabela `comment`
--
ALTER TABLE `comment`
  ADD PRIMARY KEY (`idComment`),
  ADD KEY `comment_comment_FK_idx` (`idReply`),
  ADD KEY `comment_user_FK_idx` (`idUser`),
  ADD KEY `comment_show_FK_idx` (`idShow`);

--
-- Índices para tabela `dates`
--
ALTER TABLE `dates`
  ADD PRIMARY KEY (`idDate`);

--
-- Índices para tabela `location`
--
ALTER TABLE `location`
  ADD PRIMARY KEY (`idLocation`),
  ADD KEY `location_zipcode_FK_idx` (`idZipCode`);

--
-- Índices para tabela `paymentmethod`
--
ALTER TABLE `paymentmethod`
  ADD PRIMARY KEY (`idPaymentMethod`);

--
-- Índices para tabela `purchase`
--
ALTER TABLE `purchase`
  ADD PRIMARY KEY (`idPurchase`),
  ADD KEY `purchase_paymentmethod_FK_idx` (`idPaymentMethod`),
  ADD KEY `purchase_user_FK_idx` (`idUser`);

--
-- Índices para tabela `purchaseline`
--
ALTER TABLE `purchaseline`
  ADD PRIMARY KEY (`idShow`,`idPurchase`),
  ADD KEY `purchaseline_purchase_FK_idx` (`idPurchase`),
  ADD KEY `purchaseline_date_FK_idx` (`idDate`);

--
-- Índices para tabela `rating`
--
ALTER TABLE `rating`
  ADD PRIMARY KEY (`idRating`);

--
-- Índices para tabela `showdate`
--
ALTER TABLE `showdate`
  ADD PRIMARY KEY (`idShow`,`idDate`),
  ADD KEY `showdate_date_FK_idx` (`idDate`);

--
-- Índices para tabela `shows`
--
ALTER TABLE `shows`
  ADD PRIMARY KEY (`idShow`),
  ADD KEY `show_rating_FK_idx` (`idRating`),
  ADD KEY `show_showtype_FK_idx` (`idShowType`),
  ADD KEY `show_location_FK_idx` (`idLocation`);

--
-- Índices para tabela `showtype`
--
ALTER TABLE `showtype`
  ADD PRIMARY KEY (`idShowType`);

--
-- Índices para tabela `temp_purchaseline`
--
ALTER TABLE `temp_purchaseline`
  ADD PRIMARY KEY (`idShow`,`idUser`,`idDate`),
  ADD KEY `tempPurchase_user_FK_idx` (`idUser`),
  ADD KEY `tempPurchase_date_FK_idx` (`idDate`);

--
-- Índices para tabela `teste`
--
ALTER TABLE `teste`
  ADD PRIMARY KEY (`idteste`);

--
-- Índices para tabela `user`
--
ALTER TABLE `user`
  ADD PRIMARY KEY (`idUser`),
  ADD KEY `user_userType_FK_idx` (`idUserType`),
  ADD KEY `user_zipcode_FK_idx` (`idZipCode`);

--
-- Índices para tabela `usertype`
--
ALTER TABLE `usertype`
  ADD PRIMARY KEY (`idUserType`);

--
-- Índices para tabela `zipcode`
--
ALTER TABLE `zipcode`
  ADD PRIMARY KEY (`idZipCode`);

--
-- AUTO_INCREMENT de tabelas despejadas
--

--
-- AUTO_INCREMENT de tabela `comment`
--
ALTER TABLE `comment`
  MODIFY `idComment` int NOT NULL AUTO_INCREMENT;

--
-- AUTO_INCREMENT de tabela `dates`
--
ALTER TABLE `dates`
  MODIFY `idDate` int NOT NULL AUTO_INCREMENT, AUTO_INCREMENT=101;

--
-- AUTO_INCREMENT de tabela `location`
--
ALTER TABLE `location`
  MODIFY `idLocation` int NOT NULL AUTO_INCREMENT, AUTO_INCREMENT=7;

--
-- AUTO_INCREMENT de tabela `paymentmethod`
--
ALTER TABLE `paymentmethod`
  MODIFY `idPaymentMethod` int NOT NULL AUTO_INCREMENT, AUTO_INCREMENT=3;

--
-- AUTO_INCREMENT de tabela `purchase`
--
ALTER TABLE `purchase`
  MODIFY `idPurchase` int NOT NULL AUTO_INCREMENT, AUTO_INCREMENT=47;

--
-- AUTO_INCREMENT de tabela `rating`
--
ALTER TABLE `rating`
  MODIFY `idRating` int NOT NULL AUTO_INCREMENT, AUTO_INCREMENT=6;

--
-- AUTO_INCREMENT de tabela `shows`
--
ALTER TABLE `shows`
  MODIFY `idShow` int NOT NULL AUTO_INCREMENT, AUTO_INCREMENT=77;

--
-- AUTO_INCREMENT de tabela `showtype`
--
ALTER TABLE `showtype`
  MODIFY `idShowType` int NOT NULL AUTO_INCREMENT, AUTO_INCREMENT=7;

--
-- AUTO_INCREMENT de tabela `teste`
--
ALTER TABLE `teste`
  MODIFY `idteste` int NOT NULL AUTO_INCREMENT, AUTO_INCREMENT=22;

--
-- AUTO_INCREMENT de tabela `user`
--
ALTER TABLE `user`
  MODIFY `idUser` int NOT NULL AUTO_INCREMENT, AUTO_INCREMENT=14;

--
-- AUTO_INCREMENT de tabela `usertype`
--
ALTER TABLE `usertype`
  MODIFY `idUserType` int NOT NULL AUTO_INCREMENT, AUTO_INCREMENT=3;

--
-- Restrições para despejos de tabelas
--

--
-- Limitadores para a tabela `comment`
--
ALTER TABLE `comment`
  ADD CONSTRAINT `comment_comment_FK` FOREIGN KEY (`idReply`) REFERENCES `comment` (`idComment`),
  ADD CONSTRAINT `comment_show_FK` FOREIGN KEY (`idShow`) REFERENCES `shows` (`idShow`),
  ADD CONSTRAINT `comment_user_FK` FOREIGN KEY (`idUser`) REFERENCES `user` (`idUser`);

--
-- Limitadores para a tabela `location`
--
ALTER TABLE `location`
  ADD CONSTRAINT `location_zipcode_FK` FOREIGN KEY (`idZipCode`) REFERENCES `zipcode` (`idZipCode`);

--
-- Limitadores para a tabela `purchase`
--
ALTER TABLE `purchase`
  ADD CONSTRAINT `purchase_paymentmethod_FK` FOREIGN KEY (`idPaymentMethod`) REFERENCES `paymentmethod` (`idPaymentMethod`),
  ADD CONSTRAINT `purchase_user_FK` FOREIGN KEY (`idUser`) REFERENCES `user` (`idUser`);

--
-- Limitadores para a tabela `purchaseline`
--
ALTER TABLE `purchaseline`
  ADD CONSTRAINT `purchaseline_date_FK` FOREIGN KEY (`idDate`) REFERENCES `dates` (`idDate`),
  ADD CONSTRAINT `purchaseline_purchase_FK` FOREIGN KEY (`idPurchase`) REFERENCES `purchase` (`idPurchase`),
  ADD CONSTRAINT `purchaseline_show_FK` FOREIGN KEY (`idShow`) REFERENCES `shows` (`idShow`);

--
-- Limitadores para a tabela `showdate`
--
ALTER TABLE `showdate`
  ADD CONSTRAINT `showdate_date_FK` FOREIGN KEY (`idDate`) REFERENCES `dates` (`idDate`),
  ADD CONSTRAINT `showdate_show_FK` FOREIGN KEY (`idShow`) REFERENCES `shows` (`idShow`);

--
-- Limitadores para a tabela `shows`
--
ALTER TABLE `shows`
  ADD CONSTRAINT `show_location_FK` FOREIGN KEY (`idLocation`) REFERENCES `location` (`idLocation`),
  ADD CONSTRAINT `show_rating_FK` FOREIGN KEY (`idRating`) REFERENCES `rating` (`idRating`),
  ADD CONSTRAINT `show_showtype_FK` FOREIGN KEY (`idShowType`) REFERENCES `showtype` (`idShowType`);

--
-- Limitadores para a tabela `temp_purchaseline`
--
ALTER TABLE `temp_purchaseline`
  ADD CONSTRAINT `tempPurchase_date_FK` FOREIGN KEY (`idDate`) REFERENCES `dates` (`idDate`),
  ADD CONSTRAINT `tempPurchase_show_FK` FOREIGN KEY (`idShow`) REFERENCES `shows` (`idShow`),
  ADD CONSTRAINT `tempPurchase_user_FK` FOREIGN KEY (`idUser`) REFERENCES `user` (`idUser`);

--
-- Limitadores para a tabela `user`
--
ALTER TABLE `user`
  ADD CONSTRAINT `user_userType_FK` FOREIGN KEY (`idUserType`) REFERENCES `usertype` (`idUserType`),
  ADD CONSTRAINT `user_zipcode_FK` FOREIGN KEY (`idZipCode`) REFERENCES `zipcode` (`idZipCode`);
COMMIT;

/*!40101 SET CHARACTER_SET_CLIENT=@OLD_CHARACTER_SET_CLIENT */;
/*!40101 SET CHARACTER_SET_RESULTS=@OLD_CHARACTER_SET_RESULTS */;
/*!40101 SET COLLATION_CONNECTION=@OLD_COLLATION_CONNECTION */;
