CREATE DATABASE  IF NOT EXISTS `sir_tp2` /*!40100 DEFAULT CHARACTER SET utf8mb4 COLLATE utf8mb4_0900_ai_ci */ /*!80016 DEFAULT ENCRYPTION='N' */;
USE `sir_tp2`;
-- MySQL dump 10.13  Distrib 8.0.22, for Win64 (x86_64)
--
-- Host: localhost    Database: sir_tp2
-- ------------------------------------------------------
-- Server version	8.0.22

/*!40101 SET @OLD_CHARACTER_SET_CLIENT=@@CHARACTER_SET_CLIENT */;
/*!40101 SET @OLD_CHARACTER_SET_RESULTS=@@CHARACTER_SET_RESULTS */;
/*!40101 SET @OLD_COLLATION_CONNECTION=@@COLLATION_CONNECTION */;
/*!50503 SET NAMES utf8 */;
/*!40103 SET @OLD_TIME_ZONE=@@TIME_ZONE */;
/*!40103 SET TIME_ZONE='+00:00' */;
/*!40014 SET @OLD_UNIQUE_CHECKS=@@UNIQUE_CHECKS, UNIQUE_CHECKS=0 */;
/*!40014 SET @OLD_FOREIGN_KEY_CHECKS=@@FOREIGN_KEY_CHECKS, FOREIGN_KEY_CHECKS=0 */;
/*!40101 SET @OLD_SQL_MODE=@@SQL_MODE, SQL_MODE='NO_AUTO_VALUE_ON_ZERO' */;
/*!40111 SET @OLD_SQL_NOTES=@@SQL_NOTES, SQL_NOTES=0 */;

--
-- Table structure for table `comment`
--

DROP TABLE IF EXISTS `comment`;
/*!40101 SET @saved_cs_client     = @@character_set_client */;
/*!50503 SET character_set_client = utf8mb4 */;
CREATE TABLE `comment` (
  `idComment` int NOT NULL AUTO_INCREMENT,
  `comentText` varchar(1000) CHARACTER SET utf8 COLLATE utf8_general_ci NOT NULL,
  `idUser` int NOT NULL,
  `idReply` int DEFAULT NULL,
  `idShow` int NOT NULL,
  `date` varchar(15) NOT NULL,
  `hour` varchar(10) NOT NULL,
  `rating` decimal(2,1) NOT NULL DEFAULT '0.0',
  PRIMARY KEY (`idComment`),
  KEY `comment_comment_FK_idx` (`idReply`),
  KEY `comment_user_FK_idx` (`idUser`),
  KEY `comment_show_FK_idx` (`idShow`),
  CONSTRAINT `comment_comment_FK` FOREIGN KEY (`idReply`) REFERENCES `comment` (`idComment`),
  CONSTRAINT `comment_show_FK` FOREIGN KEY (`idShow`) REFERENCES `shows` (`idShow`),
  CONSTRAINT `comment_user_FK` FOREIGN KEY (`idUser`) REFERENCES `user` (`idUser`)
) ENGINE=InnoDB DEFAULT CHARSET=utf8mb4 COLLATE=utf8mb4_0900_ai_ci;
/*!40101 SET character_set_client = @saved_cs_client */;

--
-- Dumping data for table `comment`
--

LOCK TABLES `comment` WRITE;
/*!40000 ALTER TABLE `comment` DISABLE KEYS */;
/*!40000 ALTER TABLE `comment` ENABLE KEYS */;
UNLOCK TABLES;

--
-- Table structure for table `dates`
--

DROP TABLE IF EXISTS `dates`;
/*!40101 SET @saved_cs_client     = @@character_set_client */;
/*!50503 SET character_set_client = utf8mb4 */;
CREATE TABLE `dates` (
  `idDate` int NOT NULL AUTO_INCREMENT,
  `date` varchar(15) NOT NULL,
  `showTime` varchar(15) NOT NULL,
  PRIMARY KEY (`idDate`)
) ENGINE=InnoDB AUTO_INCREMENT=104 DEFAULT CHARSET=utf8mb4 COLLATE=utf8mb4_0900_ai_ci;
/*!40101 SET character_set_client = @saved_cs_client */;

--
-- Dumping data for table `dates`
--

LOCK TABLES `dates` WRITE;
/*!40000 ALTER TABLE `dates` DISABLE KEYS */;
INSERT INTO `dates` VALUES (54,'2020-01-24','12:30'),(55,'2020-01-24','14:15'),(56,'2020-01-31','15:00'),(57,'2020-01-24','18:00'),(58,'2020-01-24','19:30'),(59,'2020-01-24','22:30'),(60,'2020-01-31','17:00'),(61,'2020-02-06','16:00'),(62,'2020-02-20','18:00'),(63,'2020-02-28','18:00'),(64,'2020-02-28','18:30'),(65,'2020-03-19','18:30'),(66,'2020-03-19','22:50'),(67,'2020-03-26','18:30'),(68,'2020-04-15','18:30'),(69,'2020-05-15','18:30'),(70,'2020-06-18','15:00'),(71,'2020-06-26','20:00'),(72,'2020-07-22','20:00'),(73,'2020-07-22','22:00'),(74,'2020-07-31','20:00'),(75,'2020-07-31','22:00'),(76,'2020-08-27','20:00'),(77,'2020-08-27','22:00'),(78,'2020-08-27','16:00'),(79,'2020-09-17','16:00'),(80,'2020-09-25','19:00'),(81,'2020-10-22','19:00'),(82,'2020-11-20','19:00'),(83,'2020-11-20','16:00'),(84,'2020-12-09','16:00'),(85,'2021-02-03','18:00'),(86,'2021-02-03','21:00'),(87,'2021-02-05','18:00'),(88,'2021-02-05','21:00'),(89,'2021-02-05','15:30'),(90,'2021-02-19','18:00'),(91,'2021-02-19','21:00'),(92,'2021-02-19','15:30'),(93,'2021-03-26','15:30'),(94,'2021-03-27','18:30'),(95,'2021-03-31','18:30'),(96,'2021-03-11','20:30'),(97,'2021-02-10','21:30'),(98,'2021-06-10','16:00'),(99,'2021-02-18','20:00'),(100,'2021-02-18','21:00');
/*!40000 ALTER TABLE `dates` ENABLE KEYS */;
UNLOCK TABLES;

--
-- Table structure for table `location`
--

DROP TABLE IF EXISTS `location`;
/*!40101 SET @saved_cs_client     = @@character_set_client */;
/*!50503 SET character_set_client = utf8mb4 */;
CREATE TABLE `location` (
  `idLocation` int NOT NULL AUTO_INCREMENT,
  `building` varchar(75) NOT NULL,
  `idZipCode` varchar(10) NOT NULL,
  PRIMARY KEY (`idLocation`),
  KEY `location_zipcode_FK_idx` (`idZipCode`),
  CONSTRAINT `location_zipcode_FK` FOREIGN KEY (`idZipCode`) REFERENCES `zipcode` (`idZipCode`)
) ENGINE=InnoDB AUTO_INCREMENT=7 DEFAULT CHARSET=utf8mb4 COLLATE=utf8mb4_0900_ai_ci;
/*!40101 SET character_set_client = @saved_cs_client */;

--
-- Dumping data for table `location`
--

LOCK TABLES `location` WRITE;
/*!40000 ALTER TABLE `location` DISABLE KEYS */;
INSERT INTO `location` VALUES (1,'Anfiteatro de Vila do Conde','4400-843'),(2,'Parque João IV','4400-843'),(3,'Cinemas Nos NorteShopping','4000-014'),(4,'Estádio de Barcelos','4740-647'),(5,'Museu de Braga','4700-035'),(6,'Auditório Vianense','4900-023');
/*!40000 ALTER TABLE `location` ENABLE KEYS */;
UNLOCK TABLES;

--
-- Table structure for table `paymentmethod`
--

DROP TABLE IF EXISTS `paymentmethod`;
/*!40101 SET @saved_cs_client     = @@character_set_client */;
/*!50503 SET character_set_client = utf8mb4 */;
CREATE TABLE `paymentmethod` (
  `idPaymentMethod` int NOT NULL AUTO_INCREMENT,
  `method` varchar(45) NOT NULL,
  PRIMARY KEY (`idPaymentMethod`)
) ENGINE=InnoDB AUTO_INCREMENT=3 DEFAULT CHARSET=utf8mb4 COLLATE=utf8mb4_0900_ai_ci;
/*!40101 SET character_set_client = @saved_cs_client */;

--
-- Dumping data for table `paymentmethod`
--

LOCK TABLES `paymentmethod` WRITE;
/*!40000 ALTER TABLE `paymentmethod` DISABLE KEYS */;
INSERT INTO `paymentmethod` VALUES (1,'MB Way'),(2,'Ref. Multibanco');
/*!40000 ALTER TABLE `paymentmethod` ENABLE KEYS */;
UNLOCK TABLES;

--
-- Table structure for table `purchase`
--

DROP TABLE IF EXISTS `purchase`;
/*!40101 SET @saved_cs_client     = @@character_set_client */;
/*!50503 SET character_set_client = utf8mb4 */;
CREATE TABLE `purchase` (
  `idPurchase` int NOT NULL AUTO_INCREMENT,
  `purchaseDate` datetime DEFAULT NULL,
  `purchaseState` tinyint NOT NULL DEFAULT '1',
  `totalPayed` float NOT NULL,
  `idUser` int NOT NULL,
  `idPaymentMethod` int DEFAULT NULL,
  PRIMARY KEY (`idPurchase`),
  KEY `purchase_paymentmethod_FK_idx` (`idPaymentMethod`),
  KEY `purchase_user_FK_idx` (`idUser`),
  CONSTRAINT `purchase_paymentmethod_FK` FOREIGN KEY (`idPaymentMethod`) REFERENCES `paymentmethod` (`idPaymentMethod`),
  CONSTRAINT `purchase_user_FK` FOREIGN KEY (`idUser`) REFERENCES `user` (`idUser`)
) ENGINE=InnoDB AUTO_INCREMENT=50 DEFAULT CHARSET=utf8mb4 COLLATE=utf8mb4_0900_ai_ci;
/*!40101 SET character_set_client = @saved_cs_client */;

--
-- Dumping data for table `purchase`
--

LOCK TABLES `purchase` WRITE;
/*!40000 ALTER TABLE `purchase` DISABLE KEYS */;
INSERT INTO `purchase` VALUES (13,'2021-01-25 00:00:00',0,32,2,2),(14,'2021-01-25 00:00:00',0,96,2,1),(15,'2021-01-25 00:00:00',0,32,2,2),(16,'2020-01-25 00:00:00',0,135,2,2),(17,'2020-01-25 00:00:00',0,207.95,2,2),(18,'2020-02-25 00:00:00',0,120,2,2),(19,'2020-02-25 00:00:00',0,75,2,2),(20,'2020-03-25 00:00:00',0,32,2,2),(21,'2020-03-25 00:00:00',0,20,2,2),(22,'2020-03-25 00:00:00',0,40,2,2),(23,'2020-04-25 00:00:00',0,96,2,2),(24,'2020-04-25 00:00:00',0,20,2,2),(25,'2020-05-25 00:00:00',0,64,2,2),(26,'2020-05-25 00:00:00',0,50,2,2),(27,'2020-06-25 00:00:00',0,32,2,2),(28,'2020-06-25 00:00:00',0,32,2,2),(29,'2020-07-25 00:00:00',0,32,2,2),(30,'2020-08-25 00:00:00',0,112,2,2),(31,'2020-09-25 00:00:00',0,57,2,2),(32,'2020-10-25 00:00:00',0,16,2,2),(33,'2020-10-25 00:00:00',0,16,2,2),(34,'2020-11-25 00:00:00',0,32,2,2),(35,'2020-11-25 00:00:00',0,32,2,2),(36,'2020-11-25 00:00:00',0,32,2,2),(37,'2020-11-25 00:00:00',0,48,2,2),(38,'2020-12-25 00:00:00',0,96,2,2),(39,'2020-12-25 00:00:00',0,20,2,2),(40,'2021-01-25 00:00:00',0,48,2,2),(41,'2021-01-25 00:00:00',0,16,2,2),(42,'2020-01-22 00:00:00',0,32,2,2),(43,'2020-01-22 00:00:00',0,32,2,2),(44,'2020-02-23 00:00:00',0,32,2,2),(45,'2020-02-23 00:00:00',0,20,2,2),(46,'2021-01-26 00:00:00',0,48,2,1),(47,'2021-01-28 00:00:00',0,32,3,2),(48,'2021-01-28 00:00:00',0,16,3,2),(49,'2021-01-28 13:58:57',0,16,3,2);
/*!40000 ALTER TABLE `purchase` ENABLE KEYS */;
UNLOCK TABLES;

--
-- Table structure for table `purchaseline`
--

DROP TABLE IF EXISTS `purchaseline`;
/*!40101 SET @saved_cs_client     = @@character_set_client */;
/*!50503 SET character_set_client = utf8mb4 */;
CREATE TABLE `purchaseline` (
  `idShow` int NOT NULL,
  `idPurchase` int NOT NULL,
  `quantity` int NOT NULL,
  `subtotal` float NOT NULL,
  `idDate` int NOT NULL,
  PRIMARY KEY (`idShow`,`idPurchase`),
  KEY `purchaseline_purchase_FK_idx` (`idPurchase`),
  KEY `purchaseline_date_FK_idx` (`idDate`),
  CONSTRAINT `purchaseline_date_FK` FOREIGN KEY (`idDate`) REFERENCES `dates` (`idDate`),
  CONSTRAINT `purchaseline_purchase_FK` FOREIGN KEY (`idPurchase`) REFERENCES `purchase` (`idPurchase`),
  CONSTRAINT `purchaseline_show_FK` FOREIGN KEY (`idShow`) REFERENCES `shows` (`idShow`)
) ENGINE=InnoDB DEFAULT CHARSET=utf8mb4 COLLATE=utf8mb4_0900_ai_ci;
/*!40101 SET character_set_client = @saved_cs_client */;

--
-- Dumping data for table `purchaseline`
--

LOCK TABLES `purchaseline` WRITE;
/*!40000 ALTER TABLE `purchaseline` DISABLE KEYS */;
INSERT INTO `purchaseline` VALUES (38,16,1,55,60),(39,16,2,40,61),(39,45,1,20,61),(40,16,2,40,62),(40,18,1,20,62),(40,21,1,20,62),(40,24,1,20,62),(40,39,1,20,62),(41,19,1,25,63),(44,17,1,40,67),(44,22,1,40,67),(45,19,1,50,67),(46,18,2,100,68),(48,17,3,151.95,69),(55,31,1,25,79),(58,26,1,25,82),(59,26,1,25,83),(62,23,1,16,86),(62,27,1,16,85),(62,31,1,16,85),(62,35,1,16,86),(62,48,1,16,85),(63,13,2,32,88),(63,23,1,16,88),(63,27,1,16,87),(63,35,1,16,88),(63,38,1,16,89),(63,40,1,16,87),(63,41,1,16,88),(63,42,1,16,88),(63,43,1,16,87),(63,46,1,16,88),(63,47,2,32,89),(63,49,1,16,87),(64,14,1,16,88),(64,17,1,16,87),(64,20,1,16,87),(64,23,1,16,87),(64,36,1,16,87),(64,38,1,16,87),(64,43,1,16,87),(64,44,1,16,88),(65,14,3,48,90),(65,20,1,16,90),(65,23,1,16,90),(65,25,1,16,90),(65,34,1,16,90),(65,36,1,16,90),(65,38,1,16,90),(65,44,1,16,90),(67,14,1,16,93),(67,29,1,16,93),(68,29,1,16,94),(70,30,3,48,96),(70,37,1,16,96),(71,30,3,48,96),(71,32,1,16,96),(71,33,1,16,96),(71,37,1,16,96),(72,30,1,16,97),(72,37,1,16,97),(74,15,1,16,98),(75,15,1,16,99),(75,28,1,16,99),(75,31,1,16,99),(75,46,1,16,99),(76,28,1,16,100);
/*!40000 ALTER TABLE `purchaseline` ENABLE KEYS */;
UNLOCK TABLES;

--
-- Table structure for table `rating`
--

DROP TABLE IF EXISTS `rating`;
/*!40101 SET @saved_cs_client     = @@character_set_client */;
/*!50503 SET character_set_client = utf8mb4 */;
CREATE TABLE `rating` (
  `idRating` int NOT NULL AUTO_INCREMENT,
  `rating` varchar(45) NOT NULL,
  PRIMARY KEY (`idRating`)
) ENGINE=InnoDB AUTO_INCREMENT=6 DEFAULT CHARSET=utf8mb4 COLLATE=utf8mb4_0900_ai_ci;
/*!40101 SET character_set_client = @saved_cs_client */;

--
-- Dumping data for table `rating`
--

LOCK TABLES `rating` WRITE;
/*!40000 ALTER TABLE `rating` DISABLE KEYS */;
INSERT INTO `rating` VALUES (1,'Mature'),(2,'M/14 anos'),(3,'M/06 anos'),(4,'Para todos'),(5,'M/16 anos');
/*!40000 ALTER TABLE `rating` ENABLE KEYS */;
UNLOCK TABLES;

--
-- Table structure for table `showdate`
--

DROP TABLE IF EXISTS `showdate`;
/*!40101 SET @saved_cs_client     = @@character_set_client */;
/*!50503 SET character_set_client = utf8mb4 */;
CREATE TABLE `showdate` (
  `idShow` int NOT NULL,
  `idDate` int NOT NULL,
  `limitPurchaseDate` varchar(45) NOT NULL,
  PRIMARY KEY (`idShow`,`idDate`),
  KEY `showdate_date_FK_idx` (`idDate`),
  CONSTRAINT `showdate_date_FK` FOREIGN KEY (`idDate`) REFERENCES `dates` (`idDate`),
  CONSTRAINT `showdate_show_FK` FOREIGN KEY (`idShow`) REFERENCES `shows` (`idShow`)
) ENGINE=InnoDB DEFAULT CHARSET=utf8mb4 COLLATE=utf8mb4_0900_ai_ci;
/*!40101 SET character_set_client = @saved_cs_client */;

--
-- Dumping data for table `showdate`
--

LOCK TABLES `showdate` WRITE;
/*!40000 ALTER TABLE `showdate` DISABLE KEYS */;
INSERT INTO `showdate` VALUES (37,57,'2020-01-22'),(37,58,'2020-01-22'),(37,59,'2020-01-22'),(38,60,'2020-01-29'),(39,61,'2020-02-05'),(40,62,'2021-01-13'),(41,63,'2020-02-27'),(41,64,'2020-02-27'),(42,64,'2020-02-27'),(43,65,'2020-03-17'),(43,66,'2020-03-17'),(44,67,'2020-03-25'),(45,67,'2020-03-25'),(46,68,'2020-04-13'),(47,69,'2020-05-13'),(48,69,'2020-05-13'),(49,70,'2020-06-17'),(50,71,'2020-06-25'),(51,72,'2020-07-21'),(51,73,'2020-07-21'),(52,74,'2020-07-30'),(52,75,'2020-07-30'),(53,76,'2020-08-26'),(53,77,'2020-08-26'),(54,78,'2020-08-26'),(55,79,'2020-09-15'),(56,80,'2020-09-24'),(57,81,'2020-10-21'),(58,82,'2020-11-19'),(59,83,'2020-11-19'),(60,84,'2020-12-08'),(61,84,'2020-12-08'),(62,85,'2021-02-02'),(62,86,'2021-02-02'),(63,87,'2021-02-03'),(63,88,'2021-02-03'),(63,89,'2021-02-03'),(64,87,'2021-02-03'),(64,88,'2021-02-03'),(64,89,'2021-02-03'),(65,90,'2021-02-18'),(65,91,'2021-02-18'),(65,92,'2021-02-18'),(66,90,'2021-02-18'),(66,91,'2021-02-18'),(66,92,'2021-02-18'),(67,93,'2021-03-25'),(68,94,'2021-03-25'),(69,95,'2021-03-30'),(70,96,'2021-03-10'),(71,96,'2021-03-10'),(72,97,'2021-02-09'),(73,97,'2021-02-09'),(74,98,'2021-06-08'),(75,99,'2021-02-16'),(76,100,'2021-02-16');
/*!40000 ALTER TABLE `showdate` ENABLE KEYS */;
UNLOCK TABLES;

--
-- Table structure for table `shows`
--

DROP TABLE IF EXISTS `shows`;
/*!40101 SET @saved_cs_client     = @@character_set_client */;
/*!50503 SET character_set_client = utf8mb4 */;
CREATE TABLE `shows` (
  `idShow` int NOT NULL AUTO_INCREMENT,
  `showName` varchar(100) NOT NULL,
  `showDescription` varchar(3000) DEFAULT NULL,
  `price` float NOT NULL,
  `availableTickets` int NOT NULL,
  `idRating` int NOT NULL,
  `idShowType` int NOT NULL,
  `idLocation` int NOT NULL,
  `image` varchar(200) NOT NULL DEFAULT 'image',
  `isSpotlight` tinyint NOT NULL DEFAULT '0',
  `valueRating` decimal(2,1) DEFAULT NULL,
  `imageVert` varchar(200) NOT NULL DEFAULT 'imageVert',
  PRIMARY KEY (`idShow`),
  KEY `show_rating_FK_idx` (`idRating`),
  KEY `show_showtype_FK_idx` (`idShowType`),
  KEY `show_location_FK_idx` (`idLocation`),
  CONSTRAINT `show_location_FK` FOREIGN KEY (`idLocation`) REFERENCES `location` (`idLocation`),
  CONSTRAINT `show_rating_FK` FOREIGN KEY (`idRating`) REFERENCES `rating` (`idRating`),
  CONSTRAINT `show_showtype_FK` FOREIGN KEY (`idShowType`) REFERENCES `showtype` (`idShowType`)
) ENGINE=InnoDB AUTO_INCREMENT=79 DEFAULT CHARSET=utf8mb4 COLLATE=utf8mb4_0900_ai_ci;
/*!40101 SET character_set_client = @saved_cs_client */;

--
-- Dumping data for table `shows`
--

LOCK TABLES `shows` WRITE;
/*!40000 ALTER TABLE `shows` DISABLE KEYS */;
INSERT INTO `shows` VALUES (37,'Toy Story 5','Lorem ipsum dolor sit amet, consectetur adipiscing elit, sed do eiusmod tempor incididunt ut labore et dolore magna aliqua. Ultrices in iaculis nunc sed augue lacus. Risus at ultrices mi tempus imperdiet nulla malesuada pellentesque. Purus faucibus ornare suspendisse sed nisi lacus sed viverra. Tellus rutrum tellus pellentesque eu tincidunt tortor aliquam nulla facilisi. Nunc sed velit dignissim sodales ut eu sem integer vitae. Nunc scelerisque viverra mauris in aliquam sem fringilla. Sed blandit libero volutpat sed cras ornare arcu. Quis blandit turpis cursus in hac habitasse platea dictumst. Dignissim suspendisse in est ante. Augue interdum velit euismod in pellentesque massa placerat. Tincidunt praesent semper feugiat nibh sed pulvinar proin gravida. Egestas integer eget aliquet nibh praesent tristique magna sit amet. Interdum varius sit amet mattis. Amet luctus venenatis lectus magna fringilla. Nulla porttitor massa id neque aliquam vestibulum morbi. Urna id volutpat lacus laoreet. Viverra tellus in hac habitasse platea dictumst vestibulum rhoncus est. Enim lobortis scelerisque fermentum dui faucibus. Pretium vulputate sapien nec sagittis aliquam malesuada bibendum.',6.55,200,4,1,3,'image1.png',0,NULL,'image1Vert.png'),(38,'Barcelona X Porto','Lorem ipsum dolor sit amet, consectetur adipiscing elit, sed do eiusmod tempor incididunt ut labore et dolore magna aliqua. Ultrices in iaculis nunc sed augue lacus. Risus at ultrices mi tempus imperdiet nulla malesuada pellentesque. Purus faucibus ornare suspendisse sed nisi lacus sed viverra. Tellus rutrum tellus pellentesque eu tincidunt tortor aliquam nulla facilisi. Nunc sed velit dignissim sodales ut eu sem integer vitae. Nunc scelerisque viverra mauris in aliquam sem fringilla. Sed blandit libero volutpat sed cras ornare arcu. Quis blandit turpis cursus in hac habitasse platea dictumst. Dignissim suspendisse in est ante. Augue interdum velit euismod in pellentesque massa placerat. Tincidunt praesent semper feugiat nibh sed pulvinar proin gravida. Egestas integer eget aliquet nibh praesent tristique magna sit amet. Interdum varius sit amet mattis. Amet luctus venenatis lectus magna fringilla. Nulla porttitor massa id neque aliquam vestibulum morbi. Urna id volutpat lacus laoreet. Viverra tellus in hac habitasse platea dictumst vestibulum rhoncus est. Enim lobortis scelerisque fermentum dui faucibus. Pretium vulputate sapien nec sagittis aliquam malesuada bibendum.',55,499,4,3,4,'sports.jpg',0,NULL,'sportsVert.jpg'),(39,'Xutos e Pontapés - O Concerto','Lorem ipsum dolor sit amet, consectetur adipiscing elit, sed do eiusmod tempor incididunt ut labore et dolore magna aliqua. Ultrices in iaculis nunc sed augue lacus. Risus at ultrices mi tempus imperdiet nulla malesuada pellentesque. Purus faucibus ornare suspendisse sed nisi lacus sed viverra. Tellus rutrum tellus pellentesque eu tincidunt tortor aliquam nulla facilisi. Nunc sed velit dignissim sodales ut eu sem integer vitae. Nunc scelerisque viverra mauris in aliquam sem fringilla. Sed blandit libero volutpat sed cras ornare arcu. Quis blandit turpis cursus in hac habitasse platea dictumst. Dignissim suspendisse in est ante. Augue interdum velit euismod in pellentesque massa placerat. Tincidunt praesent semper feugiat nibh sed pulvinar proin gravida. Egestas integer eget aliquet nibh praesent tristique magna sit amet. Interdum varius sit amet mattis. Amet luctus venenatis lectus magna fringilla. Nulla porttitor massa id neque aliquam vestibulum morbi. Urna id volutpat lacus laoreet. Viverra tellus in hac habitasse platea dictumst vestibulum rhoncus est. Enim lobortis scelerisque fermentum dui faucibus. Pretium vulputate sapien nec sagittis aliquam malesuada bibendum.',20,197,2,2,6,'xutos.jpg',0,NULL,'xutosVert.jpg'),(40,'E tudo o vento levou','Lorem ipsum dolor sit amet, consectetur adipiscing elit, sed do eiusmod tempor incididunt ut labore et dolore magna aliqua. Ultrices in iaculis nunc sed augue lacus. Risus at ultrices mi tempus imperdiet nulla malesuada pellentesque. Purus faucibus ornare suspendisse sed nisi lacus sed viverra. Tellus rutrum tellus pellentesque eu tincidunt tortor aliquam nulla facilisi. Nunc sed velit dignissim sodales ut eu sem integer vitae. Nunc scelerisque viverra mauris in aliquam sem fringilla. Sed blandit libero volutpat sed cras ornare arcu. Quis blandit turpis cursus in hac habitasse platea dictumst. Dignissim suspendisse in est ante. Augue interdum velit euismod in pellentesque massa placerat. Tincidunt praesent semper feugiat nibh sed pulvinar proin gravida. Egestas integer eget aliquet nibh praesent tristique magna sit amet. Interdum varius sit amet mattis. Amet luctus venenatis lectus magna fringilla. Nulla porttitor massa id neque aliquam vestibulum morbi. Urna id volutpat lacus laoreet. Viverra tellus in hac habitasse platea dictumst vestibulum rhoncus est. Enim lobortis scelerisque fermentum dui faucibus. Pretium vulputate sapien nec sagittis aliquam malesuada bibendum.',20,24,4,1,1,'cinema.jpg',0,NULL,'cinemaVert.jpg'),(41,'Exposição paleolítica','Lorem ipsum dolor sit amet, consectetur adipiscing elit, sed do eiusmod tempor incididunt ut labore et dolore magna aliqua. Ultrices in iaculis nunc sed augue lacus. Risus at ultrices mi tempus imperdiet nulla malesuada pellentesque. Purus faucibus ornare suspendisse sed nisi lacus sed viverra. Tellus rutrum tellus pellentesque eu tincidunt tortor aliquam nulla facilisi. Nunc sed velit dignissim sodales ut eu sem integer vitae. Nunc scelerisque viverra mauris in aliquam sem fringilla. Sed blandit libero volutpat sed cras ornare arcu. Quis blandit turpis cursus in hac habitasse platea dictumst. Dignissim suspendisse in est ante. Augue interdum velit euismod in pellentesque massa placerat. Tincidunt praesent semper feugiat nibh sed pulvinar proin gravida. Egestas integer eget aliquet nibh praesent tristique magna sit amet. Interdum varius sit amet mattis. Amet luctus venenatis lectus magna fringilla. Nulla porttitor massa id neque aliquam vestibulum morbi. Urna id volutpat lacus laoreet. Viverra tellus in hac habitasse platea dictumst vestibulum rhoncus est. Enim lobortis scelerisque fermentum dui faucibus. Pretium vulputate sapien nec sagittis aliquam malesuada bibendum.',25,299,5,1,2,'dino.jpg',0,NULL,'dinoVert.jpg'),(42,'Evanescence - Concerto Acoustíco','Lorem ipsum dolor sit amet, consectetur adipiscing elit, sed do eiusmod tempor incididunt ut labore et dolore magna aliqua. Ultrices in iaculis nunc sed augue lacus. Risus at ultrices mi tempus imperdiet nulla malesuada pellentesque. Purus faucibus ornare suspendisse sed nisi lacus sed viverra. Tellus rutrum tellus pellentesque eu tincidunt tortor aliquam nulla facilisi. Nunc sed velit dignissim sodales ut eu sem integer vitae. Nunc scelerisque viverra mauris in aliquam sem fringilla. Sed blandit libero volutpat sed cras ornare arcu. Quis blandit turpis cursus in hac habitasse platea dictumst. Dignissim suspendisse in est ante. Augue interdum velit euismod in pellentesque massa placerat. Tincidunt praesent semper feugiat nibh sed pulvinar proin gravida. Egestas integer eget aliquet nibh praesent tristique magna sit amet. Interdum varius sit amet mattis. Amet luctus venenatis lectus magna fringilla. Nulla porttitor massa id neque aliquam vestibulum morbi. Urna id volutpat lacus laoreet. Viverra tellus in hac habitasse platea dictumst vestibulum rhoncus est. Enim lobortis scelerisque fermentum dui faucibus. Pretium vulputate sapien nec sagittis aliquam malesuada bibendum.',40,300,4,2,1,'cinema.jpg',0,NULL,'cinemaVert.jpg'),(43,'Evanescence - Concerto Acoustíco','Lorem ipsum dolor sit amet, consectetur adipiscing elit, sed do eiusmod tempor incididunt ut labore et dolore magna aliqua. Ultrices in iaculis nunc sed augue lacus. Risus at ultrices mi tempus imperdiet nulla malesuada pellentesque. Purus faucibus ornare suspendisse sed nisi lacus sed viverra. Tellus rutrum tellus pellentesque eu tincidunt tortor aliquam nulla facilisi. Nunc sed velit dignissim sodales ut eu sem integer vitae. Nunc scelerisque viverra mauris in aliquam sem fringilla. Sed blandit libero volutpat sed cras ornare arcu. Quis blandit turpis cursus in hac habitasse platea dictumst. Dignissim suspendisse in est ante. Augue interdum velit euismod in pellentesque massa placerat. Tincidunt praesent semper feugiat nibh sed pulvinar proin gravida. Egestas integer eget aliquet nibh praesent tristique magna sit amet. Interdum varius sit amet mattis. Amet luctus venenatis lectus magna fringilla. Nulla porttitor massa id neque aliquam vestibulum morbi. Urna id volutpat lacus laoreet. Viverra tellus in hac habitasse platea dictumst vestibulum rhoncus est. Enim lobortis scelerisque fermentum dui faucibus. Pretium vulputate sapien nec sagittis aliquam malesuada bibendum.',40,300,4,2,1,'concert.jpg',0,NULL,'concertVert.jpg'),(44,'Obras de arte de Portugal','Lorem ipsum dolor sit amet, consectetur adipiscing elit, sed do eiusmod tempor incididunt ut labore et dolore magna aliqua. Ultrices in iaculis nunc sed augue lacus. Risus at ultrices mi tempus imperdiet nulla malesuada pellentesque. Purus faucibus ornare suspendisse sed nisi lacus sed viverra. Tellus rutrum tellus pellentesque eu tincidunt tortor aliquam nulla facilisi. Nunc sed velit dignissim sodales ut eu sem integer vitae. Nunc scelerisque viverra mauris in aliquam sem fringilla. Sed blandit libero volutpat sed cras ornare arcu. Quis blandit turpis cursus in hac habitasse platea dictumst. Dignissim suspendisse in est ante. Augue interdum velit euismod in pellentesque massa placerat. Tincidunt praesent semper feugiat nibh sed pulvinar proin gravida. Egestas integer eget aliquet nibh praesent tristique magna sit amet. Interdum varius sit amet mattis. Amet luctus venenatis lectus magna fringilla. Nulla porttitor massa id neque aliquam vestibulum morbi. Urna id volutpat lacus laoreet. Viverra tellus in hac habitasse platea dictumst vestibulum rhoncus est. Enim lobortis scelerisque fermentum dui faucibus. Pretium vulputate sapien nec sagittis aliquam malesuada bibendum.',40,298,3,1,2,'concert.jpg',0,NULL,'concertVert.jpg'),(45,'Open tournament - Ténis','Lorem ipsum dolor sit amet, consectetur adipiscing elit, sed do eiusmod tempor incididunt ut labore et dolore magna aliqua. Ultrices in iaculis nunc sed augue lacus. Risus at ultrices mi tempus imperdiet nulla malesuada pellentesque. Purus faucibus ornare suspendisse sed nisi lacus sed viverra. Tellus rutrum tellus pellentesque eu tincidunt tortor aliquam nulla facilisi. Nunc sed velit dignissim sodales ut eu sem integer vitae. Nunc scelerisque viverra mauris in aliquam sem fringilla. Sed blandit libero volutpat sed cras ornare arcu. Quis blandit turpis cursus in hac habitasse platea dictumst. Dignissim suspendisse in est ante. Augue interdum velit euismod in pellentesque massa placerat. Tincidunt praesent semper feugiat nibh sed pulvinar proin gravida. Egestas integer eget aliquet nibh praesent tristique magna sit amet. Interdum varius sit amet mattis. Amet luctus venenatis lectus magna fringilla. Nulla porttitor massa id neque aliquam vestibulum morbi. Urna id volutpat lacus laoreet. Viverra tellus in hac habitasse platea dictumst vestibulum rhoncus est. Enim lobortis scelerisque fermentum dui faucibus. Pretium vulputate sapien nec sagittis aliquam malesuada bibendum.',50,299,2,3,2,'sports.jpg',0,NULL,'tenisVert.jpg'),(46,'Open tournament - Ténis','Lorem ipsum dolor sit amet, consectetur adipiscing elit, sed do eiusmod tempor incididunt ut labore et dolore magna aliqua. Ultrices in iaculis nunc sed augue lacus. Risus at ultrices mi tempus imperdiet nulla malesuada pellentesque. Purus faucibus ornare suspendisse sed nisi lacus sed viverra. Tellus rutrum tellus pellentesque eu tincidunt tortor aliquam nulla facilisi. Nunc sed velit dignissim sodales ut eu sem integer vitae. Nunc scelerisque viverra mauris in aliquam sem fringilla. Sed blandit libero volutpat sed cras ornare arcu. Quis blandit turpis cursus in hac habitasse platea dictumst. Dignissim suspendisse in est ante. Augue interdum velit euismod in pellentesque massa placerat. Tincidunt praesent semper feugiat nibh sed pulvinar proin gravida. Egestas integer eget aliquet nibh praesent tristique magna sit amet. Interdum varius sit amet mattis. Amet luctus venenatis lectus magna fringilla. Nulla porttitor massa id neque aliquam vestibulum morbi. Urna id volutpat lacus laoreet. Viverra tellus in hac habitasse platea dictumst vestibulum rhoncus est. Enim lobortis scelerisque fermentum dui faucibus. Pretium vulputate sapien nec sagittis aliquam malesuada bibendum.',50,298,2,3,2,'sports.jpg',0,NULL,'tenisVert.jpg'),(47,'Porto X Benfica','Lorem ipsum dolor sit amet, consectetur adipiscing elit, sed do eiusmod tempor incididunt ut labore et dolore magna aliqua. Mi quis hendrerit dolor magna eget. Tellus at urna condimentum mattis pellentesque id nibh tortor. Leo urna molestie at elementum eu. Nulla facilisi etiam dignissim diam quis enim. Etiam erat velit scelerisque in dictum non consectetur. In dictum non consectetur a erat nam at lectus. Tincidunt arcu non sodales neque sodales ut etiam sit amet. Ipsum suspendisse ultrices gravida dictum fusce ut placerat. Massa sed elementum tempus egestas. Suspendisse ultrices gravida dictum fusce ut placerat. Elit at imperdiet dui accumsan. Risus commodo viverra maecenas accumsan lacus vel facilisis volutpat est. Malesuada bibendum arcu vitae elementum curabitur vitae nunc. Egestas maecenas pharetra convallis posuere morbi. Fames ac turpis egestas maecenas pharetra convallis posuere morbi. Accumsan in nisl nisi scelerisque. Amet consectetur adipiscing elit duis tristique sollicitudin nibh sit. Diam phasellus vestibulum lorem sed risus ultricies tristique. Quam nulla porttitor massa id neque aliquam vestibulum morbi blandit.',50.65,700,4,3,4,'sports.jpg',0,NULL,'sportsVert.jpg'),(48,'Sporting X Braga','Lorem ipsum dolor sit amet, consectetur adipiscing elit, sed do eiusmod tempor incididunt ut labore et dolore magna aliqua. Mi quis hendrerit dolor magna eget. Tellus at urna condimentum mattis pellentesque id nibh tortor. Leo urna molestie at elementum eu. Nulla facilisi etiam dignissim diam quis enim. Etiam erat velit scelerisque in dictum non consectetur. In dictum non consectetur a erat nam at lectus. Tincidunt arcu non sodales neque sodales ut etiam sit amet. Ipsum suspendisse ultrices gravida dictum fusce ut placerat. Massa sed elementum tempus egestas. Suspendisse ultrices gravida dictum fusce ut placerat. Elit at imperdiet dui accumsan. Risus commodo viverra maecenas accumsan lacus vel facilisis volutpat est. Malesuada bibendum arcu vitae elementum curabitur vitae nunc. Egestas maecenas pharetra convallis posuere morbi. Fames ac turpis egestas maecenas pharetra convallis posuere morbi. Accumsan in nisl nisi scelerisque. Amet consectetur adipiscing elit duis tristique sollicitudin nibh sit. Diam phasellus vestibulum lorem sed risus ultricies tristique. Quam nulla porttitor massa id neque aliquam vestibulum morbi blandit.',50.65,697,4,3,4,'sports.jpg',0,NULL,'sportsVert.jpg'),(49,'Porto X Benfica','Lorem ipsum dolor sit amet, consectetur adipiscing elit, sed do eiusmod tempor incididunt ut labore et dolore magna aliqua. Mi quis hendrerit dolor magna eget. Tellus at urna condimentum mattis pellentesque id nibh tortor. Leo urna molestie at elementum eu. Nulla facilisi etiam dignissim diam quis enim. Etiam erat velit scelerisque in dictum non consectetur. In dictum non consectetur a erat nam at lectus. Tincidunt arcu non sodales neque sodales ut etiam sit amet. Ipsum suspendisse ultrices gravida dictum fusce ut placerat. Massa sed elementum tempus egestas. Suspendisse ultrices gravida dictum fusce ut placerat. Elit at imperdiet dui accumsan. Risus commodo viverra maecenas accumsan lacus vel facilisis volutpat est. Malesuada bibendum arcu vitae elementum curabitur vitae nunc. Egestas maecenas pharetra convallis posuere morbi. Fames ac turpis egestas maecenas pharetra convallis posuere morbi. Accumsan in nisl nisi scelerisque. Amet consectetur adipiscing elit duis tristique sollicitudin nibh sit. Diam phasellus vestibulum lorem sed risus ultricies tristique. Quam nulla porttitor massa id neque aliquam vestibulum morbi blandit.',25,360,2,3,4,'fcpben.jpg',0,NULL,'lignosVert.jpg'),(50,'Porto X Benfica','Lorem ipsum dolor sit amet, consectetur adipiscing elit, sed do eiusmod tempor incididunt ut labore et dolore magna aliqua. Mi quis hendrerit dolor magna eget. Tellus at urna condimentum mattis pellentesque id nibh tortor. Leo urna molestie at elementum eu. Nulla facilisi etiam dignissim diam quis enim. Etiam erat velit scelerisque in dictum non consectetur. In dictum non consectetur a erat nam at lectus. Tincidunt arcu non sodales neque sodales ut etiam sit amet. Ipsum suspendisse ultrices gravida dictum fusce ut placerat. Massa sed elementum tempus egestas. Suspendisse ultrices gravida dictum fusce ut placerat. Elit at imperdiet dui accumsan. Risus commodo viverra maecenas accumsan lacus vel facilisis volutpat est. Malesuada bibendum arcu vitae elementum curabitur vitae nunc. Egestas maecenas pharetra convallis posuere morbi. Fames ac turpis egestas maecenas pharetra convallis posuere morbi. Accumsan in nisl nisi scelerisque. Amet consectetur adipiscing elit duis tristique sollicitudin nibh sit. Diam phasellus vestibulum lorem sed risus ultricies tristique. Quam nulla porttitor massa id neque aliquam vestibulum morbi blandit.',25,360,2,3,4,'fcpben.jpg',0,NULL,'lignosVert.jpg'),(51,'Spider-Man: Returning Home','Lorem ipsum dolor sit amet, consectetur adipiscing elit, sed do eiusmod tempor incididunt ut labore et dolore magna aliqua. Mi quis hendrerit dolor magna eget. Tellus at urna condimentum mattis pellentesque id nibh tortor. Leo urna molestie at elementum eu. Nulla facilisi etiam dignissim diam quis enim. Etiam erat velit scelerisque in dictum non consectetur. In dictum non consectetur a erat nam at lectus. Tincidunt arcu non sodales neque sodales ut etiam sit amet. Ipsum suspendisse ultrices gravida dictum fusce ut placerat. Massa sed elementum tempus egestas. Suspendisse ultrices gravida dictum fusce ut placerat. Elit at imperdiet dui accumsan. Risus commodo viverra maecenas accumsan lacus vel facilisis volutpat est. Malesuada bibendum arcu vitae elementum curabitur vitae nunc. Egestas maecenas pharetra convallis posuere morbi. Fames ac turpis egestas maecenas pharetra convallis posuere morbi. Accumsan in nisl nisi scelerisque. Amet consectetur adipiscing elit duis tristique sollicitudin nibh sit. Diam phasellus vestibulum lorem sed risus ultricies tristique. Quam nulla porttitor massa id neque aliquam vestibulum morbi blandit.',25,360,5,1,3,'hm.jpg',0,NULL,'hmVert.jpg'),(52,'Spider-Man: Returning Home','Lorem ipsum dolor sit amet, consectetur adipiscing elit, sed do eiusmod tempor incididunt ut labore et dolore magna aliqua. Mi quis hendrerit dolor magna eget. Tellus at urna condimentum mattis pellentesque id nibh tortor. Leo urna molestie at elementum eu. Nulla facilisi etiam dignissim diam quis enim. Etiam erat velit scelerisque in dictum non consectetur. In dictum non consectetur a erat nam at lectus. Tincidunt arcu non sodales neque sodales ut etiam sit amet. Ipsum suspendisse ultrices gravida dictum fusce ut placerat. Massa sed elementum tempus egestas. Suspendisse ultrices gravida dictum fusce ut placerat. Elit at imperdiet dui accumsan. Risus commodo viverra maecenas accumsan lacus vel facilisis volutpat est. Malesuada bibendum arcu vitae elementum curabitur vitae nunc. Egestas maecenas pharetra convallis posuere morbi. Fames ac turpis egestas maecenas pharetra convallis posuere morbi. Accumsan in nisl nisi scelerisque. Amet consectetur adipiscing elit duis tristique sollicitudin nibh sit. Diam phasellus vestibulum lorem sed risus ultricies tristique. Quam nulla porttitor massa id neque aliquam vestibulum morbi blandit.',25,360,5,1,3,'hm.jpg',0,NULL,'hmVert.jpg'),(53,'Spider-Man: Returning Home','Lorem ipsum dolor sit amet, consectetur adipiscing elit, sed do eiusmod tempor incididunt ut labore et dolore magna aliqua. Mi quis hendrerit dolor magna eget. Tellus at urna condimentum mattis pellentesque id nibh tortor. Leo urna molestie at elementum eu. Nulla facilisi etiam dignissim diam quis enim. Etiam erat velit scelerisque in dictum non consectetur. In dictum non consectetur a erat nam at lectus. Tincidunt arcu non sodales neque sodales ut etiam sit amet. Ipsum suspendisse ultrices gravida dictum fusce ut placerat. Massa sed elementum tempus egestas. Suspendisse ultrices gravida dictum fusce ut placerat. Elit at imperdiet dui accumsan. Risus commodo viverra maecenas accumsan lacus vel facilisis volutpat est. Malesuada bibendum arcu vitae elementum curabitur vitae nunc. Egestas maecenas pharetra convallis posuere morbi. Fames ac turpis egestas maecenas pharetra convallis posuere morbi. Accumsan in nisl nisi scelerisque. Amet consectetur adipiscing elit duis tristique sollicitudin nibh sit. Diam phasellus vestibulum lorem sed risus ultricies tristique. Quam nulla porttitor massa id neque aliquam vestibulum morbi blandit.',25,360,5,1,3,'hm.jpg',0,NULL,'hmVert.jpg'),(54,'Doja Cat - Hot Pink Tour','Lorem ipsum dolor sit amet, consectetur adipiscing elit, sed do eiusmod tempor incididunt ut labore et dolore magna aliqua. Mi quis hendrerit dolor magna eget. Tellus at urna condimentum mattis pellentesque id nibh tortor. Leo urna molestie at elementum eu. Nulla facilisi etiam dignissim diam quis enim. Etiam erat velit scelerisque in dictum non consectetur. In dictum non consectetur a erat nam at lectus. Tincidunt arcu non sodales neque sodales ut etiam sit amet. Ipsum suspendisse ultrices gravida dictum fusce ut placerat. Massa sed elementum tempus egestas. Suspendisse ultrices gravida dictum fusce ut placerat. Elit at imperdiet dui accumsan. Risus commodo viverra maecenas accumsan lacus vel facilisis volutpat est. Malesuada bibendum arcu vitae elementum curabitur vitae nunc. Egestas maecenas pharetra convallis posuere morbi. Fames ac turpis egestas maecenas pharetra convallis posuere morbi. Accumsan in nisl nisi scelerisque. Amet consectetur adipiscing elit duis tristique sollicitudin nibh sit. Diam phasellus vestibulum lorem sed risus ultricies tristique. Quam nulla porttitor massa id neque aliquam vestibulum morbi blandit.',25,360,1,2,6,'dojacat.jpg',0,NULL,'dojacatVert.jpg'),(55,'Doja Cat - Hot Pink Tour','Lorem ipsum dolor sit amet, consectetur adipiscing elit, sed do eiusmod tempor incididunt ut labore et dolore magna aliqua. Mi quis hendrerit dolor magna eget. Tellus at urna condimentum mattis pellentesque id nibh tortor. Leo urna molestie at elementum eu. Nulla facilisi etiam dignissim diam quis enim. Etiam erat velit scelerisque in dictum non consectetur. In dictum non consectetur a erat nam at lectus. Tincidunt arcu non sodales neque sodales ut etiam sit amet. Ipsum suspendisse ultrices gravida dictum fusce ut placerat. Massa sed elementum tempus egestas. Suspendisse ultrices gravida dictum fusce ut placerat. Elit at imperdiet dui accumsan. Risus commodo viverra maecenas accumsan lacus vel facilisis volutpat est. Malesuada bibendum arcu vitae elementum curabitur vitae nunc. Egestas maecenas pharetra convallis posuere morbi. Fames ac turpis egestas maecenas pharetra convallis posuere morbi. Accumsan in nisl nisi scelerisque. Amet consectetur adipiscing elit duis tristique sollicitudin nibh sit. Diam phasellus vestibulum lorem sed risus ultricies tristique. Quam nulla porttitor massa id neque aliquam vestibulum morbi blandit.',25,359,1,2,6,'dojacat.jpg',0,NULL,'dojacatVert.jpg'),(56,'Coldplay - The Cold Tour','Lorem ipsum dolor sit amet, consectetur adipiscing elit, sed do eiusmod tempor incididunt ut labore et dolore magna aliqua. Mi quis hendrerit dolor magna eget. Tellus at urna condimentum mattis pellentesque id nibh tortor. Leo urna molestie at elementum eu. Nulla facilisi etiam dignissim diam quis enim. Etiam erat velit scelerisque in dictum non consectetur. In dictum non consectetur a erat nam at lectus. Tincidunt arcu non sodales neque sodales ut etiam sit amet. Ipsum suspendisse ultrices gravida dictum fusce ut placerat. Massa sed elementum tempus egestas. Suspendisse ultrices gravida dictum fusce ut placerat. Elit at imperdiet dui accumsan. Risus commodo viverra maecenas accumsan lacus vel facilisis volutpat est. Malesuada bibendum arcu vitae elementum curabitur vitae nunc. Egestas maecenas pharetra convallis posuere morbi. Fames ac turpis egestas maecenas pharetra convallis posuere morbi. Accumsan in nisl nisi scelerisque. Amet consectetur adipiscing elit duis tristique sollicitudin nibh sit. Diam phasellus vestibulum lorem sed risus ultricies tristique. Quam nulla porttitor massa id neque aliquam vestibulum morbi blandit.',25,360,1,2,6,'coldplay.jpg',0,NULL,'coldplayVert.jpg'),(57,'Exposição Pré-Histórica','Lorem ipsum dolor sit amet, consectetur adipiscing elit, sed do eiusmod tempor incididunt ut labore et dolore magna aliqua. Mi quis hendrerit dolor magna eget. Tellus at urna condimentum mattis pellentesque id nibh tortor. Leo urna molestie at elementum eu. Nulla facilisi etiam dignissim diam quis enim. Etiam erat velit scelerisque in dictum non consectetur. In dictum non consectetur a erat nam at lectus. Tincidunt arcu non sodales neque sodales ut etiam sit amet. Ipsum suspendisse ultrices gravida dictum fusce ut placerat. Massa sed elementum tempus egestas. Suspendisse ultrices gravida dictum fusce ut placerat. Elit at imperdiet dui accumsan. Risus commodo viverra maecenas accumsan lacus vel facilisis volutpat est. Malesuada bibendum arcu vitae elementum curabitur vitae nunc. Egestas maecenas pharetra convallis posuere morbi. Fames ac turpis egestas maecenas pharetra convallis posuere morbi. Accumsan in nisl nisi scelerisque. Amet consectetur adipiscing elit duis tristique sollicitudin nibh sit. Diam phasellus vestibulum lorem sed risus ultricies tristique. Quam nulla porttitor massa id neque aliquam vestibulum morbi blandit.',25,360,4,1,5,'cinema.jpg',0,NULL,'cinemaVert.jpg'),(58,'Rio-Ave X Benfica','Lorem ipsum dolor sit amet, consectetur adipiscing elit, sed do eiusmod tempor incididunt ut labore et dolore magna aliqua. Mi quis hendrerit dolor magna eget. Tellus at urna condimentum mattis pellentesque id nibh tortor. Leo urna molestie at elementum eu. Nulla facilisi etiam dignissim diam quis enim. Etiam erat velit scelerisque in dictum non consectetur. In dictum non consectetur a erat nam at lectus. Tincidunt arcu non sodales neque sodales ut etiam sit amet. Ipsum suspendisse ultrices gravida dictum fusce ut placerat. Massa sed elementum tempus egestas. Suspendisse ultrices gravida dictum fusce ut placerat. Elit at imperdiet dui accumsan. Risus commodo viverra maecenas accumsan lacus vel facilisis volutpat est. Malesuada bibendum arcu vitae elementum curabitur vitae nunc. Egestas maecenas pharetra convallis posuere morbi. Fames ac turpis egestas maecenas pharetra convallis posuere morbi. Accumsan in nisl nisi scelerisque. Amet consectetur adipiscing elit duis tristique sollicitudin nibh sit. Diam phasellus vestibulum lorem sed risus ultricies tristique. Quam nulla porttitor massa id neque aliquam vestibulum morbi blandit.',25,599,4,3,4,'sports.jpg',0,NULL,'sportsVert.jpg'),(59,'Porto X Benfica','Lorem ipsum dolor sit amet, consectetur adipiscing elit, sed do eiusmod tempor incididunt ut labore et dolore magna aliqua. Mi quis hendrerit dolor magna eget. Tellus at urna condimentum mattis pellentesque id nibh tortor. Leo urna molestie at elementum eu. Nulla facilisi etiam dignissim diam quis enim. Etiam erat velit scelerisque in dictum non consectetur. In dictum non consectetur a erat nam at lectus. Tincidunt arcu non sodales neque sodales ut etiam sit amet. Ipsum suspendisse ultrices gravida dictum fusce ut placerat. Massa sed elementum tempus egestas. Suspendisse ultrices gravida dictum fusce ut placerat. Elit at imperdiet dui accumsan. Risus commodo viverra maecenas accumsan lacus vel facilisis volutpat est. Malesuada bibendum arcu vitae elementum curabitur vitae nunc. Egestas maecenas pharetra convallis posuere morbi. Fames ac turpis egestas maecenas pharetra convallis posuere morbi. Accumsan in nisl nisi scelerisque. Amet consectetur adipiscing elit duis tristique sollicitudin nibh sit. Diam phasellus vestibulum lorem sed risus ultricies tristique. Quam nulla porttitor massa id neque aliquam vestibulum morbi blandit.',25,599,4,3,4,'fcpben.jpg',0,NULL,'lignosVert.jpg'),(60,'Porto X Benfica','Lorem ipsum dolor sit amet, consectetur adipiscing elit, sed do eiusmod tempor incididunt ut labore et dolore magna aliqua. Mi quis hendrerit dolor magna eget. Tellus at urna condimentum mattis pellentesque id nibh tortor. Leo urna molestie at elementum eu. Nulla facilisi etiam dignissim diam quis enim. Etiam erat velit scelerisque in dictum non consectetur. In dictum non consectetur a erat nam at lectus. Tincidunt arcu non sodales neque sodales ut etiam sit amet. Ipsum suspendisse ultrices gravida dictum fusce ut placerat. Massa sed elementum tempus egestas. Suspendisse ultrices gravida dictum fusce ut placerat. Elit at imperdiet dui accumsan. Risus commodo viverra maecenas accumsan lacus vel facilisis volutpat est. Malesuada bibendum arcu vitae elementum curabitur vitae nunc. Egestas maecenas pharetra convallis posuere morbi. Fames ac turpis egestas maecenas pharetra convallis posuere morbi. Accumsan in nisl nisi scelerisque. Amet consectetur adipiscing elit duis tristique sollicitudin nibh sit. Diam phasellus vestibulum lorem sed risus ultricies tristique. Quam nulla porttitor massa id neque aliquam vestibulum morbi blandit.',25,600,4,3,4,'fcpben.jpg',0,NULL,'lignosVert.jpg'),(61,'Evanescence - The Acoustic Show','Lorem ipsum dolor sit amet, consectetur adipiscing elit, sed do eiusmod tempor incididunt ut labore et dolore magna aliqua. Mi quis hendrerit dolor magna eget. Tellus at urna condimentum mattis pellentesque id nibh tortor. Leo urna molestie at elementum eu. Nulla facilisi etiam dignissim diam quis enim. Etiam erat velit scelerisque in dictum non consectetur. In dictum non consectetur a erat nam at lectus. Tincidunt arcu non sodales neque sodales ut etiam sit amet. Ipsum suspendisse ultrices gravida dictum fusce ut placerat. Massa sed elementum tempus egestas. Suspendisse ultrices gravida dictum fusce ut placerat. Elit at imperdiet dui accumsan. Risus commodo viverra maecenas accumsan lacus vel facilisis volutpat est. Malesuada bibendum arcu vitae elementum curabitur vitae nunc. Egestas maecenas pharetra convallis posuere morbi. Fames ac turpis egestas maecenas pharetra convallis posuere morbi. Accumsan in nisl nisi scelerisque. Amet consectetur adipiscing elit duis tristique sollicitudin nibh sit. Diam phasellus vestibulum lorem sed risus ultricies tristique. Quam nulla porttitor massa id neque aliquam vestibulum morbi blandit.',25,600,4,1,2,'concert.jpg',0,NULL,'concertVert.jpg'),(62,'Toy Story Remake: New Life','Lorem ipsum dolor sit amet, consectetur adipiscing elit, sed do eiusmod tempor incididunt ut labore et dolore magna aliqua. Mi quis hendrerit dolor magna eget. Tellus at urna condimentum mattis pellentesque id nibh tortor. Leo urna molestie at elementum eu. Nulla facilisi etiam dignissim diam quis enim. Etiam erat velit scelerisque in dictum non consectetur. In dictum non consectetur a erat nam at lectus. Tincidunt arcu non sodales neque sodales ut etiam sit amet. Ipsum suspendisse ultrices gravida dictum fusce ut placerat. Massa sed elementum tempus egestas. Suspendisse ultrices gravida dictum fusce ut placerat. Elit at imperdiet dui accumsan. Risus commodo viverra maecenas accumsan lacus vel facilisis volutpat est. Malesuada bibendum arcu vitae elementum curabitur vitae nunc. Egestas maecenas pharetra convallis posuere morbi. Fames ac turpis egestas maecenas pharetra convallis posuere morbi. Accumsan in nisl nisi scelerisque. Amet consectetur adipiscing elit duis tristique sollicitudin nibh sit. Diam phasellus vestibulum lorem sed risus ultricies tristique. Quam nulla porttitor massa id neque aliquam vestibulum morbi blandit.',16,245,2,1,3,'image1.png',1,NULL,'image1Vert.png'),(63,'Returnal','Lorem ipsum dolor sit amet, consectetur adipiscing elit, sed do eiusmod tempor incididunt ut labore et dolore magna aliqua. Mi quis hendrerit dolor magna eget. Tellus at urna condimentum mattis pellentesque id nibh tortor. Leo urna molestie at elementum eu. Nulla facilisi etiam dignissim diam quis enim. Etiam erat velit scelerisque in dictum non consectetur. In dictum non consectetur a erat nam at lectus. Tincidunt arcu non sodales neque sodales ut etiam sit amet. Ipsum suspendisse ultrices gravida dictum fusce ut placerat. Massa sed elementum tempus egestas. Suspendisse ultrices gravida dictum fusce ut placerat. Elit at imperdiet dui accumsan. Risus commodo viverra maecenas accumsan lacus vel facilisis volutpat est. Malesuada bibendum arcu vitae elementum curabitur vitae nunc. Egestas maecenas pharetra convallis posuere morbi. Fames ac turpis egestas maecenas pharetra convallis posuere morbi. Accumsan in nisl nisi scelerisque. Amet consectetur adipiscing elit duis tristique sollicitudin nibh sit. Diam phasellus vestibulum lorem sed risus ultricies tristique. Quam nulla porttitor massa id neque aliquam vestibulum morbi blandit.',16,236,5,1,3,'image1.png',0,NULL,'image1Vert.png'),(64,'Às Cegas','Lorem ipsum dolor sit amet, consectetur adipiscing elit, sed do eiusmod tempor incididunt ut labore et dolore magna aliqua. Mi quis hendrerit dolor magna eget. Tellus at urna condimentum mattis pellentesque id nibh tortor. Leo urna molestie at elementum eu. Nulla facilisi etiam dignissim diam quis enim. Etiam erat velit scelerisque in dictum non consectetur. In dictum non consectetur a erat nam at lectus. Tincidunt arcu non sodales neque sodales ut etiam sit amet. Ipsum suspendisse ultrices gravida dictum fusce ut placerat. Massa sed elementum tempus egestas. Suspendisse ultrices gravida dictum fusce ut placerat. Elit at imperdiet dui accumsan. Risus commodo viverra maecenas accumsan lacus vel facilisis volutpat est. Malesuada bibendum arcu vitae elementum curabitur vitae nunc. Egestas maecenas pharetra convallis posuere morbi. Fames ac turpis egestas maecenas pharetra convallis posuere morbi. Accumsan in nisl nisi scelerisque. Amet consectetur adipiscing elit duis tristique sollicitudin nibh sit. Diam phasellus vestibulum lorem sed risus ultricies tristique. Quam nulla porttitor massa id neque aliquam vestibulum morbi blandit.',16,242,5,1,3,'cinema.jpg',1,NULL,'cinemaVert.jpg'),(65,'Bird Box','Lorem ipsum dolor sit amet, consectetur adipiscing elit, sed do eiusmod tempor incididunt ut labore et dolore magna aliqua. Mi quis hendrerit dolor magna eget. Tellus at urna condimentum mattis pellentesque id nibh tortor. Leo urna molestie at elementum eu. Nulla facilisi etiam dignissim diam quis enim. Etiam erat velit scelerisque in dictum non consectetur. In dictum non consectetur a erat nam at lectus. Tincidunt arcu non sodales neque sodales ut etiam sit amet. Ipsum suspendisse ultrices gravida dictum fusce ut placerat. Massa sed elementum tempus egestas. Suspendisse ultrices gravida dictum fusce ut placerat. Elit at imperdiet dui accumsan. Risus commodo viverra maecenas accumsan lacus vel facilisis volutpat est. Malesuada bibendum arcu vitae elementum curabitur vitae nunc. Egestas maecenas pharetra convallis posuere morbi. Fames ac turpis egestas maecenas pharetra convallis posuere morbi. Accumsan in nisl nisi scelerisque. Amet consectetur adipiscing elit duis tristique sollicitudin nibh sit. Diam phasellus vestibulum lorem sed risus ultricies tristique. Quam nulla porttitor massa id neque aliquam vestibulum morbi blandit.',16,240,2,1,3,'birdbox.jpg',1,NULL,'birdboxVert.jpg'),(66,'American Pie: O Confinamento','Lorem ipsum dolor sit amet, consectetur adipiscing elit, sed do eiusmod tempor incididunt ut labore et dolore magna aliqua. Mi quis hendrerit dolor magna eget. Tellus at urna condimentum mattis pellentesque id nibh tortor. Leo urna molestie at elementum eu. Nulla facilisi etiam dignissim diam quis enim. Etiam erat velit scelerisque in dictum non consectetur. In dictum non consectetur a erat nam at lectus. Tincidunt arcu non sodales neque sodales ut etiam sit amet. Ipsum suspendisse ultrices gravida dictum fusce ut placerat. Massa sed elementum tempus egestas. Suspendisse ultrices gravida dictum fusce ut placerat. Elit at imperdiet dui accumsan. Risus commodo viverra maecenas accumsan lacus vel facilisis volutpat est. Malesuada bibendum arcu vitae elementum curabitur vitae nunc. Egestas maecenas pharetra convallis posuere morbi. Fames ac turpis egestas maecenas pharetra convallis posuere morbi. Accumsan in nisl nisi scelerisque. Amet consectetur adipiscing elit duis tristique sollicitudin nibh sit. Diam phasellus vestibulum lorem sed risus ultricies tristique. Quam nulla porttitor massa id neque aliquam vestibulum morbi blandit.',16,250,1,1,3,'americanpie.jpg',1,NULL,'americanpieVert.jpg'),(67,'Ténis Tournament','Lorem ipsum dolor sit amet, consectetur adipiscing elit, sed do eiusmod tempor incididunt ut labore et dolore magna aliqua. Mi quis hendrerit dolor magna eget. Tellus at urna condimentum mattis pellentesque id nibh tortor. Leo urna molestie at elementum eu. Nulla facilisi etiam dignissim diam quis enim. Etiam erat velit scelerisque in dictum non consectetur. In dictum non consectetur a erat nam at lectus. Tincidunt arcu non sodales neque sodales ut etiam sit amet. Ipsum suspendisse ultrices gravida dictum fusce ut placerat. Massa sed elementum tempus egestas. Suspendisse ultrices gravida dictum fusce ut placerat. Elit at imperdiet dui accumsan. Risus commodo viverra maecenas accumsan lacus vel facilisis volutpat est. Malesuada bibendum arcu vitae elementum curabitur vitae nunc. Egestas maecenas pharetra convallis posuere morbi. Fames ac turpis egestas maecenas pharetra convallis posuere morbi. Accumsan in nisl nisi scelerisque. Amet consectetur adipiscing elit duis tristique sollicitudin nibh sit. Diam phasellus vestibulum lorem sed risus ultricies tristique. Quam nulla porttitor massa id neque aliquam vestibulum morbi blandit.',16,248,4,3,4,'sports.jpg',1,NULL,'tenisVert.jpg'),(68,'Porto FC X Sporting','Lorem ipsum dolor sit amet, consectetur adipiscing elit, sed do eiusmod tempor incididunt ut labore et dolore magna aliqua. Mi quis hendrerit dolor magna eget. Tellus at urna condimentum mattis pellentesque id nibh tortor. Leo urna molestie at elementum eu. Nulla facilisi etiam dignissim diam quis enim. Etiam erat velit scelerisque in dictum non consectetur. In dictum non consectetur a erat nam at lectus. Tincidunt arcu non sodales neque sodales ut etiam sit amet. Ipsum suspendisse ultrices gravida dictum fusce ut placerat. Massa sed elementum tempus egestas. Suspendisse ultrices gravida dictum fusce ut placerat. Elit at imperdiet dui accumsan. Risus commodo viverra maecenas accumsan lacus vel facilisis volutpat est. Malesuada bibendum arcu vitae elementum curabitur vitae nunc. Egestas maecenas pharetra convallis posuere morbi. Fames ac turpis egestas maecenas pharetra convallis posuere morbi. Accumsan in nisl nisi scelerisque. Amet consectetur adipiscing elit duis tristique sollicitudin nibh sit. Diam phasellus vestibulum lorem sed risus ultricies tristique. Quam nulla porttitor massa id neque aliquam vestibulum morbi blandit.',16,249,4,3,4,'fcpscp.jpg',1,NULL,'lignosVert.jpg'),(69,'Rio-Ave X Sporting','Lorem ipsum dolor sit amet, consectetur adipiscing elit, sed do eiusmod tempor incididunt ut labore et dolore magna aliqua. Mi quis hendrerit dolor magna eget. Tellus at urna condimentum mattis pellentesque id nibh tortor. Leo urna molestie at elementum eu. Nulla facilisi etiam dignissim diam quis enim. Etiam erat velit scelerisque in dictum non consectetur. In dictum non consectetur a erat nam at lectus. Tincidunt arcu non sodales neque sodales ut etiam sit amet. Ipsum suspendisse ultrices gravida dictum fusce ut placerat. Massa sed elementum tempus egestas. Suspendisse ultrices gravida dictum fusce ut placerat. Elit at imperdiet dui accumsan. Risus commodo viverra maecenas accumsan lacus vel facilisis volutpat est. Malesuada bibendum arcu vitae elementum curabitur vitae nunc. Egestas maecenas pharetra convallis posuere morbi. Fames ac turpis egestas maecenas pharetra convallis posuere morbi. Accumsan in nisl nisi scelerisque. Amet consectetur adipiscing elit duis tristique sollicitudin nibh sit. Diam phasellus vestibulum lorem sed risus ultricies tristique. Quam nulla porttitor massa id neque aliquam vestibulum morbi blandit.',16,250,4,3,4,'sports.jpg',1,NULL,'sportsVert.jpg'),(70,'Rio-Ave X Porto','Lorem ipsum dolor sit amet, consectetur adipiscing elit, sed do eiusmod tempor incididunt ut labore et dolore magna aliqua. Mi quis hendrerit dolor magna eget. Tellus at urna condimentum mattis pellentesque id nibh tortor. Leo urna molestie at elementum eu. Nulla facilisi etiam dignissim diam quis enim. Etiam erat velit scelerisque in dictum non consectetur. In dictum non consectetur a erat nam at lectus. Tincidunt arcu non sodales neque sodales ut etiam sit amet. Ipsum suspendisse ultrices gravida dictum fusce ut placerat. Massa sed elementum tempus egestas. Suspendisse ultrices gravida dictum fusce ut placerat. Elit at imperdiet dui accumsan. Risus commodo viverra maecenas accumsan lacus vel facilisis volutpat est. Malesuada bibendum arcu vitae elementum curabitur vitae nunc. Egestas maecenas pharetra convallis posuere morbi. Fames ac turpis egestas maecenas pharetra convallis posuere morbi. Accumsan in nisl nisi scelerisque. Amet consectetur adipiscing elit duis tristique sollicitudin nibh sit. Diam phasellus vestibulum lorem sed risus ultricies tristique. Quam nulla porttitor massa id neque aliquam vestibulum morbi blandit.',16,246,4,3,4,'sports.jpg',1,NULL,'sportsVert.jpg'),(71,'Andebol - Sporting X Porto','Lorem ipsum dolor sit amet, consectetur adipiscing elit, sed do eiusmod tempor incididunt ut labore et dolore magna aliqua. Mi quis hendrerit dolor magna eget. Tellus at urna condimentum mattis pellentesque id nibh tortor. Leo urna molestie at elementum eu. Nulla facilisi etiam dignissim diam quis enim. Etiam erat velit scelerisque in dictum non consectetur. In dictum non consectetur a erat nam at lectus. Tincidunt arcu non sodales neque sodales ut etiam sit amet. Ipsum suspendisse ultrices gravida dictum fusce ut placerat. Massa sed elementum tempus egestas. Suspendisse ultrices gravida dictum fusce ut placerat. Elit at imperdiet dui accumsan. Risus commodo viverra maecenas accumsan lacus vel facilisis volutpat est. Malesuada bibendum arcu vitae elementum curabitur vitae nunc. Egestas maecenas pharetra convallis posuere morbi. Fames ac turpis egestas maecenas pharetra convallis posuere morbi. Accumsan in nisl nisi scelerisque. Amet consectetur adipiscing elit duis tristique sollicitudin nibh sit. Diam phasellus vestibulum lorem sed risus ultricies tristique. Quam nulla porttitor massa id neque aliquam vestibulum morbi blandit.',16,244,4,3,4,'sports.jpg',1,NULL,'sportsVert.jpg'),(72,'Evanescence - The Bitter Truth','Lorem ipsum dolor sit amet, consectetur adipiscing elit, sed do eiusmod tempor incididunt ut labore et dolore magna aliqua. Mi quis hendrerit dolor magna eget. Tellus at urna condimentum mattis pellentesque id nibh tortor. Leo urna molestie at elementum eu. Nulla facilisi etiam dignissim diam quis enim. Etiam erat velit scelerisque in dictum non consectetur. In dictum non consectetur a erat nam at lectus. Tincidunt arcu non sodales neque sodales ut etiam sit amet. Ipsum suspendisse ultrices gravida dictum fusce ut placerat. Massa sed elementum tempus egestas. Suspendisse ultrices gravida dictum fusce ut placerat. Elit at imperdiet dui accumsan. Risus commodo viverra maecenas accumsan lacus vel facilisis volutpat est. Malesuada bibendum arcu vitae elementum curabitur vitae nunc. Egestas maecenas pharetra convallis posuere morbi. Fames ac turpis egestas maecenas pharetra convallis posuere morbi. Accumsan in nisl nisi scelerisque. Amet consectetur adipiscing elit duis tristique sollicitudin nibh sit. Diam phasellus vestibulum lorem sed risus ultricies tristique. Quam nulla porttitor massa id neque aliquam vestibulum morbi blandit.',16,248,4,2,4,'concert.jpg',1,NULL,'concertVert.jpg'),(73,'Coldplay - 2021 Concert','Lorem ipsum dolor sit amet, consectetur adipiscing elit, sed do eiusmod tempor incididunt ut labore et dolore magna aliqua. Mi quis hendrerit dolor magna eget. Tellus at urna condimentum mattis pellentesque id nibh tortor. Leo urna molestie at elementum eu. Nulla facilisi etiam dignissim diam quis enim. Etiam erat velit scelerisque in dictum non consectetur. In dictum non consectetur a erat nam at lectus. Tincidunt arcu non sodales neque sodales ut etiam sit amet. Ipsum suspendisse ultrices gravida dictum fusce ut placerat. Massa sed elementum tempus egestas. Suspendisse ultrices gravida dictum fusce ut placerat. Elit at imperdiet dui accumsan. Risus commodo viverra maecenas accumsan lacus vel facilisis volutpat est. Malesuada bibendum arcu vitae elementum curabitur vitae nunc. Egestas maecenas pharetra convallis posuere morbi. Fames ac turpis egestas maecenas pharetra convallis posuere morbi. Accumsan in nisl nisi scelerisque. Amet consectetur adipiscing elit duis tristique sollicitudin nibh sit. Diam phasellus vestibulum lorem sed risus ultricies tristique. Quam nulla porttitor massa id neque aliquam vestibulum morbi blandit.',16,250,4,2,2,'coldplay.jpg',1,NULL,'coldplayVert.jpg'),(74,'Doja Cat - Primavera Nos Alive','Lorem ipsum dolor sit amet, consectetur adipiscing elit, sed do eiusmod tempor incididunt ut labore et dolore magna aliqua. Mi quis hendrerit dolor magna eget. Tellus at urna condimentum mattis pellentesque id nibh tortor. Leo urna molestie at elementum eu. Nulla facilisi etiam dignissim diam quis enim. Etiam erat velit scelerisque in dictum non consectetur. In dictum non consectetur a erat nam at lectus. Tincidunt arcu non sodales neque sodales ut etiam sit amet. Ipsum suspendisse ultrices gravida dictum fusce ut placerat. Massa sed elementum tempus egestas. Suspendisse ultrices gravida dictum fusce ut placerat. Elit at imperdiet dui accumsan. Risus commodo viverra maecenas accumsan lacus vel facilisis volutpat est. Malesuada bibendum arcu vitae elementum curabitur vitae nunc. Egestas maecenas pharetra convallis posuere morbi. Fames ac turpis egestas maecenas pharetra convallis posuere morbi. Accumsan in nisl nisi scelerisque. Amet consectetur adipiscing elit duis tristique sollicitudin nibh sit. Diam phasellus vestibulum lorem sed risus ultricies tristique. Quam nulla porttitor massa id neque aliquam vestibulum morbi blandit.',16,249,5,2,2,'dojacat.jpg',1,NULL,'dojacatVert.jpg'),(75,'Mariza - Fados e Contos','Lorem ipsum dolor sit amet, consectetur adipiscing elit, sed do eiusmod tempor incididunt ut labore et dolore magna aliqua. Mi quis hendrerit dolor magna eget. Tellus at urna condimentum mattis pellentesque id nibh tortor. Leo urna molestie at elementum eu. Nulla facilisi etiam dignissim diam quis enim. Etiam erat velit scelerisque in dictum non consectetur. In dictum non consectetur a erat nam at lectus. Tincidunt arcu non sodales neque sodales ut etiam sit amet. Ipsum suspendisse ultrices gravida dictum fusce ut placerat. Massa sed elementum tempus egestas. Suspendisse ultrices gravida dictum fusce ut placerat. Elit at imperdiet dui accumsan. Risus commodo viverra maecenas accumsan lacus vel facilisis volutpat est. Malesuada bibendum arcu vitae elementum curabitur vitae nunc. Egestas maecenas pharetra convallis posuere morbi. Fames ac turpis egestas maecenas pharetra convallis posuere morbi. Accumsan in nisl nisi scelerisque. Amet consectetur adipiscing elit duis tristique sollicitudin nibh sit. Diam phasellus vestibulum lorem sed risus ultricies tristique. Quam nulla porttitor massa id neque aliquam vestibulum morbi blandit.',16,246,4,2,6,'concert.jpg',1,NULL,'concertVert.jpg'),(76,'Festival da Canção','Lorem ipsum dolor sit amet, consectetur adipiscing elit, sed do eiusmod tempor incididunt ut labore et dolore magna aliqua. Mi quis hendrerit dolor magna eget. Tellus at urna condimentum mattis pellentesque id nibh tortor. Leo urna molestie at elementum eu. Nulla facilisi etiam dignissim diam quis enim. Etiam erat velit scelerisque in dictum non consectetur. In dictum non consectetur a erat nam at lectus. Tincidunt arcu non sodales neque sodales ut etiam sit amet. Ipsum suspendisse ultrices gravida dictum fusce ut placerat. Massa sed elementum tempus egestas. Suspendisse ultrices gravida dictum fusce ut placerat. Elit at imperdiet dui accumsan. Risus commodo viverra maecenas accumsan lacus vel facilisis volutpat est. Malesuada bibendum arcu vitae elementum curabitur vitae nunc. Egestas maecenas pharetra convallis posuere morbi. Fames ac turpis egestas maecenas pharetra convallis posuere morbi. Accumsan in nisl nisi scelerisque. Amet consectetur adipiscing elit duis tristique sollicitudin nibh sit. Diam phasellus vestibulum lorem sed risus ultricies tristique. Quam nulla porttitor massa id neque aliquam vestibulum morbi blandit.',16,249,4,2,1,'concert.jpg',1,NULL,'concertVert.jpg');
/*!40000 ALTER TABLE `shows` ENABLE KEYS */;
UNLOCK TABLES;

--
-- Table structure for table `showtype`
--

DROP TABLE IF EXISTS `showtype`;
/*!40101 SET @saved_cs_client     = @@character_set_client */;
/*!50503 SET character_set_client = utf8mb4 */;
CREATE TABLE `showtype` (
  `idShowType` int NOT NULL AUTO_INCREMENT,
  `type` varchar(45) NOT NULL,
  PRIMARY KEY (`idShowType`)
) ENGINE=InnoDB AUTO_INCREMENT=7 DEFAULT CHARSET=utf8mb4 COLLATE=utf8mb4_0900_ai_ci;
/*!40101 SET character_set_client = @saved_cs_client */;

--
-- Dumping data for table `showtype`
--

LOCK TABLES `showtype` WRITE;
/*!40000 ALTER TABLE `showtype` DISABLE KEYS */;
INSERT INTO `showtype` VALUES (1,'Cinema And Arts'),(2,'Music And Festivals'),(3,'Sports'),(4,'Filme'),(5,'Gaming/Animação'),(6,'Desporto');
/*!40000 ALTER TABLE `showtype` ENABLE KEYS */;
UNLOCK TABLES;

--
-- Table structure for table `temp_purchaseline`
--

DROP TABLE IF EXISTS `temp_purchaseline`;
/*!40101 SET @saved_cs_client     = @@character_set_client */;
/*!50503 SET character_set_client = utf8mb4 */;
CREATE TABLE `temp_purchaseline` (
  `idShow` int NOT NULL,
  `idUser` int NOT NULL,
  `quantity` int NOT NULL,
  `subtotal` float NOT NULL,
  `idDate` int NOT NULL,
  PRIMARY KEY (`idShow`,`idUser`,`idDate`),
  KEY `tempPurchase_user_FK_idx` (`idUser`),
  KEY `tempPurchase_date_FK_idx` (`idDate`),
  CONSTRAINT `tempPurchase_date_FK` FOREIGN KEY (`idDate`) REFERENCES `dates` (`idDate`),
  CONSTRAINT `tempPurchase_show_FK` FOREIGN KEY (`idShow`) REFERENCES `shows` (`idShow`),
  CONSTRAINT `tempPurchase_user_FK` FOREIGN KEY (`idUser`) REFERENCES `user` (`idUser`)
) ENGINE=InnoDB DEFAULT CHARSET=utf8mb4 COLLATE=utf8mb4_0900_ai_ci;
/*!40101 SET character_set_client = @saved_cs_client */;

--
-- Dumping data for table `temp_purchaseline`
--

LOCK TABLES `temp_purchaseline` WRITE;
/*!40000 ALTER TABLE `temp_purchaseline` DISABLE KEYS */;
/*!40000 ALTER TABLE `temp_purchaseline` ENABLE KEYS */;
UNLOCK TABLES;

--
-- Table structure for table `teste`
--

DROP TABLE IF EXISTS `teste`;
/*!40101 SET @saved_cs_client     = @@character_set_client */;
/*!50503 SET character_set_client = utf8mb4 */;
CREATE TABLE `teste` (
  `idteste` int NOT NULL AUTO_INCREMENT,
  `image` longblob,
  PRIMARY KEY (`idteste`)
) ENGINE=InnoDB AUTO_INCREMENT=22 DEFAULT CHARSET=utf8mb4 COLLATE=utf8mb4_0900_ai_ci;
/*!40101 SET character_set_client = @saved_cs_client */;

--
-- Dumping data for table `teste`
--

LOCK TABLES `teste` WRITE;
/*!40000 ALTER TABLE `teste` DISABLE KEYS */;
INSERT INTO `teste` VALUES (1,NULL),(2,NULL),(3,NULL),(4,NULL),(5,NULL),(6,NULL),(7,NULL),(8,NULL),(9,NULL),(10,NULL),(11,NULL),(12,NULL),(13,NULL),(14,NULL),(15,NULL),(16,NULL),(17,_binary 'FFD8FFE000104A46494600010101006000600000FFE128DE4578696600004D4D002A000000080006000B000200000026000008620112000300000001000100000131000200000026000008880132000200000014000008AE8769000400000001000008C2EA1C00070000080C00000056000011461CEA00000008000000000000000000000000000000000000000000000000000000000000000000000000000000000000000000000000000000000000000000000000000000000000000000000000000000000000000000000000000000000000000000000000000000000000000000000000000000000000000000000000000000000000000000000000000000000000000000000000000000000000000000000000000000000000000000000000000000000000000000000000000000000000000000000000000000000000000000000000000000000000000000000000000000000000000000000000000000000000000000000000000000000000000000000000000000000000000000000000000000000000000000000000000000000000000000000000000000000000000000000000000000000000000000000000000000000000000000000000000000000000000000000000000000000000000000000000000000000000000000000000000000000000000000000000000000000000000000000000000000000000000000000000000000000000000000000000000000000000000000000000000000000000000000000000000000000000000000000000000000000000000000000000000000000000000000000000000000000000000000000000000000000000000000000000000000000000000000000000000000000000000000000000000000000000000000000000000000000000000000000000000000000000000000000000000000000000000000000000000000000000000000000000000000000000000000000000000000000000000000000000000000000000000000000000000000000000000000000000000000000000000000000000000000000000000000000000000000000000000000000000000000000000000000000000000000000000000000000000000000000000000000000000000000000000000000000000000000000000000000000000000000000000000000000000000000000000000000000000000000000000000000000000000000000000000000000000000000000000000000000000000000000000000000000000000000000000000000000000000000000000000000000000000000000000000000000000000000000000000000000000000000000000000000000000000000000000000000000000000000000000000000000000000000000000000000000000000000000000000000000000000000000000000000000000000000000000000000000000000000000000000000000000000000000000000000000000000000000000000000000000000000000000000000000000000000000000000000000000000000000000000000000000000000000000000000000000000000000000000000000000000000000000000000000000000000000000000000000000000000000000000000000000000000000000000000000000000000000000000000000000000000000000000000000000000000000000000000000000000000000000000000000000000000000000000000000000000000000000000000000000000000000000000000000000000000000000000000000000000000000000000000000000000000000000000000000000000000000000000000000000000000000000000000000000000000000000000000000000000000000000000000000000000000000000000000000000000000000000000000000000000000000000000000000000000000000000000000000000000000000000000000000000000000000000000000000000000000000000000000000000000000000000000000000000000000000000000000000000000000000000000000000000000000000000000000000000000000000000000000000000000000000000000000000000000000000000000000000000000000000000000000000000000000000000000000000000000000000000000000000000000000000000000000000000000000000000000000000000000000000000000000000000000000000000000000000000000000000000000000000000000000000000000000000000000000000000000000000000000000000000000000000000000000000000000000000000000000000000000000000000000000000000000000000000000000000000000000000000000000000000000000000000000000000000000000000000000000000000000000000000000000000000000000000000000000000000000000000000000000000000000000000000000000000000000000000000000000000000000000000000000000000000000000000000000000000000000000000000000000000000000000000000000000000000000000000000000000000000000000000000000000000000000000000000000000000000000000000000000000000000000000000000000000000000000000000000000000000000000000000000000000000000000000000000000000000000000000000000000000000000000000000000000000000000000000000000000000000000000000000000000000000000000000000000000000000000000000000000000000000000000000000000000000000000000000000000000000000000000000000000000000000000000000000000000000000000000000000000000000000000000000000000000000000000000000000000000000000000000000000000000000000000000000000000000000000000000000000000000000000000000000000000000000000000000000000000000000000000000000000000000000000000000000000000000057696E646F77732050686F746F20456469746F722031302E302E31303031312E31363338340057696E646F77732050686F746F20456469746F722031302E302E31303031312E313633383400323032303A31323A32342032323A30343A313100000690030002000000140000111C900400020000001400001130929100020000000333330000929200020000000333330000A00100030000000100010000EA1C00070000080C00000910000000001CEA000000080000000000000000000000000000000000000000000000000000000000000000000000000000000000000000000000000000000000000000000000000000000000000000000000000000000000000000000000000000000000000000000000000000000000000000000000000000000000000000000000000000000000000000000000000000000000000000000000000000000000000000000000000000000000000000000000000000000000000000000000000000000000000000000000000000000000000000000000000000000000000000000000000000000000000000000000000000000000000000000000000000000000000000000000000000000000000000000000000000000000000000000000000000000000000000000000000000000000000000000000000000000000000000000000000000000000000000000000000000000000000000000000000000000000000000000000000000000000000000000000000000000000000000000000000000000000000000000000000000000000000000000000000000000000000000000000000000000000000000000000000000000000000000000000000000000000000000000000000000000000000000000000000000000000000000000000000000000000000000000000000000000000000000000000000000000000000000000000000000000000000000000000000000000000000000000000000000000000000000000000000000000000000000000000000000000000000000000000000000000000000000000000000000000000000000000000000000000000000000000000000000000000000000000000000000000000000000000000000000000000000000000000000000000000000000000000000000000000000000000000000000000000000000000000000000000000000000000000000000000000000000000000000000000000000000000000000000000000000000000000000000000000000000000000000000000000000000000000000000000000000000000000000000000000000000000000000000000000000000000000000000000000000000000000000000000000000000000000000000000000000000000000000000000000000000000000000000000000000000000000000000000000000000000000000000000000000000000000000000000000000000000000000000000000000000000000000000000000000000000000000000000000000000000000000000000000000000000000000000000000000000000000000000000000000000000000000000000000000000000000000000000000000000000000000000000000000000000000000000000000000000000000000000000000000000000000000000000000000000000000000000000000000000000000000000000000000000000000000000000000000000000000000000000000000000000000000000000000000000000000000000000000000000000000000000000000000000000000000000000000000000000000000000000000000000000000000000000000000000000000000000000000000000000000000000000000000000000000000000000000000000000000000000000000000000000000000000000000000000000000000000000000000000000000000000000000000000000000000000000000000000000000000000000000000000000000000000000000000000000000000000000000000000000000000000000000000000000000000000000000000000000000000000000000000000000000000000000000000000000000000000000000000000000000000000000000000000000000000000000000000000000000000000000000000000000000000000000000000000000000000000000000000000000000000000000000000000000000000000000000000000000000000000000000000000000000000000000000000000000000000000000000000000000000000000000000000000000000000000000000000000000000000000000000000000000000000000000000000000000000000000000000000000000000000000000000000000000000000000000000000000000000000000000000000000000000000000000000000000000000000000000000000000000000000000000000000000000000000000000000000000000000000000000000000000000000000000000000000000000000000000000000000000000000000000000000000000000000000000000000000000000000000000000000000000000000000000000000000000000000000000000000000000000000000000000000000000000000000000000000000000000000000000000000000000000000000000000000000000000000000000000000000000000000000000000000000000000000000000000000000000000000000000000000000000000000000000000000000000000000000000000000000000000000000000000000000000000000000000000000000000000000000000000000000000000000000000000000000000000000000000000000000000000000000000000000000000000000000000000000000000000000000000000000000000000000000000000000000000000000000000000000000000000000000000000000000000000000000000000000000000000000000000000000000000000000000000000000000000000000000000000000000000000000000000000000000000000000000000000000000000000000000000000000000000000000000000000000000000000000000000000000000000000000000000323032303A31313A31332031373A33393A313700323032303A31313A31332031373A33393A31370000000006010300030000000100060000011A00050000000100001194011B0005000000010000119C0128000300000001000200000201000400000001000011A40202000400000001000017310000000000000060000000010000006000000001FFD8FFDB004300080606070605080707070909080A0C140D0C0B0B0C1912130F141D1A1F1E1D1A1C1C20242E2720222C231C1C2837292C30313434341F27393D38323C2E333432FFDB0043010909090C0B0C180D0D1832211C213232323232323232323232323232323232323232323232323232323232323232323232323232323232323232323232323232FFC00011080091009403012100021101031101FFC4001F0000010501010101010100000000000000000102030405060708090A0BFFC400B5100002010303020403050504040000017D01020300041105122131410613516107227114328191A1082342B1C11552D1F02433627282090A161718191A25262728292A3435363738393A434445464748494A535455565758595A636465666768696A737475767778797A838485868788898A92939495969798999AA2A3A4A5A6A7A8A9AAB2B3B4B5B6B7B8B9BAC2C3C4C5C6C7C8C9CAD2D3D4D5D6D7D8D9DAE1E2E3E4E5E6E7E8E9EAF1F2F3F4F5F6F7F8F9FAFFC4001F0100030101010101010101010000000000000102030405060708090A0BFFC400B51100020102040403040705040400010277000102031104052131061241510761711322328108144291A1B1C109233352F0156272D10A162434E125F11718191A262728292A35363738393A434445464748494A535455565758595A636465666768696A737475767778797A82838485868788898A92939495969798999AA2A3A4A5A6A7A8A9AAB2B3B4B5B6B7B8B9BAC2C3C4C5C6C7C8C9CAD2D3D4D5D6D7D8D9DAE2E3E4E5E6E7E8E9EAF2F3F4F5F6F7F8F9FAFFDA000C03010002110311003F00F5E8CE39156E37047BD7CFD2959D8EF9A26DBBBEB4BE4B679AE99C74BA31E6B1285551CF6A6BDCAA0E2B9AAE25525DD92A2E4CA925CB39E3358BA978874FD3F2B34FBE51FF002CA3E5BF1EC3F1AF29B954973499D74E974472D77E29D4B5193C9B24FB321E3E5E5CFE3DBF0AC7B6B23A9C4D736D7515D8CFCCD1C81CE7DEAB6573B62A30D3A9661D29C1F9948AD4834E55C64573D4A874245E4815074A94002B99BB941556EE1DEA69C5D9832C68574612D6EC78CEE5FEB5D8D94C0F1EB5DF86A9CB562CF33190EA3A61FBC3CD15EC3A8BB9C8B633D56ACC713362B96F63593B6A5C8F118F98D364BA50302AAA637921CAB5673A8B932A497048273803A926B9DD4BC59A7D912B1B9BA987F0C67E51FF0002FF000CD79A9393BC8ECA549BD11C9EA1E24D4F52CA799E4C278F2E2E33F53D4D508AD1DCF4354DA477420A2AC89F577FEC3F09EA17B9DB33A79109CE0EE7E323DC0C9FC2BCFED2C24B7F2A5B69E6B6B941FEB22620E6BAF0B2B53727D599CA1CF368E9F4FF001DEB5A7111EAF691EA36E383344364A07F23F97E35D9E91E24D175DC2D85E2898F5B79BE4907B60F5FC335CD89C22B7B4A5B76EC10A92A6F9666AB2329C10692BCC68EB4EE14D71914202960C33AB8EC6BA8D36EB781CF6E2B68CB539B131BC0DF4092206C039A2BEA69D38CA0A56DD1E23934EC66C4B96C1ABAC760C76AF3312DC63746F3D5D8A373749146D24B22C71AF5666C01F8D72BA978D6D20CC76486E64FEF9F9507F535C308DF53A295272D8E52FB57D47556C4F33797DA35F9547E1FE351C162CE4715A4A491DF18A4AC8D5B7D33A64569C366A98E2B92752E6891C6FC44BAF3750D27458CFCA80DDCCBD8F65FE4DF9D65C108DA38AF4A3EED182F991415E52648D6E08E959F75A4C139CB261872197822AA9D5717746D529292B32E58F88BC47A26D48EE45FDAAFFCB1B9E580F66EBFAD757A57C40D1752904179BF4BB9E9B6E3FD593ECFFE38A8AF848D55CF4B7EDFE471734A8BB3D8EA76E515D583A30CAB29C83F434DAF21AB3B33AE3252574432A64558D3E531B81E869DC53578B475105C30886D3C1A2BBE18CAD08A8C5E878B2A71BEA430C98619AD038922C8AF42AAE7A6D0AA2B34CE7BC41A77F68E953DB819917E78FF00DE1FE3D3F1AF3382D8BC98C579D17647A387778D8DCB5D3060122B4E2B4441D2B96752ECEB48B0140ED52C4BBA402B25AB093B23C86E2F3FB67C4FA9EA60EE8DE631C27FD85E063EA00AD28D702BD9ADA5A3D85855EEDC9714D65158A3ADA2A4CA3158B7F25AA022E0AE3FBA7AD7551BB7A1C75EC96A6B78534DF15F9AB268BE75969EC72C6ECFEE9FE887AFD47E75EAA7AFAD70E632A6E6B977EA6386BD9F61319AE0BC59E219348F1C69FE4B3182CA256B9404E0EF3C83FF0001DA6B3C1535526D3ECFFC8AAF2692B1EA905C8302346FBA370195BD41E9456176B4399C13D49D1D875E6B42D6753F29E2BDD5256D4E6AB1BAD065C261B22BCFF58B1161ACB32AE2394EF5F6CF51F9FF003AF324AD74746125A97AD98141562B865B9E88565F89F523A4785350BC56DB298FCA888383BDFE5047D339FC2B5C3C79AAC57999D576833CD749B7FB3DA448782073F53CD6BAF4AF4EB3BC9B37A0B96290FA6B74AC51B331756924135AA1B8FB3DB492849A60B928091CFE1CD7A3695E0CD0F4275912DFED77439FB45C90E73EA0741F97E35A622B4A9524A3D7A9E74E2E755A7D0DC6919CF269B5E43773A1249683E25DD201EF5E2D797435AD6755D41BE64B99D950FF00B0385FD31F957A797AD25239EAEB348ECBC23E39B1D37408F4FD564613DAB1894FAA0E57F9E3F0A29D5C14E53728ECCE5E6B68CF55F2C67D2A68E321862BD4546EB43072D352E4B1E63CE2B98F115979F66580F9E23BD7E9DC7F9F4AF2F110E49B43C2CAD230AC9F8C7A56803C579B3DCF610B5C1FC4ABCF32E74AD1D4F0337730FCD57FF67FCC5756055EB27DAE635DFBA91830CCAAB924003D6962D5ED5EE45BA4A1A43D31D3F3AF41D394AED1AAAB18D933451F34F6E4573ECCEA5AA33352B61716D2447F88707D0F6AEE3C11AB9D5FC2F124A49BBB13F679813C903EE9FCB8FA834F10B9B0FE8CE1A9EED54CE828AF28D4CEF10DF9D2BC2FA9DE8255D20291907A337CAA7F322BCAF4DB5F2ECA2523076E4FE35EAE0D72D16FBB30B735521BBD263B99FCC24038C1E28AEF55DA56225874DDCFA25438FEF54E8EE0F53F9569072470CACCD0864F3136B5675EC7C30F4AE3CC35E5919D1F767638C921FB35DB20FBB9E3E95710F15E34CF6E3B122FDF15E41A8C9A87893C67A9CDA6D8CB76DE6F931ED1F2222FCA0927819C67B77AEFCB924E5293B248E7C43B34747A6FC377936CBAFDFEE1D7EC96A703E85BFC3F3AB9E2EF0BD8A7854CBA3D9476F3E9EDE7AF96BF33A8FBD93D49C73CFA56AF1BCD5A318E91B99FB3972B9BDCE5EC6E96E208E45E8C335A4A7228A91E5958F4A94B9A37209D322A3F0BEA1FD87E318D646C5A6A43C893D15FF84FE78FC09AB82E784A1DD1CD8A564A5D8F51652AE41ED495E29A27A1C67C4ABA3FD9BA6694BD6EEE0C8F8FEE20FF0016CFFC06B0204F92BD7A4B96844CA8EB393068FE6A2AAE6FCA7BCA95A95596BD88C91E0B4CB10BAE6997B18650C3BF06B0C7C632A0EDBA328DD4D1C96A76F87DD8E455688F15F3123DEA6EF14C9450BFBB52A8028272428C64FAD426D14D27B853908CED6195618607A1069A7677092BAB1E437562740F125EE9273E506F36DCFAA1E9FE7D8D6942D915ED56F7AD2EE2C2CBDDB1238C8AC5D5AD0CF6CC17EFAFCCA7DC54D195A48D2BC79A2D1E9BE1BD63FB7BC376B7EC73381E55C7FD745EBF9F07F1AD303240AF32BC392AB8F998D295E099E67E2EBA1A878F258D798EC205807FBC7E63FF00A111F852C2B85AF4E4AD08AF243C2EA9B15979A2A2E749EE0B18F4A942A8F4AF661148F9D6D92AED1D2AC902484AE3A8ADA508CE0E3DCC657BDCE7B5283A9C7D6B88D43C5161A2EBA34ED4565B7478C3A5C11943924741CE3DEBE4E1425566E0B73D7A555469A6CDE85E2B9B75B8B69A39E16FBB246DB81FC452D6128B8BB33A6325257414549471DF1174C69B4CB6D6E05CCD60DB65C7568CFF0081FE75CE59CC248D594E558022BD7A4F9B0F17DB432A2F96A3897C722AB5C26474A98E8CEC9ABA27F02EA1FD97E279F4A95B16DA8AEE8B3D04ABD3F3191F5C57A4864877C929DB1C6A598FA01C9AC71B0BD552EE97F91C14DD94A3D8F18D3A77BEB9BAD4251892EE77948F4C9CE3F9D6EC7F76BB310AD2B1BE17E0431DBE6A2B2B1BDCF7455FA7E34F007A8FC057B71563E71B1DE620EA6A686604E02F5AD1545D08945D8AFA843B8138FBD5E61F12744FB6E822FA28C35C69EDBC8C7DE8CFDE1F8707F3AF9F9AF658DF9FE7FF000E755095E9D8F38D3AE2F74C956F345BD92D59C64A03946F62A7835DB699F11EDD8A41AF5A1B490F1F6884168CFD4751FAD74E230EABAD3492FC4E94DD37CCB63B38248AEEDD6E6D268E781BA491B061FA52D78728B8BB33AE335257423C315D412DACEBBA19D0C6E3D4115E3F6F6F2E91A95DE91704F9969210A4FF0012F63FE7D6BD0C0CAF0943E6672F76AA7DCD989B229645C8AAD99DDBA30F558A58D52EADC94B8B7712C6C3A820E6BD7349D4E1D6749B4D4D154C7731FEF13B06E8CA7F1C8A316AF4A33ECCE092B556BB9E5379A71F0FF89AF34A39F24379B6C4F78DB91F974FA8357D1FE5AE8AAF9AD2EE698697BB621793E7A292896E5A9EF085DAA61096EA7F3AF461194F73C39351245895073522BA83C576463182326DC89A4026848EFD4573B7F6E8DB92440D1C8A51D4F707822BC1CDA36A919AFEAC6F857AB89E1371A73E89AEDEE912E710BEE889FE243C83F955836EB221560083D4119AD273BDA4BAEA7A7412942CCAF6D05EE8D746EB48BC92D643F7941CA3FB11D0D755A6FC464122C1E20B236CC78FB5400B467EA3A8FC33F4A9AD4A389575A4BF333945D1775B1DA412C1776EB73677115C40C32B244E181FCAB86F88BA77917163E208978045BDCE076FE13FD3F2AE1C1DE15F925D742AA494A2A6BA1936D202A39AB9D45744F4677D377454B98F2A722B4FE1D6A1F65BEBDF0FCADF2499B9B5CFAFF128FC307F035725CF4651F9FDC726215A4A45DF88DA634DA55B6B50AE6E34F7DB2E3BC4C7FA1FFD08D72315C8789594E411914507CF423E5A1107CB392326E1B53BCB876B082E24850EC2D146586E1D7F9D15DEA1492D5EA734AAD4727667D342545E01CFD297ED07A0E2B6F6A969139391BDC6F9BCF5A7090FAD3531F2972DDBD4F155350801DD8EFC8AE3CCE09D24FA9149DAA1E51F12F4B6105A6BB0AE64B56F2A7C77427827E878FC6B9BB6915D1483904706B8E94B9A845F6D0F5F0EED268B2630C2AB4F6AAEA415041EA08A232B33B2704D1991BDD787EE3EDFA5CD242CAC1A48D5BE590770477AF5A962B4F137871914836DA85BE54FF7491C7E20FF002A316FE0ACB74CF3F9395B8773CA74D696032D95C02B716AE62707DAB6E36C8ABAEBDE67661A57821245C8AC5BB966D32FAD755B6FF5D69207FA8CF20FB7F4269D0B3767D49C546F067AFA3DA6ADA7ABE3CCB2BE8391EA8C391F5E715E257B0CFA1DD5EE932E5AE2DA5F2E3C0FBE0FDD207B8E7F1ACF01BCA9B39272B353EE8F62F0BE923C39E1FB6B0217CFC79970719CC8DD7F2E07D00A2B82AD672A8E5DCB8D2F751D1F9BEF4F1267BD7B3191C8E248A49FA5482648C7A9F535D10928ABB3369BD11242F24CD9190BDC9AD19A20F6FC72579AAAB49D5A326FB686336A32491CC6ADA7C37B6D7165703305CC6636F6CF7FA8AF0FB649B4DBCB9D32EB89AD24319F719E0D78F84778CA1F33D2A52B493EE6B473023AD499045535667A69A68A97312B2904641E2B7BE1C6A4563BCD0656F9ADDBCFB7CF742791F81ABA8B9E84976D4E2ACAD3522878F74FFECDF10DB6B11AE2DEF879537A090743F88FE46AAC0F914EFCF4A32F2FC8AC33B3712CF51546EE10E8CA4641183514DD99D5515D1D07C38D499ACAEF41998996C98CB064F58C9E7F23FF00A156DDF786AC750F12596B736EF3AD40FDD8036C8579527DC7F4158D7A8E85794A3D57E679F0873C395F466FA44D20DDEB4571A8DCD5CD2D0B214E71528C275E4FA0AF661A6ACE37D86B4C4F0064FA0AB36D68D210D21E3D2B7A29D69DBA1136A11B9A236C6BE8054B05C6F3B7B57A751A51E5470D9B5728EA16FF007B03DC579A78B3C173EB5AA0D4F4DBA86DEE8C61255941DB263A1C8CF38E3A57CBC66B0F887CDB6A8F428DE50BADD1C7DD691E26D272D75A3CB3443FE5ADA9F341FC1727F3C553875AB77731B49E5C83AAB8C115E8F246A2E6A6EE74D3C45B49E85B370AE990C083DC5548B507D1F5AB3D5E2CFEE1F120FEF21E08FCA9538DFDD7D4BAEF9A3747A9F8834B8BC47E1BB8B58886F3A3135B3FFB40654FE3FD6BCBF49B9696DD44808950EC753D4115CD8677A4E3D9934DDAA5FBA3615C6DEB50CEC314456A7749E865DAEA2DA1F886CF57404A44FB2703F8A33C11F966BD90ED621E360E8E372B0E841E86B3C7C748CBE470D3769C918BAC6877DA9DDA4D6DAE5DD8A2C613CA87A139273D7AF3FA5158C319184545C2E29526DDEE752D27181C0A62EE73802BBB56CC76346DAD00C1619AB8D2A46BF4AF5A8455285D9C551B9CAC53798C87D054F6A7E60DFC23A7BD284BDA48728F2A2E5D2AC91823A8FE55CDDEC452424578399A5ED9B46D82959D998D0EBBA63DF4B669A9DB0B989F6344D2053BBD067AFE153DFE9563A926DD474EB7B907F8A48C13F81EB5CC955A2D4B63B5F254D0E5AF7E1BE8F3167D3EE2EB4F90F40ADBD07E079FD6B9ED43C05E22B68DC5BBDAEA50E390ADB24FC8E07EA6BD1A38F8CF4ABBF732953943E1D8EB7C0CDA9C1E1E4B3D4ED26B79AD2431C7E68C164EA3F2CE335C8F8BF4FF00EC4F16B4F12EDB4D497CD5C74120FBC3F3FE7534651FAC4E317A3FF871EAA31932935F2451EE91C281DC9A6D9AEA7AECA62D1EC24B800E1A661B635FA93C7F5AE850497349D91B54AD6565B9D6697F0CE32566D7AF5AEA4EBF66B725631F56EA7F0C577D6DA7058A38A28C2451A8545038500600AF33158875E4A31D918C5F22E67B9A09A7AEDE7F95158282317886508919CF35A3144A8326BDCC3C39A5CCC9A92B2B0E92E42AFF002AA8D3348724D6D5AB5DF2A269C3AB1D17CE7AFCA3F5AB66658937363005694A4A31E664CD5DD912D8CC6663BCE77557D420EBEA2BC8C645CA3CE383E5AB63C57E22687159788E1D43CA1F66D4170D8E36CA3AFE7C1FCEB1ACA6D574CFF905EAD776CA0E7CBDFB90FF00C04F1FA57652A8A7463CCAEADF91D0A9A95EDB9BD6DF103C4169F2DF595A5FAFF7E3FDDBFE9C7E95BB65F11B41B93B2EC5CE9D27A4C8597F35FEA2B9AAE0232F7A8BF914AA4A9E923A3B6BDB3BF8FCCB3BC82E500E4C5206C7D71D2B3FC4FA0FFC247A30B45758EE62904904ADD14F71C7A8AF3E9CA542AA725B1BCED521A19FA3FC38D2ED5967D4A49353B91CE1FE5887FC07BFE27F0AEE2DEC8AC4B1C689144A30A88A0003D80AD2BE2255E5D91CF650D5EE68C1600738FC4D5D48638FEF735A51A1D65B1C556AB93D093CD41C0A2BD6497630E4663222C4B93D6A29AE31F5F4A894D53858EE49C9DCAB9791B352A465F8FE11D7DEB9A0DC99B3B244E3E41EC2A9C9319E50013B474F7AE9AD3B47957533A71BBE634AC9FCAF98F6ABD28F3A1127A8E6B0C52BD34BE6613D25CC715E30D0FF00B6BC3F7764AB99D479D01FF6D7903F1E47E35E416571E6DBA961861F2B0F422B3C1BBD271ECFF33B60FDEF512E2FA1460992F21380883249AD9D37C13AFEB6AAD731A69766DFC570B9908F64EBF9EDAEA94E3463CF3F9209CF99DA277DE1DF0769BE1E0E6C84B2DC48A1649E56C961D7000E00FC33EE6BA6874F2705ABC4AB3957A8E7207354E363520D3C0038C7B9AB6B147172793EF5E8E1F0B64A73FBBFCCF3AA55727A0B24A00E2A9B48C4F26B7ADF15C508D86EF228A8E7669633DE43EBCD4222DC6A272E66752F75120872303F1A9D40518F4ABA4ADA93277D0AB752E7E45EFD6A38106735329734CD22AD12CB3805635EDD6B52D5C3A797ED5551F35D1CF563EE94AF622ADBC7515E637BF0E3EDBE20BAB85D47ECBA74EFE618A15FDE6E3F780EC07A1E7E95C34310A84DDD5EE6B04E714D1D5689E16D2B4451FD9B62AB2E306E24F9A43EBF31E9F41815D0C56258E5C926B19CE75A5CD22A528D3564684364140E00AB41638F1815E861E828FBD2DCE09D4726219BD2A27625B93D6BB1BF74518D98CCE462A16AC6A3BA46911B9A2B228CC3D6A65A94743274E948DF77F1ADA3B19A335FFD6B7D6A787B5651F8CE897C203FD6B7D6B46CBFD77E147432ABF092DEFDC6AC5FE3FC6BCAABF10F0DF09A56DFD2B421EB5D14F7473D6DC9CF5A81FA8AF56261119DCD0DD0553D997D460FBD519EA6B196C5A23A2A067FFFD900FFEC00114475636B79000100040000004F0000FFE133CD687474703A2F2F6E732E61646F62652E636F6D2F7861702F312E302F003C3F787061636B657420626567696E3D22EFBBBF222069643D2257354D304D7043656869487A7265537A4E54637A6B633964223F3E0D0A3C783A786D706D65746120786D6C6E733A783D2261646F62653A6E733A6D6574612F2220783A786D70746B3D2241646F626520584D5020436F726520362E302D633030322037392E3136343336302C20323032302F30322F31332D30313A30373A32322020202020202020223E0D0A093C7264663A52444620786D6C6E733A7264663D22687474703A2F2F7777772E77332E6F72672F313939392F30322F32322D7264662D73796E7461782D6E7323223E0D0A09093C7264663A4465736372697074696F6E207264663A61626F75743D222220786D6C6E733A786D704D4D3D22687474703A2F2F6E732E61646F62652E636F6D2F7861702F312E302F6D6D2F2220786D6C6E733A73745265663D22687474703A2F2F6E732E61646F62652E636F6D2F7861702F312E302F73547970652F5265736F75726365526566232220786D6C6E733A786D703D22687474703A2F2F6E732E61646F62652E636F6D2F7861702F312E302F2220786D704D4D3A4F726967696E616C446F63756D656E7449443D22786D702E6469643A63303864376331652D323937382D616434372D616634372D3366333965666531356334622220786D704D4D3A446F63756D656E7449443D22786D702E6469643A46354532433333304437354331314541394631313942443345334446443342462220786D704D4D3A496E7374616E636549443D22786D702E6969643A46354532433332464437354331314541394631313942443345334446443342462220786D703A43726561746F72546F6F6C3D2257696E646F77732050686F746F20456469746F722031302E302E31303031312E3136333834223E0D0A0909093C786D704D4D3A4465726976656446726F6D2073745265663A696E7374616E636549443D22786D702E6969643A63303864376331652D323937382D616434372D616634372D336633396566653135633462222073745265663A646F63756D656E7449443D22786D702E6469643A63303864376331652D323937382D616434372D616634372D336633396566653135633462222F3E0D0A0909093C786D703A437265617465446174653E323032302D31312D31335431373A33393A31372E3332363C2F786D703A437265617465446174653E3C2F7264663A4465736372697074696F6E3E0D0A093C2F7264663A5244463E0D0A3C2F783A786D706D6574613E0D0A202020202020202020202020202020202020202020202020202020202020202020202020202020202020202020202020202020202020202020202020202020202020202020202020202020202020202020202020202020202020202020202020202020200A202020202020202020202020202020202020202020202020202020202020202020202020202020202020202020202020202020202020202020202020202020202020202020202020202020202020202020202020202020202020202020202020202020200A202020202020202020202020202020202020202020202020202020202020202020202020202020202020202020202020202020202020202020202020202020202020202020202020202020202020202020202020202020202020202020202020202020200A202020202020202020202020202020202020202020202020202020202020202020202020202020202020202020202020202020202020202020202020202020202020202020202020202020202020202020202020202020202020202020202020202020200A202020202020202020202020202020202020202020202020202020202020202020202020202020202020202020202020202020202020202020202020202020202020202020202020202020202020202020202020202020202020202020202020202020200A202020202020202020202020202020202020202020202020202020202020202020202020202020202020202020202020202020202020202020202020202020202020202020202020202020202020202020202020202020202020202020202020202020200A202020202020202020202020202020202020202020202020202020202020202020202020202020202020202020202020202020202020202020202020202020202020202020202020202020202020202020202020202020202020202020202020202020200A202020202020202020202020202020202020202020202020202020202020202020202020202020202020202020202020202020202020202020202020202020202020202020202020202020202020202020202020202020202020202020202020202020200A202020202020202020202020202020202020202020202020202020202020202020202020202020202020202020202020202020202020202020202020202020202020202020202020202020202020202020202020202020202020202020202020202020200A202020202020202020202020202020202020202020202020202020202020202020202020202020202020202020202020202020202020202020202020202020202020202020202020202020202020202020202020202020202020202020202020202020200A202020202020202020202020202020202020202020202020202020202020202020202020202020202020202020202020202020202020202020202020202020202020202020202020202020202020202020202020202020202020202020202020202020200A202020202020202020202020202020202020202020202020202020202020202020202020202020202020202020202020202020202020202020202020202020202020202020202020202020202020202020202020202020202020202020202020202020200A202020202020202020202020202020202020202020202020202020202020202020202020202020202020202020202020202020202020202020202020202020202020202020202020202020202020202020202020202020202020202020202020202020200A202020202020202020202020202020202020202020202020202020202020202020202020202020202020202020202020202020202020202020202020202020202020202020202020202020202020202020202020202020202020202020202020202020200A202020202020202020202020202020202020202020202020202020202020202020202020202020202020202020202020202020202020202020202020202020202020202020202020202020202020202020202020202020202020202020202020202020200A202020202020202020202020202020202020202020202020202020202020202020202020202020202020202020202020202020202020202020202020202020202020202020202020202020202020202020202020202020202020202020202020202020200A202020202020202020202020202020202020202020202020202020202020202020202020202020202020202020202020202020202020202020202020202020202020202020202020202020202020202020202020202020202020202020202020202020200A202020202020202020202020202020202020202020202020202020202020202020202020202020202020202020202020202020202020202020202020202020202020202020202020202020202020202020202020202020202020202020202020202020200A202020202020202020202020202020202020202020202020202020202020202020202020202020202020202020202020202020202020202020202020202020202020202020202020202020202020202020202020202020202020202020202020202020200A202020202020202020202020202020202020202020202020202020202020202020202020202020202020202020202020202020202020202020202020202020202020202020202020202020202020202020202020202020202020202020202020202020200A202020202020202020202020202020202020202020202020202020202020202020202020202020202020202020202020202020202020202020202020202020202020202020202020202020202020202020202020202020202020202020202020202020200A202020202020202020202020202020202020202020202020202020202020202020202020202020202020202020202020202020202020202020202020202020202020202020202020202020202020202020202020202020202020202020202020202020200A202020202020202020202020202020202020202020202020202020202020202020202020202020202020202020202020202020202020202020202020202020202020202020202020202020202020202020202020202020202020202020202020202020200A202020202020202020202020202020202020202020202020202020202020202020202020202020202020202020202020202020202020202020202020202020202020202020202020202020202020202020202020202020202020202020202020202020200A202020202020202020202020202020202020202020202020202020202020202020202020202020202020202020202020202020202020202020202020202020202020202020202020202020202020202020202020202020202020202020202020202020200A202020202020202020202020202020202020202020202020202020202020202020202020202020202020202020202020202020202020202020202020202020202020202020202020202020202020202020202020202020202020202020202020202020200A202020202020202020202020202020202020202020202020202020202020202020202020202020202020202020202020202020202020202020202020202020202020202020202020202020202020202020202020202020202020202020202020202020200A202020202020202020202020202020202020202020202020202020202020202020202020202020202020202020202020202020202020202020202020202020202020202020202020202020202020202020202020202020202020202020202020202020200A202020202020202020202020202020202020202020202020202020202020202020202020202020202020202020202020202020202020202020202020202020202020202020202020202020202020202020202020202020202020202020202020202020200A202020202020202020202020202020202020202020202020202020202020202020202020202020202020202020202020202020202020202020202020202020202020202020202020202020202020202020202020202020202020202020202020202020200A202020202020202020202020202020202020202020202020202020202020202020202020202020202020202020202020202020202020202020202020202020202020202020202020202020202020202020202020202020202020202020202020202020200A202020202020202020202020202020202020202020202020202020202020202020202020202020202020202020202020202020202020202020202020202020202020202020202020202020202020202020202020202020202020202020202020202020200A202020202020202020202020202020202020202020202020202020202020202020202020202020202020202020202020202020202020202020202020202020202020202020202020202020202020202020202020202020202020202020202020202020200A202020202020202020202020202020202020202020202020202020202020202020202020202020202020202020202020202020202020202020202020202020202020202020202020202020202020202020202020202020202020202020202020202020200A202020202020202020202020202020202020202020202020202020202020202020202020202020202020202020202020202020202020202020202020202020202020202020202020202020202020202020202020202020202020202020202020202020200A202020202020202020202020202020202020202020202020202020202020202020202020202020202020202020202020202020202020202020202020202020202020202020202020202020202020202020202020202020202020202020202020202020200A202020202020202020202020202020202020202020202020202020202020202020202020202020202020202020202020202020202020202020202020202020202020202020202020202020202020202020202020202020202020202020202020202020200A202020202020202020202020202020202020202020202020202020202020202020202020202020202020202020202020202020202020202020202020202020202020202020202020202020202020202020202020202020202020202020202020202020200A202020202020202020202020202020202020202020202020202020202020202020202020202020202020202020202020202020202020202020202020202020202020202020202020202020202020202020202020202020202020202020202020202020200A202020202020202020202020202020202020202020202020202020202020202020202020202020202020202020202020202020202020202020202020202020202020202020202020202020202020202020202020202020202020202020202020202020200A202020202020202020202020202020202020202020202020202020202020202020202020202020202020202020202020202020202020202020202020202020202020202020202020202020202020202020202020202020202020202020202020202020200A202020202020202020202020202020202020202020202020202020202020202020202020202020202020202020202020202020202020202020202020202020202020202020202020202020202020202020202020202020202020202020202020202020200A202020202020202020202020202020202020202020202020202020202020202020202020202020202020202020202020202020202020202020202020202020202020202020202020202020202020202020202020202020202020202020202020202020200A202020202020202020202020202020202020202020202020202020202020202020202020202020202020202020202020202020202020202020202020202020202020202020202020202020202020202020202020202020202020202020202020202020200A202020202020202020202020202020202020202020202020202020202020202020202020202020202020202020202020202020202020202020202020202020202020202020202020202020202020202020202020202020202020202020202020202020200A202020202020202020202020202020202020202020202020202020202020202020202020202020202020202020202020202020202020202020202020202020202020202020202020202020202020202020202020202020202020202020202020202020200A202020202020202020202020202020202020202020202020202020202020202020202020202020202020202020202020202020202020202020202020202020202020202020202020202020202020202020202020202020202020202020202020202020200A202020202020202020202020202020202020202020202020202020202020202020202020202020202020202020202020202020202020202020202020202020202020202020202020202020202020202020202020202020202020202020202020202020200A202020202020202020202020202020202020202020202020202020202020202020202020202020202020202020202020202020202020202020202020202020202020202020202020202020202020202020202020202020202020202020202020202020200A202020202020202020202020202020202020202020202020202020202020202020202020202020202020202020202020202020202020202020202020202020202020202020202020202020202020202020202020202020202020202020202020202020200A202020202020202020202020202020202020202020202020202020202020202020202020202020202020202020202020202020202020202020202020202020202020202020202020202020202020202020202020202020202020202020202020202020200A202020202020202020202020202020202020202020202020202020202020202020202020202020202020202020202020202020202020202020202020202020202020202020202020202020202020202020202020202020202020202020202020202020200A202020202020202020202020202020202020202020202020202020202020202020202020202020202020202020202020202020202020202020202020202020202020202020202020202020202020202020202020202020202020202020202020202020200A202020202020202020202020202020202020202020202020202020202020202020202020202020202020202020202020202020202020202020202020202020202020202020202020202020202020202020202020202020202020202020202020202020200A202020202020202020202020202020202020202020202020202020202020202020202020202020202020202020202020202020202020202020202020202020202020202020202020202020202020202020202020202020202020202020202020202020200A202020202020202020202020202020202020202020202020202020202020202020202020202020202020202020202020202020202020202020202020202020202020202020202020202020202020202020202020202020202020202020202020202020200A202020202020202020202020202020202020202020202020202020202020202020202020202020202020202020202020202020202020202020202020202020202020202020202020202020202020202020202020202020202020202020202020202020200A202020202020202020202020202020202020202020202020202020202020202020202020202020202020202020202020202020202020202020202020202020202020202020202020202020202020202020202020202020202020202020202020202020200A202020202020202020202020202020202020202020202020202020202020202020202020202020202020202020202020202020202020202020202020202020202020202020202020202020202020202020202020202020202020202020202020202020200A202020202020202020202020202020202020202020202020202020202020202020202020202020202020202020202020202020202020202020202020202020202020202020202020202020202020202020202020202020202020202020202020202020200A202020202020202020202020202020202020202020202020202020202020202020202020202020202020202020202020202020202020202020202020202020202020202020202020202020202020202020202020202020202020202020202020202020200A202020202020202020202020202020202020202020202020202020202020202020202020202020202020202020202020202020202020202020202020202020202020202020202020202020202020202020202020202020202020202020202020202020200A202020202020202020202020202020202020202020202020202020202020202020202020202020202020202020202020202020202020202020202020202020202020202020202020202020202020202020202020202020202020202020202020202020200A202020202020202020202020202020202020202020202020202020202020202020202020202020202020202020202020202020202020202020202020202020202020202020202020202020202020202020202020202020202020202020202020202020200A202020202020202020202020202020202020202020202020202020202020202020202020202020202020202020202020202020202020202020202020202020202020202020202020202020202020202020202020202020202020202020202020202020200A202020202020202020202020202020202020202020202020202020202020202020202020202020202020202020202020202020202020202020202020202020202020202020202020202020202020202020202020202020202020202020202020202020200A202020202020202020202020202020202020202020202020202020202020202020202020202020202020202020202020202020202020202020202020202020202020202020202020202020202020202020202020202020202020202020202020202020200A202020202020202020202020202020202020202020202020202020202020202020202020202020202020202020202020202020202020202020202020202020202020202020202020202020202020202020202020202020202020202020202020202020200A202020202020202020202020202020202020202020202020202020202020202020202020202020202020202020202020202020202020202020202020202020202020202020202020202020202020202020202020202020202020202020202020202020200A202020202020202020202020202020202020202020202020202020202020202020202020202020202020202020202020202020202020202020202020202020202020202020202020202020202020202020202020202020202020202020202020202020200A202020202020202020202020202020202020202020202020202020202020202020202020202020202020202020202020202020202020202020202020202020202020202020202020202020202020202020202020202020202020202020202020202020200A202020202020202020202020202020202020202020202020202020202020202020202020202020202020202020202020202020202020202020202020202020202020202020202020202020202020202020202020202020202020202020202020202020200A202020202020202020202020202020202020202020202020202020202020202020202020202020202020202020202020202020202020202020202020202020202020202020202020202020202020202020202020202020202020202020202020202020200A202020202020202020202020202020202020202020202020202020202020202020202020202020202020202020202020202020202020202020202020202020202020202020202020202020202020202020202020202020202020202020202020202020200A202020202020202020202020202020202020202020202020202020202020202020202020202020202020202020202020202020202020202020202020202020202020202020202020202020202020202020202020202020202020202020202020202020200A202020202020202020202020202020202020202020202020202020202020202020202020202020202020202020202020202020202020202020202020202020202020202020202020202020202020202020202020202020202020202020202020202020200A202020202020202020202020202020202020202020202020202020202020202020202020202020202020202020202020202020202020202020202020202020202020202020202020202020202020202020202020202020202020202020202020202020200A202020202020202020202020202020202020202020202020202020202020202020202020202020202020202020202020202020202020202020202020202020202020202020202020202020202020202020202020202020202020202020202020202020200A202020202020202020202020202020202020202020202020202020202020202020202020202020202020202020202020202020202020202020202020202020202020202020202020202020202020202020202020202020202020202020202020202020200A202020202020202020202020202020202020202020202020202020202020202020202020202020202020202020202020202020202020202020202020202020202020202020202020202020202020202020202020202020202020202020202020202020200A202020202020202020202020202020202020202020202020202020202020202020202020202020202020202020202020202020202020202020202020202020202020202020202020202020202020202020202020202020202020202020202020202020200A202020202020202020202020202020202020202020202020202020202020202020202020202020202020202020202020202020202020202020202020202020202020202020202020202020202020202020202020202020202020202020202020202020200A202020202020202020202020202020202020202020202020202020202020202020202020202020202020202020202020202020202020202020202020202020202020202020202020202020202020202020202020202020202020202020202020202020200A202020202020202020202020202020202020202020202020202020202020202020202020202020202020202020202020202020202020202020202020202020202020202020202020202020202020202020202020202020202020202020202020202020200A202020202020202020202020202020202020202020202020202020202020202020202020202020202020202020202020202020202020202020202020202020202020202020202020202020202020202020202020202020202020202020202020202020200A202020202020202020202020202020202020202020202020202020202020202020202020202020202020202020202020202020202020202020202020202020202020202020202020202020202020202020202020202020202020202020202020202020200A202020202020202020202020202020202020202020202020202020202020202020202020202020202020202020202020202020202020202020202020202020202020202020202020202020202020202020202020202020202020202020202020202020200A202020202020202020202020202020202020202020202020202020202020202020202020202020202020202020202020202020202020202020202020202020202020202020202020202020202020202020202020202020202020202020202020202020200A202020202020202020202020202020202020202020202020202020202020202020202020202020202020202020202020202020202020202020202020202020202020202020202020202020202020202020202020202020202020202020202020202020200A202020202020202020202020202020202020202020202020202020202020202020202020202020202020202020202020202020202020202020202020202020202020202020202020202020202020202020202020202020202020202020202020202020200A202020202020202020202020202020202020202020202020202020202020202020202020202020202020202020202020202020202020202020202020202020202020202020202020202020202020202020202020202020202020202020202020202020200A202020202020202020202020202020202020202020202020202020202020202020202020202020202020202020202020202020202020202020202020202020202020202020202020202020202020202020202020202020202020202020202020202020200A202020202020202020202020202020202020202020202020202020202020202020202020202020202020202020202020202020202020202020202020202020202020202020202020202020202020202020202020202020202020202020202020202020200A202020202020202020202020202020202020202020202020202020202020202020202020202020202020202020202020202020202020202020202020202020202020202020202020202020202020202020202020202020202020202020202020202020200A202020202020202020202020202020202020202020202020202020202020202020202020202020202020202020202020202020202020202020202020202020202020202020202020202020202020202020202020202020202020202020202020202020200A202020202020202020202020202020202020202020202020202020202020202020202020202020202020202020202020202020202020202020202020202020202020202020202020202020202020202020202020202020202020202020202020202020200A202020202020202020202020202020202020202020202020202020202020202020202020202020202020202020202020202020202020202020202020202020202020202020202020202020202020202020202020202020202020202020202020202020200A202020202020202020202020202020202020202020202020202020202020202020202020202020202020202020202020202020202020202020202020202020202020202020202020202020202020202020202020202020202020202020202020202020200A202020202020202020202020202020202020202020202020202020202020202020202020202020202020202020202020202020202020202020202020202020202020202020202020202020202020202020202020202020202020202020202020202020200A202020202020202020202020202020202020202020202020202020202020202020202020202020202020202020202020202020202020202020202020202020202020202020202020202020202020202020202020202020202020202020202020202020200A202020202020202020202020202020202020202020202020202020202020202020202020202020202020202020202020202020202020202020202020202020202020202020202020202020202020202020202020202020202020202020202020202020200A202020202020202020202020202020202020202020202020202020202020202020202020202020202020202020202020202020202020202020202020202020202020202020202020202020202020202020202020202020202020202020202020202020200A202020202020202020202020202020202020202020202020202020202020202020202020202020202020202020202020202020202020202020202020202020202020202020202020202020202020202020202020202020202020202020202020202020200A202020202020202020202020202020202020202020202020202020202020202020202020202020202020202020202020202020202020202020202020202020202020202020202020202020202020202020202020202020202020202020202020202020200A202020202020202020202020202020202020202020202020202020202020202020202020202020202020202020202020202020202020202020202020202020202020202020202020202020202020202020202020202020202020202020202020202020200A202020202020202020202020202020202020202020202020202020202020202020202020202020202020202020202020202020202020202020202020202020202020202020202020202020202020202020202020202020202020202020202020202020200A202020202020202020202020202020202020202020202020202020202020202020202020202020202020202020202020202020202020202020202020202020202020202020202020202020202020202020202020202020202020202020202020202020200A202020202020202020202020202020202020202020202020202020202020202020202020202020202020202020202020202020202020202020202020202020202020202020202020202020202020202020202020202020202020202020202020202020200A202020202020202020202020202020202020202020202020202020202020202020202020202020202020202020202020202020202020202020202020202020202020202020202020202020202020202020202020202020202020202020202020202020200A202020202020202020202020202020202020202020202020202020202020202020202020202020202020202020202020202020202020202020202020202020202020202020202020202020202020202020202020202020202020202020202020202020200A202020202020202020202020202020202020202020202020202020202020202020202020202020202020202020202020202020202020202020202020202020202020202020202020202020202020202020202020202020202020202020202020202020200A202020202020202020202020202020202020202020202020202020202020202020202020202020202020202020202020202020202020202020202020202020202020202020202020202020202020202020202020202020202020202020202020202020200A202020202020202020202020202020202020202020202020202020202020202020202020202020202020202020202020202020202020202020202020202020202020202020202020202020202020202020202020202020202020202020202020202020200A202020202020202020202020202020202020202020202020202020202020202020202020202020202020202020202020202020202020202020202020202020202020202020202020202020202020202020202020202020202020202020202020202020200A202020202020202020202020202020202020202020202020202020202020202020202020202020202020202020202020202020202020202020202020202020202020202020202020202020202020202020202020202020202020202020202020202020200A202020202020202020202020202020202020202020202020202020202020202020202020202020202020202020202020202020202020202020202020202020202020202020202020202020202020202020202020202020202020202020202020202020200A202020202020202020202020202020202020202020202020202020202020202020202020202020202020202020202020202020202020202020202020202020202020202020202020202020202020202020202020202020202020202020202020202020200A202020202020202020202020202020202020202020202020202020202020202020202020202020202020202020202020202020202020202020202020202020202020202020202020202020202020202020202020202020202020202020202020202020200A202020202020202020202020202020202020202020202020202020202020202020202020202020202020202020202020202020202020202020202020202020202020202020202020202020202020202020202020202020202020202020202020202020200A202020202020202020202020202020202020202020202020202020202020202020202020202020202020202020202020202020202020202020202020202020202020202020202020202020202020202020202020202020202020202020202020202020200A202020202020202020202020202020202020202020202020202020202020202020202020202020202020202020202020202020202020202020202020202020202020202020202020202020202020202020202020202020202020202020202020202020200A202020202020202020202020202020202020202020202020202020202020202020202020202020202020202020202020202020202020202020202020202020202020203C3F787061636B657420656E643D2777273F3EFFDB0043000302020302020303030304030304050805050404050A070706080C0A0C0C0B0A0B0B0D0E12100D0E110E0B0B1016101113141515150C0F171816141812141514FFDB00430103040405040509050509140D0B0D1414141414141414141414141414141414141414141414141414141414141414141414141414141414141414141414141414FFC00011080091009403012200021101031101FFC4001F0000010501010101010100000000000000000102030405060708090A0BFFC400B5100002010303020403050504040000017D01020300041105122131410613516107227114328191A1082342B1C11552D1F02433627282090A161718191A25262728292A3435363738393A434445464748494A535455565758595A636465666768696A737475767778797A838485868788898A92939495969798999AA2A3A4A5A6A7A8A9AAB2B3B4B5B6B7B8B9BAC2C3C4C5C6C7C8C9CAD2D3D4D5D6D7D8D9DAE1E2E3E4E5E6E7E8E9EAF1F2F3F4F5F6F7F8F9FAFFC4001F0100030101010101010101010000000000000102030405060708090A0BFFC400B51100020102040403040705040400010277000102031104052131061241510761711322328108144291A1B1C109233352F0156272D10A162434E125F11718191A262728292A35363738393A434445464748494A535455565758595A636465666768696A737475767778797A82838485868788898A92939495969798999AA2A3A4A5A6A7A8A9AAB2B3B4B5B6B7B8B9BAC2C3C4C5C6C7C8C9CAD2D3D4D5D6D7D8D9DAE2E3E4E5E6E7E8E9EAF2F3F4F5F6F7F8F9FAFFDA000C03010002110311003F00FBEACE42841539ADEB1BA565009C3560DBC47A01835B163A7C9295C823DEBF17A55DD1773EBEB462D5D9ACB0FDA31FDEF5A7AE97216E460D58B4D9671FEF0E4FEB515F788238D4AA0E7DFAD7A188CCB051A7CD52569765ABFEBCCF26F524F969AD0B51DBC70A82FC11DCD4373AD456EA42E09F535CE5E6B4F22BB96088A096766C018EBCD792F8D7F685F0CF8659E1B699B5DBF5E3CAB361E503E864E9FF007CEEE86BE5AAE7589A8B970EB9577EBFE47751CBE759EBA9EC579AE4B70C42926BCE3C6DF193C37E0DF323BED405D5EAF1F62B3C49267D1BB2FE241F635F3878BFE35F8B3C6C64805C7F66583647D96CB29B87A337DE6E3B671ED5CB58F8766BA604A939AF0E7EF4B9EB4B99F99F4F87CA947E2D3D3FCCF4BF10FC7BF14F8D2E4D868308D16DDCED1E49DF391EEE7EEFFC040FA9AE0343F0BBF8EACE6D574AD5ED7C42BBCF9B359DD2DC36EEE58824FE26A6F88B723E157C12F15EBC1845A85C5BFF0066D8B676B09A7F90B27FB4A86471FEE57CA9E1FF0009DD68E2CAF749BFBDD13588501FB5D8CCC8DBBA9CE3B67B0AF5309868E268BA9CFCBAD9697F5FD0EDD69D474E84569B9F5EE99F0FE7561E74654F4E45769A4F832284292BCFB8AF9DFC21FB5878F3C16F1DBF8DB45B7F19E92A70DA859A882FD47A9C0DAF81EAA09EED5F44FC39F8DDE01F8B0123F0E6BB1C7A8B0E749D487D9AED4E7EEEC63863EE858578B8FC0E3A8A73B7347BC755F3EDF33B29E2A9DF96A2E57E67496BA5456EA06D03F0ABCA8ABD054D35AC903157520FB8A8BF5AF95936F73D44D3D83F0AC2F1069A2E216E056EFE1515C46248C8C53849C5DD0D8DF84FAF369B24DA64A70A1BCC8C1F5EE3F91AFA13C33A92C9852721C607D6BE5CD8FA6EA51DC27055B3C57B4F82B5D1708986EA011CD7BF83C74B0B5E15A3BA7FD23E5337C12A9073477BA8AFFA531CE33CF3456BDAC70DE5BA4A555CB0E491DE8AFD8A9D1AF5A11AB06AD2575BF53E19622315CAD6C721A7C3BA4018719AE8666FB2C7B40C2815CC69B7863914B575726DBBB3DEBD71CD7CBE3E94AA61DCA8BB35AFF99DB88BA92E6D8E5F5BF1043A7DB497179751595AC7F7A59E40883EA4F15E1DE36FDA7B45D24BDBE8103EB57438FB4480C702FB8FE27E7D87B1AF40F8C1E0CFF84CFC15A969A89BAF231F68B53DFCC4C9007D4657FE055F19E95A19BAB9D841EB8C63FA57C8D18C5479A47D26030B4AA4799F4E86D78ABE2378A3E204846A37F21B6CFCB6907EEE15F4F9475C7FB593EF5574AF0B4D70CBF2935DDE83E064088CCB9FC2BB4D3FC3F0DAA8C281F857256C7463A44FA7A74545592B2387D17C0BB42974AECF4DF0D436FB46DC56D2C091E30A2AE58C1F68BA451EB5E3CF113AAEC6ED282723E54FDB3B5DFB7F8A3C0BE03B773E4DBA36B97D18395249290E7E8165FC2415C4E97A6AF94BC5636B1E24FF008599F18BC67E2D0FE75A5C5EB5A58B0271F668804423D0155427DF3EB5D958C3B230315FA1548FD56853C3ADE2B5F57ABFF231CB29FB4E6AD2FB4CA13E8E8CBF740AE535FF0087BA7EACC1E4B70B329DCB344763A91D0E457A36D0D504D0AB03915CF4B15529BBC59ECD6C253AAAD2460F84FE347C53F85DE5C36BAAA78B7438463FB3B59F9A50A3B24BF787E78F635EE7F0FF00F6BFF0178D6E934FD705C78135838531EAE47D959BD16703007FBE17EA6BC3F5285029E0579CF8BAEF48B5564D49A12A07FAB61961F41D47D6BB1E130D9969569FBDDE3A3FBB67FD6A7CD6230EF07EF529D979EC7E917D9CB5BC7710C89716D2AEE8E685C3A383D0AB0E08FA543ED5F0F7ECFBE08F8C8B791DD7804DF785FC29238691B5D7C594E33C9581812D91DD067FDA15F7136371C1DDEF5F119A65F0CBEAA842A295FEF5EBDBEF37C1E265884F996DF7333EFAD7CC526B5FC1F7CF6732AF3F29E2AB326F2062BE5CFDA13E325D7C39FDA33C282CA595F4CF0FDA452EAB6E8E42B09DBF78AC3A1C446261C7526B2C060EAE6151D2A6F549BFBBFCDD97CC78CAB0A50B495EE7E8AE95AD4AB66BE5BE14F38E3AD15C4E95AE249A7DBCB6B309AD664596190721D1802A47B1068AECA798E2A9C542356492E977A1F153CBD4A4DA48D3B7BA92323700DF85759A06A91483CA63B49EC6B9F5B1466E3E5ABF6364D1CAA54E79EF5FA7470F5EDA2B9857F67522D32D6B56BE5CBBD7B77AF953E24F8557C27E3E9E68A3D9697CDF698C01C024FCEBF8364FD08AFB06FED3CCB50FB7B735E31F19BC32356D01E545CDCD9379F1F1C95C7CC3F2E7FE022BE0F1742586A92A5356EABD0ECCA311CB3516FC8E27449924B75C7A56A71E95C9F85EE8EC0879C715D5AB65457C8D58F2C99F7D1D85F6C5715F1D7C6A7E1CFC14F166B71C862BD6B536566CAD8613CC7CB565F75DC5FE886BB6FBC40AF983F6DEF127DBB56F03781A262514BEB97D1E38206E8E1CFE538FF812D7AB9361D6271908CB65ABF45AFE3B1C18EA8E34B963BBD0F25F87DA3FF64687676EC36C8A80BFFBC793FA9AEF606014735C5E9DA8C76F102595557925B8FCE9D63F11747BAD5E3D321BC596E9F38D8094C819C6EE99E3B57DAE22955AD394D26FA9E8E1AB51C3C2306D2E88EE9706A29F85A8ADEE7CCEF53CABB96BCAB72BD4F66FCC8F36F88579731DFE896EDA99D1B48BBBB4B7BED4238BCC7B746600B81919006E380413C57D77F0FF00F667F87DF09E78EE60D34F88B5C5C3FF006B6B045C36EEA1A35FB89D782067DCD7CB1E37D15758D26EAD1C6048A406F46EC7F3AFA5FF0065BF88AFF11BE0DD94178ECDAEF86DC6937AAC7E66451FB973F541B727A98DABA731A95E397A95095927695BAA7B37F97DC7C86229AFAEAF6BAA7B7933D6AE2F24B86F9DB3DB1DAA1FC281F9D19AFCF1B6DEA7A914A2AC8B5A7C3F68BB8D7B679CD7E7378975E5F89DE3EF1CF89653E6DBEAFA8491DBB63FE5D93E48B1F4409FF7CD7DC7F193C5CDE00F837E32D7D1DA2B9834F782DA45382B34C4431B0F70D203F857C3FE09D0BEC7E1EB28D976BF961D811DDB93FA9C7E15F79C3F4FD961EA621F5692F96AFF0043C8AD175F12A0B68AFCCFA0FF00676FDAABC3FE09F86769E1AF18DC489A9E8F349670B03F7EDC60C64E7D0315FF0080D15F36F88BE1EDB6B5A91B966546DA14E541CE33CFE58A2BD7A99665D889BAB36D396AEDDD9E64B09898BB45687EB6C2B347C6241F9D69DADD4F1B0C96FC56A48648F8E0FE757A19A2E9CFE62BECA8E1D47699F3752A5F789AFA6DE7DB2DCC5201D31C5723E28B13B2518CE320FBD757A6DD44B201C7E38A83C4F66B2C2B2AF2186D6FE95E271160252C3AC4C65770FC9FF93FD4E1C3D4F6388DAC99F2ADDE9BFD87AE4D0A8C45BB29FEE9E9FE1F857416D26E8C56978E747DB71E663E6538AC6B16FDD807AD7E3B57DE3F56A13538292346DF0D3283EBC57C03E32BCF137C6CF8FDE33BEF0AF87EF3C413FDACE9D6C625220B7821C46A5DCE026E081F048E4B57DF4B91C8A5B761691BC7022C08EC6465894286627258E3B93DEBD3CAF328E5AEA4B939A52565AEDADFFAD4E7C561A55DC5C656B1F317823F6279AF3CABCF893E2332AE437F61688E5631FECC931033EFB467D18D743FB457C07F0F5BFC176BBF046816BA36A5E17946A517D963FDECF18004A1DB9676DA377CC4FDDF7AF7C27775CD496EC9B8C72A0921914C7246DD1948C107D8835D0B3DC5CF110AB397BB17B2D17DC612C0415376779773E14F0A78823D634EB6BA8CFCB2A86C67A1EE3F039AEBE17F312B82D77C26FF00087E2D788BC18FBBEC2B2FDBB4B63FC76F27200FA74FF809AEC74EB8F310735F518BA718C94A9FC2F55E8CF672EC4FB6A6B9B7EA43AA5B6F8CD54F80DE321F0AFE3D5A4773208F42F1628D36EB27091CE48F2643F47C0C9E81DAB6EE23DE86BCEBE21F87CEADA4CE91E44F19F36261C10E391CD5615C6A2950A9F0C959FF005E46399E1DCE9F34775AA3F40AE22304CE841CA9C74A8CF35C6FC11F88FF00F0B73E12E87E2391F7EA689F62D4C77175180189F4DC0ABE3B6FAED2352F228F5AFCEF1142787AD2A33DD3B1950AAAAD25347CEFFB706BC7FE111F06783E3277EB7A9B5DCE14F3E4C0A0107D899723DE3AF2CD2ED7F7238FA55FFDA2F5E1E2FF00DA5AFADA3F9ED7C33A743A72904E0CAC0C8E7EA0CAC87FDCA934D842C62BF40843EAD82A34BADAEFE7AFE5632CB63ED673AAFABFC8CC9ECFF79456ACD10F328A8551D8F61D1573F4AA2B4418F9001EFC55D8E18D3AED151430F4C803FDE356551171F3AFD1457E954A09743F1D9C9F72CDBF94A41183F856D346B7D62D191F79703EB583F6C823E19C93E99FE82B434DD4959822C6707BD77CBD8D4A6E9CECD3566BC9EE70D48C9AE65D0F35F1B693B831DBC8E0FD6BE6CF187C78F0DFC32F8911F85BC5115D6916F3DAA5CDBEAEE85EDDF73302081F300318DDCF391C6335F6478C34BF3959F6E0483F235F15FEDB9F0BFF00E128F868BE21B4B659755F0C4DF6865DB9F32D18812291DC29DADEC3757E19FD9F4A8666F078BBF2BD2FB7F85FCF4FBCFB2C163AA3C2FEEDEA8F5BD36E6D35CD2E2D4B49BDB7D534E98663BAB394491B7E229FC82457E73783758D7FC0B7916B9E01D7EE74196650ED6CA7CCB6987F7648DB2AC3AF5071DB15F47781FF006D4D365920B0F88DA23F87AED8841ABE9EAD2D9C87D593964CFB16ABC670F55A779615F3AEDB4BEEEBF23DCA78E71FE32D3BAD8FA2E9334DD2EF2CBC41A5C5AA68D7D6DAB69B30CA5D59CA248CFB120F079E94FAF9294254DB8C959A3D48D48D4578BB9F3F7EDA1E079352F07E8DE3ED3A2DFA8F86E511DDEDE0C968E403F82B63E818D7907873544BCB586689F7C722ABA9F5046457DBB75A6D9EBBA6DF691A8C426D3F5081ED678CF4647041FD0D7C01A3E9179F0EFC59AF7827522C6EB45BA68E376FF96B0939471EA0820FFC0ABEF32BAFF5BC13A2FE2A7FFA4BFF0027F99C14A5F55C5DBA4FF33D2E36F312B1F58B5F310F19ABD633EF51CD4977087439A23784CFA89A55202FECA3E30FF8413E306A7E0FBB93CBD23C571F9B69B8FCA979182540F4DCBB97DCEC1DABEC15B8834CF3EEAF1FCAB5B58DE699CFF0A282CC7F206BF3CFC7D6377691DBEADA63B5BEABA5CEB796B327DE47421B23E98CFE15F7A7C3DF1C58FC4CF04E85E2BB78A36B5D5AD81B8B6382A92F2B344473C060C39EA31EB5CD9DD08D4F678DE8F497AAD9FCD7E47C8453A152A61FBEA8F813C1BAB4DE2AD5B5BF12DDA84BAD6B519EF9D739DBBDCB6DFC096AF4DB4C2C431E95C4F893C1AFF07BE2FF00887C1CC1869E24FB6E96EFFC76B27CCA327A95CED27D54D7516D743C91CF6E2BDEC75AA494E1F0B49AF4E87A594CE2A8A5D89EE2E0093145635D5F7EF8F7FC0D15CAA8E87A0EBA4CFD41B59279B03A67EB5A11E9AF370EC71E8C6AAAEA1045F2A9DE7D17A53FFB6998617E41EDD6BEFE9C68C7F892B9F90CBDA4BE05634A1B086D94173C0F5E2ADC3751C6C3674F6E95CE35F7CD92727F5A923BC638E7AFE7F9D7A74F154E3A538D8C654652D64EE75F7B1AEA5A7B28FBFD47D6BC93C59A3C3379D0DCC226B3BA8DA09E26E8E8C0AB29FA826BD3747B83FC6D853D33583E31D2D64F3768C861B80F7EE2BF3FE2EC239A86323A35A3FCD3FD3EE37CBAA7B0ACE9BD99F92BAC78366F85FF0012BC45E09BBDC56C67335948C3FD6DB3FCC8DFF7C91FAFA56B368D15F5BB47222C91B0C32B8C83F506BDB7F6E2F01C89A6E85F112C222D77A2CA2C751DA397B776F918FF00BAC4827FDB1E95E3DA1DE47750C6E8C191941561DC1E95C91C4BC561E18A8EEF47EAB7FBF7F99F7F9772CAF467D3F239DD0F4BD7FE1AEB4DABF8235BBAD02ED8FEF208DB7DBCE3FBAF19F9587D471DABDC3C13FB69409750E9DF12F416D12563B46B7A62B4B6AC7D5E3E597DF05BE95C5BDA2CCBDAB1F54D062B985D1E35911B82AC320FE06B3A93A18D5CB8B87379ECFEFF00F33AEAE5AE9BE7C3BE57F81F6BE93A869FE22D2E0D5743D4AD359D3251BA3BBB1996543DFAAF43D320F23BE2BE67FDB43C1A749D4FC37F12ECE23B51974AD5B60EA873E539FD57FEF9AF0CB3B8D63E0EEA67C45E11BEBAD3668A4492E6D2190F9375183F32BAF43C67A8E326BEF1D42C745F8E9F09E482360DA378A34D0F0B71FB9765CAF3EA8E3F3535E5AC32C9B114F134E5CD4A574FBD9EE9FE6BD0F2AA4AA544E9D4569C755E67C8FA2DD8923421B20F707AD741FEB23AF30F03CF79A4B5EE81AA298B55D1EE1ACAE11BAE54900F3DB8C7E15E916730910735E86328BA551A3EA3035D56A49993AD5989237046411C8AECBF631F191D0BC49E24F869792620B9DDAB691B8F1B800268C7D5406C0E8236F5AC2BD877A9AF39F116A17DE06F11E8BE32D278D4743BB4B81E8F1823721FF648C83EC4D6B462B174678597DA5A7AF4FEBCCF3734A2E36AD1DE3FD33E87FDB53C0B2EA9E0BD23C796116ED53C313886EF68E5ECE46039F5D92118F41231ED5E0963AE25C59472C6DB92450CA7D88E2BEF2B7B8D17E21785A29C28BCF0DF8934FC943FC50CD19054FA300483E847B57E6EF8A34CD43E14EB5E22F06DE069B55D26ECDADAED5C99D1CE627551D9948603FDA159E4D2789A0F0B3F8E9BFC1FF93FCCF23DB7D5EA39C7E19ABFCCA9ACDC78B7C49AA5CCBE1CD3B52BDB0B77FB3B4B656CD2A798BCB0240383F30E3D307BD15FA1FF0001FE1EA7C16F85FA3F870A47FDA5B3ED5A9481436FBA9397E78C851B501EE10514AA711E1E8CDD3851524B4BF7F339FEAF88ABFBC736AFE6CF5E17C723E624FE95623BC2DC13F973594B0B336D19C7A0AB71ECB51F37CCFF00DD53FD6BD4A35652D5EC79F382E86A42CD277016AD2EA5059AF50CDFDE6381F80EF5CE5C6A4CD8441B9BA045E95B1A2787E6BC659AE49DBD96BD8C3569D59FB3C3ABBEE72D4A718479AABB235F4DB8BAD5260C9B923CE0C8DD7F2AEBB52B15B8D2B0837346323DFD6B213CBB28703088B57B49D5C5CB18BA2FA9AF7F1581A52C34A9577CD2926BFE18F02A5494DA9C15923C7BE20F83EC7C4FA4EABA16A49BF4DD5AD9ED66E325430C061EE0E08F702BF35B43B5BEF04EBBAC784B561B350D12E9ED9FD19437CAC3D411C8F622BF58FC63A46048157A7CEBF435F1C7ED0DFB326A3F13BC649E2BF0AEAF63A3EB66D56DEF21BE46F2AE767DD6DEA1B076E17EEF61EF5F90602B47035EAE0F14F953EFD24BFCFF00C8FB3C1D77251AF0D6DA3F43C76CB51575009AB6D2248A7A572DAF7C39F8B1F0FB749AC781EEF51B24FF0097DD0C8BC423D76C65980FF780AC0D37E286997170D6F25C1B4B9438786E94C6CA7D0E7BD7B8F07292E7A2F99774EFF91F554734A33F764ECFCF43A9D6AC63B889D586E560411EA3D2BD47F62BF1B3C36BE20F87179213369921D4B4BDC7EF5BB9FDE20FF75B07F135E4726B315D41BD245911BF890823F3AE7F4FF184FF000DFE20787FC6B66093A6DC05BB41C096D9BE5914FF00C049AAFABBC561E78696EF6F55B7F97CCE0C7B8DE35E1BC7F2EA7AA7ED6DE0FF00F842BE2A68FE38B58FCBD2FC469F63BF207CA97483E563FEF2807FE02D589A4DD6E5009AFA97E30F80ECBE347C25D5B47B375986A16ABA869370318F342EF8987D7A7D1ABE29F87BAE497DA5C6B721A3BCB7636F711B754917820FBFAFBE6B8F0B53EB7825CDF1D3F75FE9FE5F20C0D4F6359D35B3D57EA7A530DF1D733E20D352EADE58DD032382181F435BF05D2F97D7359BAB5C2153F9D6745CA33D0FA4C472CE1A9E93FB14F8E249FC3DAEFC3ABF94B5F6812B5E69DB8F2F68EDF381FEE3907FEDAFA0AF47F157C11F0FF8C7E2D7877C7D7DE67F68E8E8A3ECA8ABE5DCC919261773D728483C75DAA0F0315F1DE85E3497E15FC52F0F78DADC335BD9CE2DF508E31932DABFCB20C773B4923DC03DABF425CC570C935ACAB716D328962950E55D1865581EE0820FE35C19D2AB83C42C6507CBED134FD7ED7DFBFCCF92C3C21272C3D457E5775E85EB7B192F6332E3258FA668AF2CF891F0ABC43E3AD6EDEFF4BF883ACF852DA2B6580D969D908EC1DDBCC3861F310C074E8A28AF12952C1CA09CEB24FB72C8DA73AEA4D463A1EDB35E61084F917F5350C4B2DD30445E0D47636B25D302C78CD75BA7E9F15AC61987FF005EBF40C2E1A58A95AFA1E054AD1A2BCC7687E1F58C2BCAA18F524F6AE826BE86CE1C023005625E6B49047D71D8006B067D524BC7CB3600F7E057D62C5D0CBE1ECA8FC4791EC2A62A5CF53636EEB547BC7C9F95076F4AD1D0643E72C878881E07A9F5AE62C3375275FDCAF5FF006BDEB71F528B4FB73248405518031CFD07BFFF005EAF0D5BDA5EB567A7F5F80AB53E5FDDC11D6EBF0C77B6A8CA417519C7B578EF8A34F36F74C47033D6BD13C27A93EA3348666DDE60E9E83B0ACAF18E925439C7CD19EDE95F98711D2788AAF169593FD3FCD7E47565B51E0EB7B1933C3B4DF8ADE12BAF11DE6870F8B74B8F59B398C12D9CB74B1C8241C141BB1B883C1DB9E6B4BC5DF0FF00C3FE36B731789FC31A66B6AC3FD65D5B2B498F55931B87E06BE42FDB33E15D9F867E2C587897EC6A747F13C6565DB95115E20018823BB0DADF52D5E79E17D53C61E05C7FC223E32D6345895B77D97CF32DBB7D636CA9FC41AD2864F4E7469E230B5DC5B57D7BF5D579F91F41EDAA556D4A0A56FBCFA53C4DFB13F81F529249FC35AA6AFE0FBB6FBAB0CA6E6DC7FC01CEEFFC7EBC9FC5FF00B23FC50D0ED6E574DB8D27C6DA79421961945B5D107FD87C0CFD18D6A687FB607C4BF0E811F88B40D1FC5D1700CF6B9B39F1EA76E549FA257A7F85FF006D2F873AD30875A5D53C1B77D0AEA16E648B3ECF1E4E3DCA8AEC52CEB0BAD9564BE6FF0049193F61B6B4DFE06AFECAB3F8AF4BF8590687E2CD16FB47BFD0EE5AD2D8DF26C7920203AE33D42EE2BBBA1E31D2BC0FF68CF07FFC2AFF008E526A1691F95A178B6337916DFB89740E245F6C939C7FB7ED5F6168BE28D0FC5B6C6E742D6EC35AB7032CF6572B2ECCF40C01CAFE38AE53E3B7C231F1A7C02BA343711596AF6772B77A7DECC0ED8DC70CA7009C30E38F638AF1309997B2CC273C44792353E25AE97EBF7EA764A8F2D184A93BB8FE27C8D2F8AA0D3ED8CB7132C0807DE90E2A2F0DDBF8B7E2C5F359F81FC3975AC286DB26A12AF97690F383BA462178F4CE7DABE95F86FF00B15F847C3F2457FE2BB8B8F1CEB03E6D9720C56519F41103971CFF001120FF007457D2BA3F85DA2B382D6DEDE1B0B1886D8EDEDE311C683D15400057A35F36C2D176C347DA4BBBD23FE6FF00033AB8AAD28DA4F957E27C95E03FD86ED59A2BDF88BAF49AEDCF0DFD8FA533456AA7D1A4E19BFE0217F1AFA9B45F06A43676B67696CB6B656D1A430C28B858E3550AAA3E80015DE693E1158F0C109FF6D86057496FA65B59E0C98603B7415E55486373492788768ADBA247873CC69E1EEA96ADF5389B7F06C7E50C924FD28AF4137D0A70BD3D8515EB2E1D8DBF89F87FC13CC799625BB9E796F6B1584796196EA2A96A5AC18F9E0B765A6DD5D92480DF31FD2A8AD8999B279279E6BD8AB8D718FB3A1A23D785257E6A8536926BB90B13939EF576DECDEEB8031183927FBD56A3D34B2ED4181DCD6943188136F400735CF868B9CAF366D52AA4AD12BAAFD963181845E9DBFC8AE7AF3537D52F1550B7909F773FC47D7FCF6ABDAF5FEE3E446793C3FD3D2AA6976E0B038C93C0FF001AE9C4E29D592A10DBA9546928C5D496E75DE19B91A7FEF5BA46327DCFF9C5749A828D4F4F5B8FEF0C3570D717215A3B78CF0A72DF5AED340BA5B8B7FB293D56B0CC3971149D15D3F33C6C45371B56EBFA1F3BFED25F0ABFE1677C2FD77408E3DDA942BF6ED35B1CFDA2304851FEF0DCBF88AF80BC2FAC1BED2E27946D997F772A9EAAE3820FF9EF5FAC7E28D3DE193CF5CEE43DBAF15F17F8A3F6291E26F8A1AE6A91789FFB07C23A8CC2EDEC34F889BAF31BFD622923622E4921BE6EB82BC57899563A8E1E13C36265CA96ABF55FD763DDA15A4ED560AF7DCF9A75AF14D85AC896FBDAE2EA460896D00DEECC4E00C7624F635E89E09FD973E247C528E39B54B683C07A049CF9BAB47E65E3A9EEB070C0F1D1FCBF626BEC2F85BF017C1DF0B635FF008457C3B0C37DB76BEAB75FBEBC7C8C37EF1B9507BAAE17DABD5EC3C26F3306998B31ED5AD6CF52F77050FF00B7A5FA2DBEFB955AABDEB4ACBB23C2BE0CFECD7E16F838B3BE809797DAA5D4422B9D4AF64CBC8B9DDB55170AAB9E7A6EF52715ECFA6F8399CA99063EBD6BBAD3BC32902AE55631FAD6D4705BD885C019C753C9AE086598ACC2A3AF8A96AFABDFEEFF00863C8AB9AA847D9D05A1CF693E0F11AA9D8107F79BAFE55BF069F6D6232C03B0EEDFE14D6D4B9217A8354AEA7669324F0C335F5787CBB0D85829463792EAFF00CB63C49D4AD5E5FBC6685E5F055F93A76AC19EEE49188639A9FCC2F195279159F3773558B9293535D4DA8D351145CBA719A2A0DD9A2B87DA4FB9D36471B27FAC35A36FDBE94515CB0D8F6A668DBFFAB34C9BFD59FAD1457A54BE138E3B9C7DD7FC7E49FEF1AD4D37F868A2B8A9FF001D1EBD4FE1891FFC7F49F535D7785FFE3F87FBB45152BE17EA7062FF0086FD0BBE28FF008F79BEA3F9579D9FF8F83FEFFF005A28AF82C67F15FF005D4ACAFF0084CEBB45EDFEE8FE66BABD37EF51457AD85F8A3F23C8C6EECD36FBC6B36EBEF2D1457E834FA9E4D22B7F13525C7DC8E8A2B47F04BFAEA752F8910AFF00AC35564FBCD4515E6D4F817A9D11DCA945145731A1FFD9'),(18,_binary '\\\0JFIF\0\0`\0`\0\0\(\Exif\0\0MM\0*\0\0\0\0\0\0\0\0\0&\0\0b\0\0\0\0\0\0\01\0\0\0\0&\0\02\0\0\0\0\0\0i\0\0\0\0\0\0\\\0\0\0\0\0\0V\0\0F\\0\0\0\0\0\0\0\0\0\0\0\0\0\0\0\0\0\0\0\0\0\0\0\0\0\0\0\0\0\0\0\0\0\0\0\0\0\0\0\0\0\0\0\0\0\0\0\0\0\0\0\0\0\0\0\0\0\0\0\0\0\0\0\0\0\0\0\0\0\0\0\0\0\0\0\0\0\0\0\0\0\0\0\0\0\0\0\0\0\0\0\0\0\0\0\0\0\0\0\0\0\0\0\0\0\0\0\0\0\0\0\0\0\0\0\0\0\0\0\0\0\0\0\0\0\0\0\0\0\0\0\0\0\0\0\0\0\0\0\0\0\0\0\0\0\0\0\0\0\0\0\0\0\0\0\0\0\0\0\0\0\0\0\0\0\0\0\0\0\0\0\0\0\0\0\0\0\0\0\0\0\0\0\0\0\0\0\0\0\0\0\0\0\0\0\0\0\0\0\0\0\0\0\0\0\0\0\0\0\0\0\0\0\0\0\0\0\0\0\0\0\0\0\0\0\0\0\0\0\0\0\0\0\0\0\0\0\0\0\0\0\0\0\0\0\0\0\0\0\0\0\0\0\0\0\0\0\0\0\0\0\0\0\0\0\0\0\0\0\0\0\0\0\0\0\0\0\0\0\0\0\0\0\0\0\0\0\0\0\0\0\0\0\0\0\0\0\0\0\0\0\0\0\0\0\0\0\0\0\0\0\0\0\0\0\0\0\0\0\0\0\0\0\0\0\0\0\0\0\0\0\0\0\0\0\0\0\0\0\0\0\0\0\0\0\0\0\0\0\0\0\0\0\0\0\0\0\0\0\0\0\0\0\0\0\0\0\0\0\0\0\0\0\0\0\0\0\0\0\0\0\0\0\0\0\0\0\0\0\0\0\0\0\0\0\0\0\0\0\0\0\0\0\0\0\0\0\0\0\0\0\0\0\0\0\0\0\0\0\0\0\0\0\0\0\0\0\0\0\0\0\0\0\0\0\0\0\0\0\0\0\0\0\0\0\0\0\0\0\0\0\0\0\0\0\0\0\0\0\0\0\0\0\0\0\0\0\0\0\0\0\0\0\0\0\0\0\0\0\0\0\0\0\0\0\0\0\0\0\0\0\0\0\0\0\0\0\0\0\0\0\0\0\0\0\0\0\0\0\0\0\0\0\0\0\0\0\0\0\0\0\0\0\0\0\0\0\0\0\0\0\0\0\0\0\0\0\0\0\0\0\0\0\0\0\0\0\0\0\0\0\0\0\0\0\0\0\0\0\0\0\0\0\0\0\0\0\0\0\0\0\0\0\0\0\0\0\0\0\0\0\0\0\0\0\0\0\0\0\0\0\0\0\0\0\0\0\0\0\0\0\0\0\0\0\0\0\0\0\0\0\0\0\0\0\0\0\0\0\0\0\0\0\0\0\0\0\0\0\0\0\0\0\0\0\0\0\0\0\0\0\0\0\0\0\0\0\0\0\0\0\0\0\0\0\0\0\0\0\0\0\0\0\0\0\0\0\0\0\0\0\0\0\0\0\0\0\0\0\0\0\0\0\0\0\0\0\0\0\0\0\0\0\0\0\0\0\0\0\0\0\0\0\0\0\0\0\0\0\0\0\0\0\0\0\0\0\0\0\0\0\0\0\0\0\0\0\0\0\0\0\0\0\0\0\0\0\0\0\0\0\0\0\0\0\0\0\0\0\0\0\0\0\0\0\0\0\0\0\0\0\0\0\0\0\0\0\0\0\0\0\0\0\0\0\0\0\0\0\0\0\0\0\0\0\0\0\0\0\0\0\0\0\0\0\0\0\0\0\0\0\0\0\0\0\0\0\0\0\0\0\0\0\0\0\0\0\0\0\0\0\0\0\0\0\0\0\0\0\0\0\0\0\0\0\0\0\0\0\0\0\0\0\0\0\0\0\0\0\0\0\0\0\0\0\0\0\0\0\0\0\0\0\0\0\0\0\0\0\0\0\0\0\0\0\0\0\0\0\0\0\0\0\0\0\0\0\0\0\0\0\0\0\0\0\0\0\0\0\0\0\0\0\0\0\0\0\0\0\0\0\0\0\0\0\0\0\0\0\0\0\0\0\0\0\0\0\0\0\0\0\0\0\0\0\0\0\0\0\0\0\0\0\0\0\0\0\0\0\0\0\0\0\0\0\0\0\0\0\0\0\0\0\0\0\0\0\0\0\0\0\0\0\0\0\0\0\0\0\0\0\0\0\0\0\0\0\0\0\0\0\0\0\0\0\0\0\0\0\0\0\0\0\0\0\0\0\0\0\0\0\0\0\0\0\0\0\0\0\0\0\0\0\0\0\0\0\0\0\0\0\0\0\0\0\0\0\0\0\0\0\0\0\0\0\0\0\0\0\0\0\0\0\0\0\0\0\0\0\0\0\0\0\0\0\0\0\0\0\0\0\0\0\0\0\0\0\0\0\0\0\0\0\0\0\0\0\0\0\0\0\0\0\0\0\0\0\0\0\0\0\0\0\0\0\0\0\0\0\0\0\0\0\0\0\0\0\0\0\0\0\0\0\0\0\0\0\0\0\0\0\0\0\0\0\0\0\0\0\0\0\0\0\0\0\0\0\0\0\0\0\0\0\0\0\0\0\0\0\0\0\0\0\0\0\0\0\0\0\0\0\0\0\0\0\0\0\0\0\0\0\0\0\0\0\0\0\0\0\0\0\0\0\0\0\0\0\0\0\0\0\0\0\0\0\0\0\0\0\0\0\0\0\0\0\0\0\0\0\0\0\0\0\0\0\0\0\0\0\0\0\0\0\0\0\0\0\0\0\0\0\0\0\0\0\0\0\0\0\0\0\0\0\0\0\0\0\0\0\0\0\0\0\0\0\0\0\0\0\0\0\0\0\0\0\0\0\0\0\0\0\0\0\0\0\0\0\0\0\0\0\0\0\0\0\0\0\0\0\0\0\0\0\0\0\0\0\0\0\0\0\0\0\0\0\0\0\0\0\0\0\0\0\0\0\0\0\0\0\0\0\0\0\0\0\0\0\0\0\0\0\0\0\0\0\0\0\0\0\0\0\0\0\0\0\0\0\0\0\0\0\0\0\0\0\0\0\0\0\0\0\0\0\0\0\0\0\0\0\0\0\0\0\0\0\0\0\0\0\0\0\0\0\0\0\0\0\0\0\0\0\0\0\0\0\0\0\0\0\0\0\0\0\0\0\0\0\0\0\0\0\0\0\0\0\0\0\0\0\0\0\0\0\0\0\0\0\0\0\0\0\0\0\0\0\0\0\0\0\0\0\0\0\0\0\0\0\0\0\0\0\0\0\0\0\0\0\0\0\0\0\0\0\0\0\0\0\0\0\0\0\0\0\0\0\0\0\0\0\0\0\0\0\0\0\0\0\0\0\0\0\0\0\0\0\0\0\0\0\0\0\0\0\0\0\0\0\0\0\0\0\0\0\0\0\0\0\0\0\0\0\0\0\0\0\0\0\0\0\0\0\0\0\0\0\0\0\0\0\0\0\0\0\0\0\0\0\0\0\0\0\0\0\0\0\0\0\0\0\0\0\0\0\0\0\0\0\0\0\0\0\0\0\0\0\0\0\0\0\0\0\0\0\0\0\0\0\0\0\0\0\0\0\0\0\0\0\0\0\0\0\0\0\0\0\0\0\0\0\0\0\0\0\0\0\0\0\0\0\0\0\0\0\0\0\0\0\0\0\0\0\0\0\0\0\0\0\0\0\0\0\0\0\0\0\0\0\0\0\0\0\0\0\0\0\0\0\0\0\0\0\0\0\0\0\0\0\0\0\0\0\0\0\0\0\0\0\0\0\0\0\0\0\0\0\0\0\0\0\0\0\0\0\0\0\0\0\0\0\0\0\0\0\0\0\0\0\0\0\0\0\0\0\0\0\0\0\0\0\0\0\0\0\0\0\0\0\0\0\0\0\0\0\0\0\0\0\0\0\0\0\0\0\0\0\0\0\0\0\0\0\0\0\0\0\0\0\0\0\0\0\0\0\0\0\0\0\0\0\0\0\0\0\0\0\0\0\0\0\0\0\0\0\0\0\0\0\0\0\0\0\0\0\0\0\0\0\0\0\0\0\0\0\0\0\0\0\0\0\0\0\0\0\0\0\0\0\0\0\0\0\0\0\0\0\0\0\0\0\0\0\0\0\0\0\0\0\0\0\0\0\0\0\0\0\0\0\0\0\0\0\0\0\0\0\0\0\0\0\0\0\0\0\0\0\0\0\0\0\0\0\0\0\0\0\0\0\0\0\0\0\0\0\0\0\0\0\0\0\0\0\0\0\0\0\0\0\0\0\0\0\0\0\0\0\0\0\0\0\0\0\0\0\0\0\0\0\0\0\0\0\0\0\0\0\0\0\0\0\0\0\0\0\0\0\0\0\0\0\0\0\0\0\0\0\0\0\0\0\0\0\0\0\0\0\0\0\0\0\0\0\0\0\0\0\0\0\0\0\0\0\0\0\0\0\0\0\0\0\0\0\0\0\0\0\0\0\0\0\0\0\0\0\0\0\0\0\0\0\0\0\0\0\0\0\0\0\0\0\0\0\0\0\0\0\0\0\0\0\0\0\0\0\0\0\0\0\0\0\0\0\0\0\0\0\0\0\0\0\0\0\0\0\0\0\0\0Windows Photo Editor 10.0.10011.16384\0Windows Photo Editor 10.0.10011.16384\02020:12:24 22:04:11\0\0\0\0\0\0\0\0\0\0\0\0\0\00\0\0\0\033\0\0\0\0\0\033\0\0\0\0\0\0\0\0\0\\0\0\0\0\0	\0\0\0\0\\0\0\0\0\0\0\0\0\0\0\0\0\0\0\0\0\0\0\0\0\0\0\0\0\0\0\0\0\0\0\0\0\0\0\0\0\0\0\0\0\0\0\0\0\0\0\0\0\0\0\0\0\0\0\0\0\0\0\0\0\0\0\0\0\0\0\0\0\0\0\0\0\0\0\0\0\0\0\0\0\0\0\0\0\0\0\0\0\0\0\0\0\0\0\0\0\0\0\0\0\0\0\0\0\0\0\0\0\0\0\0\0\0\0\0\0\0\0\0\0\0\0\0\0\0\0\0\0\0\0\0\0\0\0\0\0\0\0\0\0\0\0\0\0\0\0\0\0\0\0\0\0\0\0\0\0\0\0\0\0\0\0\0\0\0\0\0\0\0\0\0\0\0\0\0\0\0\0\0\0\0\0\0\0\0\0\0\0\0\0\0\0\0\0\0\0\0\0\0\0\0\0\0\0\0\0\0\0\0\0\0\0\0\0\0\0\0\0\0\0\0\0\0\0\0\0\0\0\0\0\0\0\0\0\0\0\0\0\0\0\0\0\0\0\0\0\0\0\0\0\0\0\0\0\0\0\0\0\0\0\0\0\0\0\0\0\0\0\0\0\0\0\0\0\0\0\0\0\0\0\0\0\0\0\0\0\0\0\0\0\0\0\0\0\0\0\0\0\0\0\0\0\0\0\0\0\0\0\0\0\0\0\0\0\0\0\0\0\0\0\0\0\0\0\0\0\0\0\0\0\0\0\0\0\0\0\0\0\0\0\0\0\0\0\0\0\0\0\0\0\0\0\0\0\0\0\0\0\0\0\0\0\0\0\0\0\0\0\0\0\0\0\0\0\0\0\0\0\0\0\0\0\0\0\0\0\0\0\0\0\0\0\0\0\0\0\0\0\0\0\0\0\0\0\0\0\0\0\0\0\0\0\0\0\0\0\0\0\0\0\0\0\0\0\0\0\0\0\0\0\0\0\0\0\0\0\0\0\0\0\0\0\0\0\0\0\0\0\0\0\0\0\0\0\0\0\0\0\0\0\0\0\0\0\0\0\0\0\0\0\0\0\0\0\0\0\0\0\0\0\0\0\0\0\0\0\0\0\0\0\0\0\0\0\0\0\0\0\0\0\0\0\0\0\0\0\0\0\0\0\0\0\0\0\0\0\0\0\0\0\0\0\0\0\0\0\0\0\0\0\0\0\0\0\0\0\0\0\0\0\0\0\0\0\0\0\0\0\0\0\0\0\0\0\0\0\0\0\0\0\0\0\0\0\0\0\0\0\0\0\0\0\0\0\0\0\0\0\0\0\0\0\0\0\0\0\0\0\0\0\0\0\0\0\0\0\0\0\0\0\0\0\0\0\0\0\0\0\0\0\0\0\0\0\0\0\0\0\0\0\0\0\0\0\0\0\0\0\0\0\0\0\0\0\0\0\0\0\0\0\0\0\0\0\0\0\0\0\0\0\0\0\0\0\0\0\0\0\0\0\0\0\0\0\0\0\0\0\0\0\0\0\0\0\0\0\0\0\0\0\0\0\0\0\0\0\0\0\0\0\0\0\0\0\0\0\0\0\0\0\0\0\0\0\0\0\0\0\0\0\0\0\0\0\0\0\0\0\0\0\0\0\0\0\0\0\0\0\0\0\0\0\0\0\0\0\0\0\0\0\0\0\0\0\0\0\0\0\0\0\0\0\0\0\0\0\0\0\0\0\0\0\0\0\0\0\0\0\0\0\0\0\0\0\0\0\0\0\0\0\0\0\0\0\0\0\0\0\0\0\0\0\0\0\0\0\0\0\0\0\0\0\0\0\0\0\0\0\0\0\0\0\0\0\0\0\0\0\0\0\0\0\0\0\0\0\0\0\0\0\0\0\0\0\0\0\0\0\0\0\0\0\0\0\0\0\0\0\0\0\0\0\0\0\0\0\0\0\0\0\0\0\0\0\0\0\0\0\0\0\0\0\0\0\0\0\0\0\0\0\0\0\0\0\0\0\0\0\0\0\0\0\0\0\0\0\0\0\0\0\0\0\0\0\0\0\0\0\0\0\0\0\0\0\0\0\0\0\0\0\0\0\0\0\0\0\0\0\0\0\0\0\0\0\0\0\0\0\0\0\0\0\0\0\0\0\0\0\0\0\0\0\0\0\0\0\0\0\0\0\0\0\0\0\0\0\0\0\0\0\0\0\0\0\0\0\0\0\0\0\0\0\0\0\0\0\0\0\0\0\0\0\0\0\0\0\0\0\0\0\0\0\0\0\0\0\0\0\0\0\0\0\0\0\0\0\0\0\0\0\0\0\0\0\0\0\0\0\0\0\0\0\0\0\0\0\0\0\0\0\0\0\0\0\0\0\0\0\0\0\0\0\0\0\0\0\0\0\0\0\0\0\0\0\0\0\0\0\0\0\0\0\0\0\0\0\0\0\0\0\0\0\0\0\0\0\0\0\0\0\0\0\0\0\0\0\0\0\0\0\0\0\0\0\0\0\0\0\0\0\0\0\0\0\0\0\0\0\0\0\0\0\0\0\0\0\0\0\0\0\0\0\0\0\0\0\0\0\0\0\0\0\0\0\0\0\0\0\0\0\0\0\0\0\0\0\0\0\0\0\0\0\0\0\0\0\0\0\0\0\0\0\0\0\0\0\0\0\0\0\0\0\0\0\0\0\0\0\0\0\0\0\0\0\0\0\0\0\0\0\0\0\0\0\0\0\0\0\0\0\0\0\0\0\0\0\0\0\0\0\0\0\0\0\0\0\0\0\0\0\0\0\0\0\0\0\0\0\0\0\0\0\0\0\0\0\0\0\0\0\0\0\0\0\0\0\0\0\0\0\0\0\0\0\0\0\0\0\0\0\0\0\0\0\0\0\0\0\0\0\0\0\0\0\0\0\0\0\0\0\0\0\0\0\0\0\0\0\0\0\0\0\0\0\0\0\0\0\0\0\0\0\0\0\0\0\0\0\0\0\0\0\0\0\0\0\0\0\0\0\0\0\0\0\0\0\0\0\0\0\0\0\0\0\0\0\0\0\0\0\0\0\0\0\0\0\0\0\0\0\0\0\0\0\0\0\0\0\0\0\0\0\0\0\0\0\0\0\0\0\0\0\0\0\0\0\0\0\0\0\0\0\0\0\0\0\0\0\0\0\0\0\0\0\0\0\0\0\0\0\0\0\0\0\0\0\0\0\0\0\0\0\0\0\0\0\0\0\0\0\0\0\0\0\0\0\0\0\0\0\0\0\0\0\0\0\0\0\0\0\0\0\0\0\0\0\0\0\0\0\0\0\0\0\0\0\0\0\0\0\0\0\0\0\0\0\0\0\0\0\0\0\0\0\0\0\0\0\0\0\0\0\0\0\0\0\0\0\0\0\0\0\0\0\0\0\0\0\0\0\0\0\0\0\0\0\0\0\0\0\0\0\0\0\0\0\0\0\0\0\0\0\0\0\0\0\0\0\0\0\0\0\0\0\0\0\0\0\0\0\0\0\0\0\0\0\0\0\0\0\0\0\0\0\0\0\0\0\0\0\0\0\0\0\0\0\0\0\0\0\0\0\0\0\0\0\0\0\0\0\0\0\0\0\0\0\0\0\0\0\0\0\0\0\0\0\0\0\0\0\0\0\0\0\0\0\0\0\0\0\0\0\0\0\0\0\0\0\0\0\0\0\0\0\0\0\0\0\0\0\0\0\0\0\0\0\0\0\0\0\0\0\0\0\0\0\0\0\0\0\0\0\0\0\0\0\0\0\0\0\0\0\0\0\0\0\0\0\0\0\0\0\0\0\0\0\0\0\0\0\0\0\0\0\0\0\0\0\0\0\0\0\0\0\0\0\0\0\0\0\0\0\0\0\0\0\0\0\0\0\0\0\0\0\0\0\0\0\0\0\0\0\0\0\0\0\0\0\0\0\0\0\0\0\0\0\0\0\0\0\0\0\0\0\0\0\0\0\0\0\0\0\0\0\0\0\0\0\0\0\0\0\0\0\0\0\0\0\0\0\0\0\0\0\0\0\0\0\0\0\0\0\0\0\0\0\0\0\0\0\0\0\0\0\0\0\0\0\0\0\0\0\0\0\0\0\0\0\0\0\0\0\0\0\0\0\0\0\0\0\0\0\0\0\0\0\0\0\0\0\0\0\0\0\0\0\0\0\0\0\0\0\0\0\0\0\0\0\0\0\0\0\0\0\0\0\0\0\0\0\0\0\0\0\0\0\0\0\0\0\0\0\0\0\0\0\0\0\0\0\0\0\0\0\0\0\0\0\0\0\0\0\0\0\0\0\0\0\0\0\0\0\0\0\0\0\0\0\0\0\0\0\0\0\0\0\0\0\0\0\0\0\0\0\0\0\0\0\0\0\0\0\0\0\0\0\0\0\0\0\0\0\0\0\0\0\0\0\0\0\0\0\0\0\0\0\0\0\0\0\0\0\0\0\0\0\0\0\0\0\0\0\0\0\0\0\0\0\0\0\0\0\0\0\0\0\0\0\0\0\0\0\0\0\0\0\0\0\0\0\0\0\0\0\0\0\0\0\0\0\0\0\0\0\0\0\0\0\0\0\0\0\0\0\0\0\0\0\0\0\0\0\0\0\0\0\0\0\0\0\0\0\0\0\0\0\02020:11:13 17:39:17\02020:11:13 17:39:17\0\0\0\0\0\0\0\0\0\0\0\Z\0\0\0\0\0\0\0\0\0\0\0\0(\0\0\0\0\0\0\0\0\0\0\0\0\0\0\0\0\0\0\01\0\0\0\0\0\0\0`\0\0\0\0\0\0`\0\0\0\\\0C\0		\n\r\Z\Z $.\' \",#(7),01444\'9=82<.342\\0C			\r\r2!!22222222222222222222222222222222222222222222222222\0\0\0!\0\\0\0\0\0\0\0\0\0\0\0\0	\n\\0\0\0\0}\0!1AQa\"q2#BR\$3br	\n\Z%&\'()*456789:CDEFGHIJSTUVWXYZcdefghijstuvwxyz\\\\\\\\\\\\\\\\\\\\\\\\\\\\\\0\0\0\0\0\0\0\0	\n\\0\0\0w\0!1AQaq\"2B	#3Rbr\\n$4\%\Z&\'()*56789:CDEFGHIJSTUVWXYZcdefghijstuvwxyz\\\\\\\\\\\\\\\\\\\\\\\\\\\\\0\0\0?\0\\9n7{\\ҕmKg\t1\(UQ\jkܪ+%R]\*.L%\9\5xO\OQ\0,\\)T4\NDr\~)Ե<$2>^\\=\nǶ:Msmu\\\\\\ޫes*0өf)ԃNU\EsԨt$^HJ\0+V\\i\ك,hWF\\x\\\\L߆\V,1\:a\\\:ȶ3\j\q3bocY;j\\\dP0*cy!ʵg:*IpH\'8&\KŚ}+\~Q\0\0ך\T\\MOR\yL\'..3=MP\\5MwB\n*ȟW\?	\\3	\\\#\¼\\K*[i涹A& \7\'ՙ\h\\0\Zq\\6\4Cd#~5\\$\u\-≏[yI_\5͉\+{J[v\*of#)Ǝ\\ )`\:\k\n\n+h\S\@ l+\iӌm\\94\fĹl\Z\`\j1-\7F\أstF\K\"\\Zfl\+x\\\d\O5\\S\'-RW\uV\7\5T~\Qb\G\[}3Ei\f+u.h\Du\r\'E\r\\\_\ߝe\8J>\/\&H\\u9\&rx\"WtmR.X\z&Ԏ\_گ\nuzW\\rRAyK\\Y>\8U\K~\\qsJ\\v\Ճ)\?CM!;32RWD2EX\\1\5xu\\0m<\Z+\Њ^*q0Ɇ\"ȯB\Ъ+4\{\\Zw=~x\0\\\3ؼ\y\vGw\]0`+N+DAҹgR\\H\,K@+%	;#\n/?|O\`\\1\\^>\nҍp+٭\XU\ܗ\QX\1XZ\"\?z\U\^\jkxSM_hu\,n\\臯\~uꧯp\2\w\ca1\Y\4iK1\%k\\<\0\k<5Rm>\&\\\4o7A\Eav9ԝ^kB\u?)\\%mNj\e\a+\a*\9N\Q\0:$tta%zفAV+[V_#xSPV\)ʈPG\9+\\<y\y\v<\I=Hx s<ֺN7bktQ1ui$Z=`(	ףi^\\'Y\\wC\\\>t\Zb+J$ש\N.uZ}\rƑi\7s$\]\\^-yt5gU\\K\P\08_\zyz\R9\\4\\>9\tVFڱOW\\\\7(\\^kh\U\}*h\!+\Tn0r\R\\<⹏Yye\;\\\J\C\\\0zV<W=\a\\ī\2\J\\3w0\\WV^}c]0̪$\0=ib\\^\[=1\AӔѪ\3E4\W>\\Z3R\Dp}j\<_\$y<>\O\\\L\((\\\rҼ/ނU\z3|2+\\_.\%#nO\^\rr\o05R&;\@8\\U\V\"Xt\ϢT8N\?i$p\\ІO16g^\\J\\5呝vv8\!5\ \\W^4\n;/\\\Z<gͦ\\v\o\\"/\	\'gz\˒NRH\\;4tzo\wl\\얧\[?:\\اL=v\\篖3\=I\<V\Z1+\\\n\\^3ZJr(YXK7 2*?\\~1dlZjCȓ\_O\.xJ\͊VJ]Qe*\ԕ\\'\|J?ٺfn\\ \0\ OzKL\90hj*o\{ʕU\LiPÿ\\2\2\\\jv}\\Uh=\nLPRrBd\&\M\'S\aavw	+Cubt^\\'>Po6\\}iB\\V.\\\ݱ#\խ\\̧\Tѕ+ǚ-\c{\v\s8U\t^02@29*ҕ\\~.\Z%y\~c\0R¸Z\$<.Yy\I\BfH\\*\*\HJ㨭\=\e{\\(:}k\<Qa\N\V[txåCGA\=\\\BUf\=zUTi\\^+u9\o$m\R\:c%%tTq\tƛL\\\\\`\e\V\0u\Y\$YNU\"zO\C*/|r*\dt욺\'.\y[ڊ\=\\\WHw\)\jY\\R\ݔ\:w\%\wL\\\v1\nұ\Cj++\E_\O\0zWc\\ \jhf\/Z\T]];8\\tO\\"(\\\i\}\\\󯟚Xߟ\\0uP\\:\Lo4[\-Y\Job]݊AZIhGQ\N#4N\7̶;8$\\nm&xaRׇ(33RWB<1]A-\\\\\^?oo.]\\0?\ֽ	C\g/v}͘\"EȪۣٝUX\.\Kw\è \sI\\\tMMLw1;\\1j>\\VSyJ9Cy\O5}宊\\ib碒nZڦ\:aOsÓQ$X5\"\vF12mȚ@&Es\ےD\rQ\+ͣjozq>\\\\$<Un!V\0\\s\zt,\\^\\F\H\C\\UFA\"\#lǏ@F~3J8u39E\w[wn6w\\@\+$Nʸowqc\E\o\?\\_]t*6\\WDg}7tT*r+O\֡[\\\\$ϯ(0W%\FQ\&!ZJE߈\cM[kPn4\.;\\\#\x\E\B>Z\9#&\;ˇk.$\\FXnޡI-^4\rvg\BT^\җ\\i\	51-\\U5ݎ\\\$Iڡ\Zkdo*|wBx\'\xk]G\K_m_\&&0«Oj#+3pMׇ\>ߥ\$,\ZHվYpGzb7m[\OI~ \0*1oଷL9[s\t֖-+qj\\'ڶ\l\\gf\ZWEȬ[f\/u[o֒&7gԜToz=\̲\9^q^%{\\.Z\\_.<\ {\Z\rS\b<9\k\Ǚpq\\.\\n+g*]ˍ/u\Og{1\\HH&Hǩ5\	(6\BL\ܚњ rWZ2o3j2Iƭ\{mqep3\f6\I\˝2뉭$1q\rxGx\3ҥ+I>\s:ԙU5fzi1+)d+{\ƤV;\V\Ϸ\t\'\ZmN*\\R(xO\\r\Z\\ySz	C\jN//Ȭ3q,F\\\FA5ݙ\Q]ÍI\\AɌd#\0V\uYksn@\lyR}\zyJ=W\y<9_FoM \\Eq\\\-!NqR\'^Of\Zj\7\kLO\0d\nmh\\=+z)֝6#lk\K\zu\ZQ\G\rW(\\0{\Wxs\Z\ۨm\a%YA\&::W\\k|\jB\\\\i&\r\Z<D?孩A\'\SZw1\\\F\\t\\[I\[7\n\\UH\=^,\ S\Ժ\7GK\~[?@eO\k\\DP\u=A͆w\ٓMڥa\\m\P\\EjwI\e\\-\W@JD\'<f\b67+\\H\\p\vhwڝ\Mm]آ\ʇ9\'=zQX\EE\\&\\u-\'\nb\s+V\v4m\0aҤkZU(]USy\T\\r#(K\Hr*.]*\#U\\\RBEx9^ٴm=i\cD\;z=c&\GN̕Z-KcT\\~\}>\\O\n\\~ֹ\C^\"Ż\\P㐭O\\~\Z8\J29C\\\|ڜK=N\ky$1\\N\3\\\0\O.\MI|\\A \u4eN1z?q\2_$Q\ܚm\z\-\K\Zfc_<Z\PIsI\Tee\i\%fׯZ\Nf%cV\W}m8$QTP8P\03u\_\"\{	\1xP\5J&\<9\ɩ++\*\0*\4$\ի]ië\zfe760iJJ1\d\]\\\fc\uW\ \\+\\E\<\\c\~\"hqYxC\f\\r6\:|α\t\\\v\|\0OvRF<\\ߑЩ^ۛ\\<Ai\YZ_\\~eA;.\Ν\'\Y5\#/zJ:;k\;\;\.PLR\\+?\$z0WX\bI\OqǨ>Br[\\!8\\YgԤS\X\\n\-\ıƉJ0\0\\nҾ\"U\\P\\h`8M]Hc\sZQ\[Uj=	<\\n+\Iv0\f2\"Ĺ=j)1\8X\I\ܫRe\޹ܙD\\©\1P;GOz\;Gu3cJ\ҏ:\'\\+\K\a=%\q^0\\0?wd\y\א?G\^Aeq\۩a+B+<\'\;`\Q./F	2I7:\1f\\pd\\N4c\?	ϙ\\'}\\il\HdV\a\\0\03\kO\'ī9W\ sT\cR\r<\08ǹkqry>\\Js\Urz$*H\kz\\\n(\f3\C\\B\"\j\'.fu/ur0?\Z@QJJړ\'}\nR\\^j8g524\\"\8c^\kR\ç\UQ]cb*\\Q^c{\\ ]G\t\\_\n?xz~\CM\^\NqMV\m+DQb.0n$>1\\\bX\\&\Z\\\*R5dhCd\0Ac\a\(\\\G&!Ңv%=ktQ\\bjƣF+\"\֦Zt2t\H\w񭣱3_k}jx{VQΉ| ?ִַl\~t2\Ƭ_\kʫ\rV\Ҵ!\]G=m\\Zba\\r\U=}FQŢ:*\\0\\0Ducky\0\0\0\0\0O\0\0\3\http://ns.adobe.com/xap/1.0/\0<?xpacket begin=\"﻿\" id=\"W5M0MpCehiHzreSzNTczkc9d\"?>\r\n<x:xmpmeta xmlns:x=\"adobe:ns:meta/\" x:xmptk=\"Adobe XMP Core 6.0-c002 79.164360, 2020/02/13-01:07:22        \">\r\n	<rdf:RDF xmlns:rdf=\"http://www.w3.org/1999/02/22-rdf-syntax-ns#\">\r\n		<rdf:Description rdf:about=\"\" xmlns:xmpMM=\"http://ns.adobe.com/xap/1.0/mm/\" xmlns:stRef=\"http://ns.adobe.com/xap/1.0/sType/ResourceRef#\" xmlns:xmp=\"http://ns.adobe.com/xap/1.0/\" xmpMM:OriginalDocumentID=\"xmp.did:c08d7c1e-2978-ad47-af47-3f39efe15c4b\" xmpMM:DocumentID=\"xmp.did:F5E2C330D75C11EA9F119BD3E3DFD3BF\" xmpMM:InstanceID=\"xmp.iid:F5E2C32FD75C11EA9F119BD3E3DFD3BF\" xmp:CreatorTool=\"Windows Photo Editor 10.0.10011.16384\">\r\n			<xmpMM:DerivedFrom stRef:instanceID=\"xmp.iid:c08d7c1e-2978-ad47-af47-3f39efe15c4b\" stRef:documentID=\"xmp.did:c08d7c1e-2978-ad47-af47-3f39efe15c4b\"/>\r\n			<xmp:CreateDate>2020-11-13T17:39:17.326</xmp:CreateDate></rdf:Description>\r\n	</rdf:RDF>\r\n</x:xmpmeta>\r\n                                                                                                    \n                                                                                                    \n                                                                                                    \n                                                                                                    \n                                                                                                    \n                                                                                                    \n                                                                                                    \n                                                                                                    \n                                                                                                    \n                                                                                                    \n                                                                                                    \n                                                                                                    \n                                                                                                    \n                                                                                                    \n                                                                                                    \n                                                                                                    \n                                                                                                    \n                                                                                                    \n                                                                                                    \n                                                                                                    \n                                                                                                    \n                                                                                                    \n                                                                                                    \n                                                                                                    \n                                                                                                    \n                                                                                                    \n                                                                                                    \n                                                                                                    \n                                                                                                    \n                                                                                                    \n                                                                                                    \n                                                                                                    \n                                                                                                    \n                                                                                                    \n                                                                                                    \n                                                                                                    \n                                                                                                    \n                                                                                                    \n                                                                                                    \n                                                                                                    \n                                                                                                    \n                                                                                                    \n                                                                                                    \n                                                                                                    \n                                                                                                    \n                                                                                                    \n                                                                                                    \n                                                                                                    \n                                                                                                    \n                                                                                                    \n                                                                                                    \n                                                                                                    \n                                                                                                    \n                                                                                                    \n                                                                                                    \n                                                                                                    \n                                                                                                    \n                                                                                                    \n                                                                                                    \n                                                                                                    \n                                                                                                    \n                                                                                                    \n                                                                                                    \n                                                                                                    \n                                                                                                    \n                                                                                                    \n                                                                                                    \n                                                                                                    \n                                                                                                    \n                                                                                                    \n                                                                                                    \n                                                                                                    \n                                                                                                    \n                                                                                                    \n                                                                                                    \n                                                                                                    \n                                                                                                    \n                                                                                                    \n                                                                                                    \n                                                                                                    \n                                                                                                    \n                                                                                                    \n                                                                                                    \n                                                                                                    \n                                                                                                    \n                                                                                                    \n                                                                                                    \n                                                                                                    \n                                                                                                    \n                                                                                                    \n                                                                                                    \n                                                                                                    \n                                                                                                    \n                                                                                                    \n                                                                                                    \n                                                                                                    \n                                                                                                    \n                                                                                                    \n                                                                                                    \n                                                                                                    \n                                                                                                    \n                                                                                                    \n                                                                                                    \n                                                                                                    \n                                                                                                    \n                                                                                                    \n                                                                                                    \n                                                                                                    \n                                                                                                    \n                                                                                                    \n                                                                                                    \n                                                                                                    \n                                                                                                    \n                                                                                                    \n                                                                                                    \n                                                                                                    \n                                                                                                    \n                                                                                                    \n                                                                                                    \n                                                                                                    \n                                                                                                    \n                                                                   <?xpacket end=\'w\'?>\\0C\0\n\n\n\r\r\\0C		\r\r\0\0\0\"\0\\0\0\0\0\0\0\0\0\0\0\0	\n\\0\0\0\0}\0!1AQa\"q2#BR\$3br	\n\Z%&\'()*456789:CDEFGHIJSTUVWXYZcdefghijstuvwxyz\\\\\\\\\\\\\\\\\\\\\\\\\\\\\\0\0\0\0\0\0\0\0	\n\\0\0\0w\0!1AQaq\"2B	#3Rbr\\n$4\%\Z&\'()*56789:CDEFGHIJSTUVWXYZcdefghijstuvwxyz\\\\\\\\\\\\\\\\\\\\\\\\\\\\\0\0\0?\0\\B9\e\05`\\z[:|\#޿]\w>b\٬\!nF\rX\g\O\Q_x8Ԫ}ס̰Q\RVe\&$iQ\\\n\\7:\V\B\S\\\\+`vlג\φYᶙ\\ʳa\\d\\0|\\k\\XW~\wQ\\Y\\W\Bk\<m\~\r#\\\+<I&}$c_8x\_<ld\\fX6G\l7\n;g\\Xvk9~\KOʔ~-=?\{O.M\m\\I\9\~\C\\mWJ\\|Bϛ5\\6\\$&r>|^E\\[\0fضvdq\|\\0	\h\\I\5P\\\ۺ\{\n0h\h\i_\\֝GNV^\\VteONEvO\")+ϸ!Xxo[\*pڅ/\z\rꠞ\_D9\\#\ztH}\N~\\8cx:s4{\U\;)\ߖ\~gIkEnmʊM51WRZY6=D\\?\n\.!nn\bH\\8I\\\rO6$\d\n̌^\\Z\:Ʌ\'!\־\\\n\pU\{O\p\׿\K^\>S7*sG{S\<Ek\\\r\JU\\\ފ\Z\Zj\W[>b#\\\!ú@q\foǴ(\i9urm޽q\|>aܨ5.m_[:}QYZ\@>^\o\{E\K\\>t8D\\~}@\\Li#h=\\\0}FW_\Z\A\cW\ьTy}&JyN׊#x\j7l~\G\\\UtMp\]ރ\d˟»M?\ڨW%ltcOEEY+#\|)t\M\6F\V\\\n*\hE\\:\\(\'#\O\;]<\;w>M6}9RI)~e$\\zjK\ck$\0\~-\Z\\^qhD#\T\'\>\Xò01_T\hSí\z1\)Nj\L>t\n\5\0~\2\4GcEz6\\Ы\\U)Ş\l%:\F4|S]\\kt8F?PK\c^\\0nO\ǁ51\\}\g\0\k\(P)\W\HVMI*aGֻ\riV\:?gj|\#~)\y\~}wȗҮ\\ãЫT>\\\y׀M)#\Ŕ\<-\\cq\\_e\\B\\\7\eOm3>\\Rk_\g2?)\2o b\\>2]|9<(,\\E.nBx:Dba\Rk,aQҦIݗ\xʰI^\讕Jk\:\\\N$}	fE!р*G짘\\B5d\wS\Ԥ\Hӷ27\0߅u\cƹFn>Zcd\ʥNy\_G^\+Wu\"\-kV\\׷zS\OW\~>h\i|\i$\6OЊ\̵5\25m\E\͓y\\\|\\+\t%*SV\̣\5\'D$\\zV\^\\y\իeE|Xɟ}\q_|j~f+ֵ6Vl\|e]\k\\n\\'۵ox\Z&%}8 nS׫a\\'\eZ;\4c\_\?Fgn\lǓ\``s\\^\o%Uy%\\?t{^=2Ŗ\󍀔\\\\}\"ZӔ\o\\Q\\0m.\\|\<kʷ+\ȍ6ysnڙѴ\#\{tf\0\0n8\}w\0g}x\`\O\\\0kk\\6_x g\\\7\WX\n`Hn\\0e\ݔͮmƓz~fEsA\'1^9z	Y\'i[{7}\\b)k{y3֮/$o\њާZ|?h{g\\7u\\\S\\\۶?\\>H@\}\\\\~2\\\+4\E8+4\Cp\W\	о\\\(\vۓ~?O\a\bVj\0Cȭ_Ϡ\0goګ\	gi\\H4p?~\`\N}\0\_6\\eF\\A\3\\+שe؉m9j\ݞdEh~³G\$i\\OVH\uz\\\+\\\vu*_xm\\-\R\W#\Q\ \W\D\㊃\k,+*mo\^\'`%,:\\Wp?\\\\8ޛM\nE)\\t\nVt}f>e8k\~;W\?V58)#F\\r2\\|\+\|l\;\\n~\\\\%\"x!\j]\nKW\Kȥai\,\deBbrX\=\\\(室9%e\\\\\a]\\V?by<ω>#2CahV1̓3\gэt?W[kh6\yF\c\ۖv\7|\\z\wu\Inɸ\*	!LrF\H؃]=\\\n\}\ASvws\O\nx=cNlg\?\\1+\|&\0~-x\+/۴?\o\' O	\Ns_Q\J\^r\O\C[o\O\2\n=ZGs Bb6\\'	\&C|ڶ\#ކ\\έΑ\Oba9\a\\j)P\Y\0^F9Ο4wZ\n\#΄\J\\o\0>\~#\hb\\qu\\n;o\5/\"Z\Bxzң=ӱ\n%4|\pk\x>2w\z]\\}#\:\.\#_\\\0\Z\?\\:t:rN~\\ܩ4\B\+C\\*4\\\\c,>\s\̞\V\2Q\s+D\0U\\:\0\\VUq\E~J	t?rͿV\F\-yp>\#ᜓ\\+CMԕ\"\p{\|Jn\\Vk\\pԌ\]5񶓸1\\\k\\|x\\/[\]iڥ;\^\30\\9c5G49Y\H?#_۟\0\(h!Yu_M]-\"\)\\\u~Jfx/_\O,:\\\[\nm5\.-KI\4\cI~\"\$W\7uk\\tfP\l̶vH\*ïPq\w\0mM6Y ?؄\Z-ՓL\pZw\K\\=\x\\-;\3M\\,AŪh\\ڶ0\]Y\$)BTی=HԍEx?~\R~\\:-\\\\\h\+c\אxsTK\Xf\\"dW۷Zm\i\ZBm?P\gdpA\r|\Yx\'R,n[7ok	9G\n+*K\0\'\\]O=.6_1\3\Q\Iwt97ϨU /\\A>0j~\\<Wiy%@ܻ\\\L\ʵ\\\ k\\\7v\\\cη\'\GB#\\\XLN\xk]Z\c/+4Ds`Þ͝ЍOg\\\\|SR\*յݨKkQ\9۽\m	j\L,C\{\\0|$n\v|\2z\\}T\Qmt<\n+\\Z\\zYL⨥؞\\	1Ec]_~\rʨ\zLAy:g\Z\7\j\E\}?ia~A\־h\cJm<^*\7Q\\gOn\5͒rZ;\8\\קON:SeFR\N\_{\Z\Z{(GּŚ<3y\\\&&\\)k\t{m=3X>1\\O7h\a~\?\\#2:5\>\|齙+x6o\0E\\lg3YH\m\\\k6G\",\+\\_,\"-w\,uv\0Ă\\\\wP\\a\\K\a኎\G\r\g\9\K\\Z\M#[\.\\}\X}G\<i@P\\\%ckzb}^>Y}[\\\[\,\ڱM+]52\k:\\sy\\0:\宛\þWk\:\-.\rWCԭ52Q;T=C\ ;\g<\ZtO\\\;QJնs\9W\>\g\^\fD\\u?2<g\&\,t_	\6\rxMqe\\?55\2ɱ4\\JWO\k\JD\\Vu^g\-ؒ4!pz\A:\y)U\\\Z\\T=\\^g05\c(U\Z>]VY#pFA\cĞ$iy& ݫih\\@l6+\w9}\o\2\x\t;#rH\>\ִbtg\Zz\74\j\\?\><.\#ǖn\<18\h\\\`9\!1\^	c%Ŕr\ےE؎+\+{\(߉4?\ѐT0\G~nL\>\^\"m\i]&\\\\\\\\buQٔY\\x??\=\\9\ᚿ̩\xĚ̾ӵ+\w;Kelҧ$=0{\_\0o?\nG\ZCo猅P\q\8QRKK9\6\\^\#\$b;\\sYK3mǠq\7\\0\SkԣVR\\y\jB\\'p.\\c\\\jL\DE\[\Z\'\e䝽5i՟ë\-Jqy#_M\&<\\\*\+ҰsF2=k!<(p0{I\\\/,4W|Ғk*Tڜ<{\\|O\\Z\\f\%C\\p+[CNxKV5\r\\є7\\\\\"Xc`Hz|\5\\\r2j?d+c\f\m\!Fv}\ޡv\~\a\_`+G^S\\K\0\<w%\Z\\?C\lu\0\$zW-|9tǁ\$\0\\#\le\r7↙qp\\\K8xn\\}{׸r\t\UG4?vN\\C֬cՆ\`AҽG+\k\6!Դ\\[\[5\rk1]A$Y#O\0\r xƶ`\AپY\0I\a熖\oU|\{\^\\z\m\\0B*h8\\Fc |t\c\-XM\\\0\\4|%մ{7Yjp14.}z}\Z){I}Ʒ!coquIkS\x%\\_\_ \55\~0\s> \R\\X\#C[]/\5\\!S\t\\=\r\\Z\I=:+^iۏ/h\\\GW\\ׇ|}}\h\\쨫\\\&s\(H<uڠ1_\^4\_\/x\\3[\\-\2ڿ\ \s==%\WZʷ\()P\]eX\\\\ҫ\,e\\O\\}ϒ\\r\\W\w^\{/c2\%h,\>:\\\:υ-X\rݼÆ1N(,\$r\\s\c\^aOSPĲ\0D^\rGck%\ǌ\[\Z\\0^@\᥊\T\Z+\v\+ʡROj\&\0b^kI}q\\0k}RK\\6\0\W\,]ʏ\y¦*\\66\G|oJ\\d>r\xb\7Ru\\0k޷RO2H@U\0^\r[\^g\n>_\nw\Auǵx\4ot\p3ֽ\z\3Hfm\`\\;\n\T9\\\\_q\'iY?\\\ue<;M\+\hpKY-KAA<洼]\0\61x\\Zf?\][+IU\k\/\3\]~,Xx\jt\V]Q\\0;\\R\\\<a\\\\#\-cE[w\|-}clA(d\F#]ŵ}{\yA\UmJ\nVϥ<MRI5jo\nm\\\~\\0?\\r\\tۍ\'\\yBa[]\|֦`|K\@\]\0\k9\v\I%z\0m/:\u\<wЮnd>\N=ʊ\Rΰ\VK\\0I?a\\jʳKY\\G\\Z\\\&ǒ3\.⻺1Ҽ*\0RjZc7mt$_l\_ah(\[lnt-n\Z,W+.\\8S\\1+Cqgrz}\\\\00\c0\\'<Dy#S\Z\~~dф;\'\\\r>\\q2}\*/\r\\\Y×Z\&*vF!x\}\_\0_|?$W+ΰ>m \e\0 \0tWҺ?\+8-m\ᰱm\\1h=@\0W_6\\v\G\K\?\\0:ҍW\|\?\n՚+߈\\\r3EjѤ\񯩴_6vv\kem\ZC(X\U\n>]\\\`WIo[Y\ɆA^UHcsI\'vۢG<ƞꖭ8\\OҊ}\np=\.<Ǚb[\XGnjZvZm\\$\1*ؙ\'y潊\:\Z#ׅ%~j6kv\\\V\K.\\iC6\0s\\h\f\*\cE\\\57\/Pw?\}\j_\>Dg\=*n\0\Z\\\Y*۩Ti(\Ԗ\]ᛑF2}\\tOO[\5p\!Z;x\\nr\Z\4)=V\9q\<lE7V\;\_\n\g|/\t\ݩBn\[0HQܿ/\.\'mw*\\_~(\\<\\=_)&jx\:\\\4b)#b.I!n+\xV:\beʖ_\cݡZN\`}Ϛu\ZȖ\\\F\\r\\N\0\bOc^\\s\G\(\Tz~e\\p\bk\/|5\0Wð\}k\_|7\ڽ^\\o31\Z\\RpP\0-Z޴#¾\~8ڥ\B+JL\U\nzn\'\oʙ>kӼ2*\V1\\p[؅\Sɮe£\\\0<}\i>\[i\#,\\\MmK5J\vi2O3_W˰\X)F7\\0\cĝJ\\\h^__j\I9\\'Yw5X)55\ڍ5E˧ݚ+\O\dq5o\\E\\rjfLY\EzT;}\~IM7h\0O\I5\x_?QR\pb\0(\0yW?\\0Z(\\0]J\\0λE\\f7\QEz\_?#\\\\6Ƴn\E~O\\+R\\}\袴R\n\05VO\Q^mOzܩEW1\'),(19,NULL),(20,NULL),(21,NULL);
/*!40000 ALTER TABLE `teste` ENABLE KEYS */;
UNLOCK TABLES;

--
-- Table structure for table `user`
--

DROP TABLE IF EXISTS `user`;
/*!40101 SET @saved_cs_client     = @@character_set_client */;
/*!50503 SET character_set_client = utf8mb4 */;
CREATE TABLE `user` (
  `idUser` int NOT NULL AUTO_INCREMENT,
  `username` varchar(45) NOT NULL,
  `password` varchar(45) NOT NULL,
  `name` varchar(100) NOT NULL,
  `nif` int NOT NULL,
  `email` varchar(75) NOT NULL,
  `idZipCode` varchar(10) NOT NULL,
  `idUserType` int NOT NULL,
  `image` varchar(45) DEFAULT 'person',
  PRIMARY KEY (`idUser`),
  KEY `user_userType_FK_idx` (`idUserType`),
  KEY `user_zipcode_FK_idx` (`idZipCode`),
  CONSTRAINT `user_userType_FK` FOREIGN KEY (`idUserType`) REFERENCES `usertype` (`idUserType`),
  CONSTRAINT `user_zipcode_FK` FOREIGN KEY (`idZipCode`) REFERENCES `zipcode` (`idZipCode`)
) ENGINE=InnoDB AUTO_INCREMENT=14 DEFAULT CHARSET=utf8mb4 COLLATE=utf8mb4_0900_ai_ci;
/*!40101 SET character_set_client = @saved_cs_client */;

--
-- Dumping data for table `user`
--

LOCK TABLES `user` WRITE;
/*!40000 ALTER TABLE `user` DISABLE KEYS */;
INSERT INTO `user` VALUES (2,'marquesantonio','12341234','António Marques',123123123,'marquesantonio@ipvc.pt','4400-843',1,'messi.jpg'),(3,'nelsoncampinho','12341234','Nelson Campinho',123123123,'nelsoncampinho@ipvc.pt','4400-843',1,'cristiano.jpg'),(4,'newuser','password','postmethod',0,'imapostmethod@test.pt','4400-843',1,'person'),(5,'marquesantonioregistered','password','António',123658596,'anto@ipvc.pt','1100-030',1,'person'),(6,'marquesantonioregistered','password','António',123658596,'anto@ipvc.pt','1100-030',1,'person'),(7,'marquesantonioregistered','password','António',123658596,'anto@ipvc.pt','1100-030',1,'person'),(8,'marquesantoni','password','dsadsas',232213113,'asasfasfasf@ipvc.pt','1100-030',1,'person'),(9,'nelson','password','Nelson Campinho',125412548,'nelscampinho@ipvc.pt','4400-843',1,'person'),(10,'marquesantonioadmin','12341234','António Admin',151515515,'admin@ipvc.pt','4400-843',2,'person'),(11,'newadmin','newadmin','newAdmin',235214254,'newadmin@ipvc.pt','4400-843',1,'person'),(12,'newnewadmin','newnewpassowrd','newAdmin2',123542521,'newnewadmin@ipvc.pt','1100-030',1,'person'),(13,'news','newdadada','new',233523523,'new@s.pt','1100-030',1,'person');
/*!40000 ALTER TABLE `user` ENABLE KEYS */;
UNLOCK TABLES;

--
-- Table structure for table `usertype`
--

DROP TABLE IF EXISTS `usertype`;
/*!40101 SET @saved_cs_client     = @@character_set_client */;
/*!50503 SET character_set_client = utf8mb4 */;
CREATE TABLE `usertype` (
  `idUserType` int NOT NULL AUTO_INCREMENT,
  `userTypeName` varchar(20) NOT NULL,
  PRIMARY KEY (`idUserType`)
) ENGINE=InnoDB AUTO_INCREMENT=3 DEFAULT CHARSET=utf8mb4 COLLATE=utf8mb4_0900_ai_ci;
/*!40101 SET character_set_client = @saved_cs_client */;

--
-- Dumping data for table `usertype`
--

LOCK TABLES `usertype` WRITE;
/*!40000 ALTER TABLE `usertype` DISABLE KEYS */;
INSERT INTO `usertype` VALUES (1,'user'),(2,'admin');
/*!40000 ALTER TABLE `usertype` ENABLE KEYS */;
UNLOCK TABLES;

--
-- Table structure for table `zipcode`
--

DROP TABLE IF EXISTS `zipcode`;
/*!40101 SET @saved_cs_client     = @@character_set_client */;
/*!50503 SET character_set_client = utf8mb4 */;
CREATE TABLE `zipcode` (
  `idZipCode` varchar(10) NOT NULL,
  `city` varchar(50) NOT NULL,
  PRIMARY KEY (`idZipCode`)
) ENGINE=InnoDB DEFAULT CHARSET=utf8mb4 COLLATE=utf8mb4_0900_ai_ci;
/*!40101 SET character_set_client = @saved_cs_client */;

--
-- Dumping data for table `zipcode`
--

LOCK TABLES `zipcode` WRITE;
/*!40000 ALTER TABLE `zipcode` DISABLE KEYS */;
INSERT INTO `zipcode` VALUES ('1100-030','Sé'),('4000-014','Porto'),('4400-843','Vila do Conde'),('4700-035','Braga'),('4740-647','Barcelos'),('4900-023','Viana do Castelo');
/*!40000 ALTER TABLE `zipcode` ENABLE KEYS */;
UNLOCK TABLES;
/*!40103 SET TIME_ZONE=@OLD_TIME_ZONE */;

/*!40101 SET SQL_MODE=@OLD_SQL_MODE */;
/*!40014 SET FOREIGN_KEY_CHECKS=@OLD_FOREIGN_KEY_CHECKS */;
/*!40014 SET UNIQUE_CHECKS=@OLD_UNIQUE_CHECKS */;
/*!40101 SET CHARACTER_SET_CLIENT=@OLD_CHARACTER_SET_CLIENT */;
/*!40101 SET CHARACTER_SET_RESULTS=@OLD_CHARACTER_SET_RESULTS */;
/*!40101 SET COLLATION_CONNECTION=@OLD_COLLATION_CONNECTION */;
/*!40111 SET SQL_NOTES=@OLD_SQL_NOTES */;

-- Dump completed on 2021-01-28 18:49:29
